npc_spawn_id,npc_id,coordinate_x,coordinate_y,coordinate_z,radius,direction
1,1385,2788,2786,0,2,West
2,1385,1748,5325,0,4,West
3,1385,2760,10064,0,4,West
4,1385,2442,10147,0,2,West
5,1385,2548,3569,0,4,West
6,1385,2479,3439,0,4,West
8,1385,3387,3270,0,2,West
9,1385,3429,3536,0,4,West
10,1385,2659,2675,0,4,West
11,1385,3099,3485,0,4,West
12,1597,2321,3670,0,0,West
15,1385,2875,5267,2,1,North
17,165,2329,3664,0,2,North
43,1589,2389,4692,0,2,North
44,1589,2382,4693,0,2,North
45,1589,2380,4689,0,2,North
46,1589,2376,4690,0,2,North
47,1589,2377,4696,0,2,North
48,1589,2373,4695,0,2,North
85,84,2535,9434,0,2,North
86,84,2526,9428,0,2,North
87,84,2527,9422,0,2,North
88,84,2533,9422,0,2,North
89,84,2535,9428,0,2,North
98,4353,2546,9429,0,2,North
99,4353,2549,9427,0,2,North
100,4353,2543,9424,0,2,North
101,4353,2539,9419,0,2,North
102,4353,2543,9416,0,2,North
103,4353,2553,9424,0,2,North
104,4353,2546,9418,0,2,North
105,4353,2549,9420,0,2,North
106,4353,2553,9418,0,2,North
107,4353,2550,9415,0,2,North
108,4353,2547,9412,0,2,North
109,4353,2543,9411,0,2,North
118,112,2540,9451,0,2,North
119,112,2545,9452,0,2,North
120,112,2552,9454,0,2,North
121,112,2539,9457,0,2,North
122,112,2545,9456,0,2,North
123,112,2551,9458,0,2,North
124,112,2547,9462,0,2,North
125,112,2544,9465,0,2,North
126,112,2540,9463,0,2,North
127,3068,3051,9551,0,2,North
128,3068,3046,9553,0,2,North
129,3068,3062,9550,0,2,North
130,3068,3066,9545,0,2,North
131,3068,3061,9541,0,2,North
132,3068,3056,9542,0,2,North
133,3068,3050,9544,0,2,North
134,3068,3046,9545,0,2,North
135,3068,3043,9541,0,2,North
136,3068,3035,9539,0,2,North
16,872,2591,3089,2,2,North
110,110,2333,9775,0,2,North
111,110,2337,9774,0,2,North
112,110,2342,9776,0,2,North
113,110,2340,9772,0,2,North
114,110,2349,9774,0,2,North
115,110,2354,9774,0,2,North
116,110,2352,9772,0,2,North
117,110,2355,9770,0,2,North
58,1592,2310,9774,0,2,North
59,1592,2315,9778,0,2,North
60,1592,2317,9774,0,2,North
61,1592,2321,9767,0,2,North
62,1592,2317,9761,0,2,North
63,1592,2322,9762,0,2,North
64,1591,2313,9752,0,2,North
65,1591,2316,9747,0,2,North
66,1591,2309,9742,0,2,North
67,1591,2312,9733,0,2,North
68,1591,2319,9735,0,2,North
69,1591,2325,9735,0,2,North
23,54,2330,9745,0,2,North
24,54,2336,9749,0,2,North
25,54,2335,9753,0,2,North
26,54,2338,9758,0,2,North
27,54,2343,9765,0,2,North
28,54,2344,9760,0,2,North
71,1590,2338,9732,0,2,North
72,1590,2346,9732,0,2,North
73,1590,2348,9741,0,2,North
91,83,2358,9739,0,2,North
92,83,2361,9742,0,2,North
93,83,2360,9754,0,2,North
94,83,2365,9752,0,2,North
95,83,2362,9749,0,2,North
96,83,2365,9762,0,2,North
97,83,2362,9769,0,2,North
77,49,2401,9784,0,2,North
78,49,2407,9785,0,2,North
79,49,2405,9782,0,2,North
80,49,2409,9781,0,2,North
81,49,2416,9777,0,2,North
82,49,2413,9776,0,2,North
83,49,2413,9772,0,2,North
29,55,2252,9739,0,2,North
30,55,2257,9742,0,2,North
31,55,2264,9742,0,2,North
32,55,2269,9746,0,2,North
33,55,2271,9752,0,2,North
18,53,2286,9740,0,2,North
19,53,2293,9741,0,2,North
20,53,2298,9743,0,2,North
21,53,2298,9749,0,2,North
22,53,3207,3842,0,2,North
34,1589,2254,9774,0,2,North
35,1589,2256,9778,0,2,North
36,1589,2260,9779,0,2,North
37,1589,2263,9782,0,2,North
38,1589,2268,9781,0,2,North
39,1589,2256,9770,0,2,North
40,1589,2259,9767,0,2,North
41,1589,2270,9776,0,2,North
42,1589,2268,9771,0,2,North
49,52,2298,9779,0,2,North
50,52,2295,9776,0,2,North
51,52,2293,9782,0,2,North
52,52,2288,9783,0,2,North
53,52,2281,9780,0,2,North
54,52,2281,9774,0,2,North
55,52,2299,9772,0,2,North
56,52,2276,9774,0,2,North
57,52,2276,9780,0,2,North
137,3068,3038,9544,0,2,North
149,111,3051,9575,0,2,North
159,125,3048,9583,0,2,North
169,122,3010,9579,0,2,North
178,123,3006,9594,0,2,North
191,185,2996,9571,0,2,North
202,1338,2487,10129,0,2,North
209,1338,2483,10164,0,2,North
217,1338,2465,10158,0,2,North
228,1118,2769,10092,0,2,North
241,1115,2778,10089,0,2,North
247,1106,2776,10066,0,2,North
257,1106,2773,10059,0,2,North
267,181,2793,10000,0,2,North
279,1183,2747,10024,0,2,North
288,117,2799,10035,0,2,North
309,549,2327,3666,0,0,South
329,1459,2788,2794,0,2,South
349,2591,2480,5163,0,2,South
361,2612,2483,5157,0,2,South
370,2612,2457,5160,0,2,South
382,2599,2468,5163,0,2,South
389,1156,3503,9525,2,2,South
399,1154,3464,9511,2,2,South
410,1156,3489,9490,2,2,South
422,1265,2338,3658,0,2,South
430,1265,2318,3657,0,2,South
439,90,2800,10018,0,2,South
449,124,3118,9974,0,2,North
460,124,2769,10033,0,2,North
470,103,2797,10015,0,2,North
481,5362,1739,5342,0,2,South-East
488,5362,1766,5336,0,2,North
499,112,2764,10003,0,2,North
508,2885,2527,10148,0,2,North
520,2892,2920,4434,0,0,North
530,4292,2843,3549,2,2,North
542,4292,2870,3546,2,2,North
552,1604,3441,3551,1,2,East
559,1618,3417,3566,1,2,East
572,2783,3414,3560,2,2,East
579,1613,3439,3567,2,2,East
589,1610,3437,3539,2,2,East
599,1643,3441,3557,1,2,East
609,1648,3417,3537,0,2,East
619,1648,3431,3570,0,2,East
629,1656,3419,3565,0,2,East
648,82,2633,9484,2,2,East
660,1592,2705,9445,0,2,East
672,1589,2718,9502,0,2,East
689,1593,2711,9516,0,2,East
702,112,2644,9488,0,2,East
709,90,3134,9909,0,2,East
722,82,3089,9940,0,2,East
730,63,3117,9956,0,2,East
741,117,3107,9832,0,2,East
750,73,3140,9910,0,2,East
760,181,3116,9926,0,2,East
771,181,3109,9934,0,2,East
782,52,2891,9787,0,2,North
810,119,2935,9761,0,2,North
832,127,2956,9794,0,2,North
840,108,2932,9755,0,2,North
850,134,2876,9810,0,2,North
861,941,3101,3686,0,2,West
871,941,3094,3816,0,2,West
882,64,2962,3920,0,2,West
888,111,2948,3917,0,2,West
898,125,2954,3862,0,2,West
909,183,3039,3950,0,2,West
921,127,3188,3961,0,2,West
928,119,3032,10310,0,2,West
942,110,3047,10345,0,2,West
949,134,3065,10254,0,2,West
958,172,2976,3563,0,2,West
968,90,3106,3544,0,2,West
978,82,2739,10015,0,2,North
997,84,2725,10010,0,2,North
1009,105,3008,3708,0,2,North
1016,178,3312,3764,0,2,North
1031,172,2972,3569,0,2,North
1042,103,2990,3741,0,2,North
1053,60,3175,3883,0,2,North
1058,83,3281,3879,0,2,North
1073,117,3097,3848,0,2,North
1080,122,3090,3753,0,2,North
1088,111,2966,3881,0,2,North
1098,125,2956,3875,0,2,North
1112,182,3041,3951,0,2,North
1129,107,3068,3833,0,2,North
1141,90,3008,3594,0,2,North
1150,90,3215,3731,0,2,North
1160,1612,3440,3543,0,2,North
1170,63,2841,9583,0,2,North
1178,6265,2869,5353,2,2,North
1188,912,3096,3930,0,2,South
1198,913,3109,3936,0,2,South
1208,6225,2839,5306,2,10,South
1218,6219,2890,5362,2,4,South
1230,6221,2906,5350,2,4,South
1241,6220,2936,5352,2,4,South
1253,6257,2915,5272,0,2,South
1260,6255,2920,5283,1,1,South
1271,6257,2922,5293,1,1,South
1279,6229,2836,5289,2,2,South
1289,6230,2868,5262,2,2,South
1300,6277,2854,5355,2,2,South
1310,6278,2835,5349,2,2,South
1320,6276,2840,5326,2,2,South
1329,6276,2840,5332,2,2,South
1340,1677,3548,9956,0,2,South
1351,2457,2503,10166,0,2,South
1359,2457,2523,10161,0,2,South
1369,5417,2505,10128,0,2,South
1382,1608,3478,9945,0,2,South
138,3068,3031,9545,0,2,North
150,111,3055,9577,0,2,North
158,125,3046,9580,0,2,North
167,122,3006,9579,0,2,North
182,185,2996,9579,0,2,North
189,185,2996,9575,0,2,North
201,175,3000,9544,0,2,North
211,1338,2473,10131,0,2,North
221,1338,2453,10162,0,2,North
231,1118,2760,10084,0,2,North
239,1115,2788,10082,0,2,North
681,110,2667,9768,0,2,East
987,4353,2706,10031,0,2,North
792,54,2346,9764,0,2,North
822,49,2417,9772,0,2,North
320,3309,2934,3275,0,2,South
800,55,2264,9756,0,2,North
1123,53,2295,9756,0,2,North
339,321,2608,3416,0,0,South
251,1106,2798,10058,0,2,North
261,181,2780,9999,0,2,North
270,1200,2721,10024,0,2,North
277,1183,2745,10026,0,2,North
290,117,2791,10030,0,2,North
302,2024,3565,3282,0,5,South
310,548,2329,3666,0,0,South
321,1459,2802,2790,0,2,South
354,2605,2469,5144,0,2,South
365,2612,2444,5145,0,2,South
374,2612,2455,5123,0,2,South
386,1156,3508,9525,2,2,South
393,1156,3466,9486,2,2,South
407,1156,3479,9480,2,2,South
414,1156,3499,9512,2,2,South
424,1265,2334,3655,0,2,South
437,90,2802,10014,0,2,South
445,124,3121,9996,0,2,North
457,124,2773,10029,0,2,North
464,124,2760,10033,0,2,North
474,103,2803,10023,0,2,North
485,5362,1774,5351,0,2,South-East
495,5363,1763,5337,1,2,South-East
504,2885,2505,10143,0,2,North
514,2892,2910,4464,0,0,North
527,2892,2901,4462,0,0,North
534,4291,2867,3542,2,2,North
547,1604,3417,3545,1,2,East
556,1604,3436,3550,1,2,East
566,1615,3425,3552,2,2,East
574,2783,3423,3567,2,2,East
587,1613,3445,3563,2,2,East
594,1610,3433,3547,2,2,East
606,1643,3435,3574,1,2,East
617,1648,3418,3550,0,2,East
626,1656,3412,3562,0,2,East
636,1593,2634,9588,2,2,East
644,82,2648,9478,2,2,East
657,1591,2737,9436,0,2,East
663,1590,2732,9490,0,2,East
675,1589,2702,9524,0,2,East
687,1593,2662,9517,0,2,East
695,112,2657,9576,0,2,East
704,90,3099,9906,0,2,East
716,677,3088,9961,0,2,East
725,93,3110,9957,0,2,East
735,117,3121,9844,0,2,East
744,117,3099,9830,0,2,East
757,73,3150,9887,0,2,East
765,181,3114,9925,0,2,East
776,181,3111,9938,0,2,East
786,84,2875,9776,0,2,North
796,178,2907,9711,0,2,North
807,119,2925,9766,0,2,North
816,78,2904,9831,0,2,North
823,49,2861,9838,0,2,North
837,190,2831,9808,0,2,North
844,134,2869,9816,0,2,North
854,90,2890,9847,0,2,North
866,941,3139,3701,0,2,West
875,941,3330,3675,0,2,West
887,111,2950,3925,0,2,West
897,125,2953,3867,0,2,West
903,111,2954,3896,0,2,West
913,183,3042,3956,0,2,West
924,4689,3045,10315,0,2,West
933,58,3024,10326,0,2,West
945,82,3011,3849,0,2,West
956,172,2984,3569,0,2,West
967,90,3108,3527,0,2,West
976,82,2745,10012,0,2,North
994,84,2722,10006,0,2,North
1004,204,3025,3696,0,2,North
1015,178,3054,3842,0,2,North
1030,172,2981,3564,0,2,North
1040,63,3056,3894,0,2,North
1051,59,2986,3690,0,2,North
1063,941,2985,3610,0,2,North
1070,941,3327,3686,0,2,North
1081,122,3098,3759,0,2,North
1091,111,2952,3896,0,2,North
1101,125,2974,3928,0,2,North
1111,112,3142,3822,0,2,North
1121,53,3189,3833,0,2,North
1131,107,3090,3839,0,2,North
1139,90,3021,3584,0,2,North
1148,90,3233,3747,0,2,North
1159,1612,3435,3564,0,2,North
1173,63,2835,9585,0,2,North
1179,1783,2323,3667,0,3,North
1190,914,3101,3941,0,2,South
1199,914,3102,3936,0,2,South
1213,6219,2929,5345,2,4,South
1220,6220,2925,5347,2,4,South
1229,6221,2924,5343,2,2,South
1240,6219,2932,5357,2,4,South
1250,6257,2913,5271,0,2,South
1262,6257,2922,5284,1,1,South
1273,6229,2863,5259,2,2,South
1281,6231,2843,5286,2,2,South
1293,6231,2841,5286,2,2,South
1301,6278,2854,5351,2,2,South
1311,6276,2837,5354,2,2,South
1322,6278,2836,5322,2,2,South
1330,6277,2840,5328,2,2,South
1342,1677,3556,9946,0,2,South
1350,78,3521,9932,0,2,South
1361,2457,2532,10161,0,2,South
1368,5417,2500,10125,0,2,South
1379,1608,3490,9945,0,2,South
139,3068,3026,9543,0,2,North
148,111,3063,9573,0,2,North
160,125,3051,9585,0,2,North
172,122,3016,9580,0,2,North
180,123,3002,9594,0,2,North
192,185,2993,9573,0,2,North
199,175,2999,9550,0,2,North
210,1338,2472,10138,0,2,North
220,1338,2459,10162,0,2,North
227,1118,2768,10101,0,2,North
240,1115,2785,10087,0,2,North
252,1106,2792,10058,0,2,North
259,1106,2768,10057,0,2,North
268,181,2789,9999,0,2,North
281,1183,2742,10031,0,2,North
292,117,2787,10032,0,2,North
297,905,2539,4717,0,3,North
307,2676,2318,3669,0,2,South
331,1459,2799,2791,0,2,South
350,2591,2482,5167,0,2,South
335,545,2933,3283,0,1,West
343,309,2607,3410,0,0,South
344,309,2607,3413,0,0,South
318,43,2924,3277,0,2,South
363,2612,2437,5125,0,2,South
371,2612,2443,5170,0,2,South
381,2612,2490,5175,0,2,South
391,1156,3467,9478,2,2,South
400,1154,3465,9501,2,2,South
412,1156,3479,9488,2,2,South
419,1265,2345,3658,0,2,South
432,1265,2312,3658,0,2,South
440,90,2801,10021,0,2,South
451,124,3124,9974,0,2,North
458,124,2772,10031,0,2,North
468,124,2764,10020,0,2,North
478,5362,1745,5339,0,2,South-East
490,5363,1780,5340,1,2,South-East
500,112,2761,10002,0,2,North
510,2885,2521,10148,0,2,North
518,2892,2930,4444,0,0,North
529,4291,2841,3545,2,2,North
539,4292,2859,3552,2,2,North
548,1604,3419,3540,1,2,East
562,1618,3424,3564,1,2,East
571,1615,3410,3550,2,2,East
578,1613,3440,3570,2,2,East
590,1610,3446,3538,2,2,East
602,1643,3432,3564,1,2,East
611,1648,3408,3534,0,2,East
620,1648,3434,3574,0,2,East
630,1656,3418,3571,0,2,East
650,82,2633,9505,2,2,East
658,1591,2717,9443,0,2,East
671,1589,2721,9517,0,2,East
678,53,2712,9523,0,2,East
692,112,2671,9545,0,2,East
699,112,2674,9541,0,2,East
711,90,3134,9905,0,2,East
720,82,3085,9936,0,2,East
732,63,3123,9956,0,2,East
739,117,3111,9832,0,2,East
748,112,3164,9878,0,2,East
759,73,3146,9883,0,2,East
768,181,3117,9930,0,2,East
778,52,2899,9765,0,2,North
788,84,2856,9779,0,2,North
812,491,2915,9845,0,2,North
821,49,2854,9847,0,2,North
830,127,2960,9775,0,2,North
838,190,2833,9814,0,2,North
848,134,2869,9799,0,2,North
858,90,2884,9811,0,2,North
870,941,3104,3816,0,2,West
879,941,3343,3708,0,2,West
889,111,2952,3912,0,2,West
902,111,2947,3897,0,2,West
910,183,3042,3951,0,2,West
920,127,3187,3959,0,2,West
932,119,3024,10312,0,2,West
951,134,3069,10258,0,2,West
959,90,3104,3571,0,2,West
970,78,3077,3954,0,2,West
981,82,2745,10007,0,2,North
991,54,2700,9995,0,2,North
998,84,2727,10004,0,2,North
1007,105,3099,3609,0,2,North
1014,178,3050,3847,0,2,North
1024,119,3236,3787,0,2,North
1035,63,3147,3731,0,2,North
1046,86,3246,3528,0,2,North
1055,60,3162,3880,0,2,North
1067,941,2975,3623,0,2,North
1075,49,3193,3916,0,2,North
1086,122,3073,3768,0,2,North
1097,125,2958,3866,0,2,North
1104,82,3085,3861,0,2,North
1116,108,3035,3580,0,2,North
1125,187,3281,3938,0,2,North
1137,90,3111,3566,0,2,North
1144,90,3146,3769,0,2,North
1155,1612,3439,3562,0,2,North
1165,82,2844,9557,0,2,North
1177,6263,2873,5356,2,2,North
1187,2,2514,3861,0,2,South
1195,913,3106,3923,0,2,South
1207,6227,2833,5304,2,10,South
1216,6219,2908,5347,2,4,South
1227,6221,2926,5348,2,4,South
1235,6220,2905,5354,2,4,South
1244,6219,2890,5357,2,4,South
1254,6255,2916,5270,0,2,South
1265,6257,2923,5288,1,1,South
1276,6229,2871,5263,2,2,South
1284,6231,2839,5273,2,2,South
1294,6229,2852,5266,2,2,South
1305,6276,2848,5348,2,2,South
1316,6278,2842,5343,2,2,South
1326,6276,2830,5317,2,2,South
1336,1677,3568,9952,0,2,South
1347,78,3532,9926,0,2,South
1356,2457,2512,10163,0,2,South
1366,2457,2540,10166,0,2,South
1374,5417,2530,10124,0,2,South
1384,1608,3498,9938,0,2,South
140,3068,3027,9553,0,2,North
147,111,3060,9570,0,2,North
162,125,3051,9588,0,2,North
168,122,3008,9579,0,2,North
181,185,2999,9581,0,2,North
188,185,2993,9576,0,2,North
197,175,2996,9547,0,2,North
207,1338,2488,10158,0,2,North
219,1338,2462,10163,0,2,North
232,1118,2760,10090,0,2,North
237,1115,2785,10073,0,2,North
249,1106,2800,10065,0,2,North
260,181,2794,9997,0,2,North
271,1200,2723,10023,0,2,North
282,1183,2745,10028,0,2,North
289,117,2792,10034,0,2,North
327,1459,2802,2786,0,2,South
347,2591,2478,5166,0,2,South
357,2605,2466,5141,0,2,South
367,2612,2461,5170,0,2,South
376,2612,2490,5159,0,2,South
383,2599,2461,5158,0,2,South
395,1154,3485,9525,2,2,South
403,1154,3486,9501,2,2,South
417,1157,3508,9492,2,2,South
423,1265,2337,3652,0,2,South
434,90,2808,10018,0,2,South
640,110,2352,9761,0,2,East
312,1304,2318,3689,0,3,North
941,110,2353,9757,0,2,West
802,55,2257,9754,0,2,North
337,322,2603,3426,0,0,South
317,43,2923,3282,0,2,South
447,124,3123,9988,0,2,North
456,124,2775,10032,0,2,North
466,124,2758,10024,0,2,North
473,103,2805,10018,0,2,North
484,5362,1772,5337,0,2,South-East
494,5363,1755,5325,1,2,South-East
506,2885,2512,10143,0,2,North
515,2892,2916,4464,0,0,North
524,2892,2903,4435,0,0,North
533,4292,2856,3537,2,2,North
544,4292,2854,3546,2,2,North
557,1618,3412,3574,1,2,East
565,1615,3427,3548,2,2,East
575,2783,3426,3571,2,2,East
584,1613,3436,3564,2,2,East
595,1643,3436,3568,1,2,East
607,1648,3422,3538,0,2,East
615,1648,3418,3545,0,2,East
624,1656,3424,3556,0,2,East
634,1612,3450,3536,0,2,East
646,82,2637,9478,2,2,East
656,1591,2724,9424,0,2,East
667,1591,2738,9452,0,2,East
673,1589,2707,9508,0,2,East
685,1593,2638,9534,0,2,East
696,112,2639,9582,0,2,East
703,90,3097,9909,0,2,East
714,90,3139,9877,0,2,East
727,63,3123,9951,0,2,East
736,117,3117,9843,0,2,East
746,112,3160,9903,0,2,East
756,73,3143,9833,0,2,East
764,181,3113,9927,0,2,East
775,181,3110,9941,0,2,East
783,52,2904,9798,0,2,North
794,54,2838,9824,0,2,North
805,181,2934,9846,0,2,North
814,78,2927,9830,0,2,North
825,82,2934,9795,0,2,North
834,190,2828,9809,0,2,North
843,134,2849,9817,0,2,North
853,90,2896,9849,0,2,North
863,941,3102,3711,0,2,West
874,941,3334,3697,0,2,West
886,64,2950,3934,0,2,West
896,125,2958,3879,0,2,West
907,183,3039,3956,0,2,West
916,127,3191,3962,0,2,West
926,4689,3044,10307,0,2,West
935,58,3022,10331,0,2,West
946,82,3011,3844,0,2,West
954,172,2976,3568,0,2,West
966,90,3065,3539,0,2,West
975,82,2742,10017,0,2,North
992,54,2695,9998,0,2,North
999,84,2721,10000,0,2,North
1012,178,3042,3856,0,2,North
1023,119,3252,3794,0,2,North
1033,172,2980,3575,0,2,North
1038,63,3183,3744,0,2,North
1048,59,2995,3684,0,2,North
1059,83,3283,3895,0,2,North
1071,117,3301,3664,0,2,North
1079,122,3094,3748,0,2,North
1089,111,2963,3890,0,2,North
1099,125,2947,3874,0,2,North
1108,112,3144,3804,0,2,North
1122,53,3214,3820,0,2,North
1132,107,3256,3953,0,2,North
1143,90,2962,3753,0,2,North
1152,186,3176,3572,0,2,North
1162,1612,3443,3537,0,2,North
1169,63,2838,9581,0,2,North
1182,20,2510,3874,0,2,South
1191,912,3108,3942,0,2,South
1200,912,3103,3931,0,2,South
1212,6252,2904,5268,0,10,South
1221,6220,2917,5342,2,4,South
1232,6221,2890,5353,2,4,South
1239,6219,2919,5339,2,4,South
1249,6256,2912,5269,0,2,South
1259,6257,2918,5282,1,1,South
1270,6256,2918,5290,1,1,South
1280,6230,2841,5290,2,2,South
1292,6230,2848,5277,2,2,South
1303,6277,2844,5356,2,2,South
1313,6278,2838,5358,2,2,South
1323,6276,2833,5325,2,2,South
1337,1677,3562,9947,0,2,South
1346,78,3537,9927,0,2,South
1354,2457,2508,10167,0,2,South
1367,2457,2536,10159,0,2,South
1376,5417,2540,10129,0,2,South
141,3068,3032,9551,0,2,North
151,111,3061,9578,0,2,North
161,125,3054,9591,0,2,North
171,122,3014,9579,0,2,North
179,123,3000,9594,0,2,North
190,185,2989,9572,0,2,North
200,175,2998,9547,0,2,North
212,1338,2466,10128,0,2,North
218,1338,2467,10162,0,2,North
229,1118,2768,10086,0,2,North
238,1115,2790,10076,0,2,North
248,1106,2800,10070,0,2,North
258,1106,2773,10055,0,2,North
272,1200,2725,10021,0,2,North
280,1183,2744,10024,0,2,North
291,117,2794,10039,0,2,North
308,550,2325,3667,0,0,East
328,1459,2789,2779,0,2,South
345,2591,2450,5146,0,2,South
355,2605,2473,5142,0,2,South
359,2605,2454,5152,0,2,South
373,2612,2438,5129,0,2,South
384,1156,3512,9520,2,2,South
394,1156,3470,9487,2,2,South
404,1156,3493,9476,2,2,South
415,1156,3498,9517,2,2,South
427,1265,2325,3658,0,2,South
433,1265,2311,3652,0,2,South
443,90,2800,10012,0,2,South
455,124,2777,10031,0,2,North
465,124,2758,10027,0,2,North
476,5362,1773,5357,0,2,South-East
486,5362,1778,5331,0,2,South-East
497,112,2762,10007,0,2,North
507,2885,2514,10149,0,2,North
517,2892,2929,4452,0,0,North
526,2892,2898,4454,0,0,North
535,4291,2852,3539,2,2,North
545,1604,3412,3551,1,2,East
554,1604,3435,3544,1,2,East
319,43,2926,3285,0,2,South
564,1615,3425,3558,2,2,East
573,2783,3417,3565,2,2,East
585,1613,3437,3559,2,2,East
597,1643,3434,3561,1,2,East
603,1643,3440,3571,1,2,East
613,1648,3412,3538,0,2,East
623,1648,3441,3570,0,2,East
637,1593,2635,9592,2,2,East
645,82,2643,9477,2,2,East
655,1591,2729,9419,0,2,East
664,1590,2741,9489,0,2,East
674,1589,2696,9508,0,2,East
686,1593,2657,9494,0,2,East
693,112,2658,9545,0,2,East
706,90,3132,9915,0,2,East
715,90,3135,9874,0,2,East
724,93,3107,9955,0,2,East
737,117,3144,9836,0,2,East
745,117,3100,9834,0,2,East
755,73,3139,9888,0,2,East
767,181,3120,9929,0,2,East
773,181,3105,9941,0,2,East
785,84,2861,9766,0,2,North
797,178,2899,9702,0,2,North
803,181,2937,9847,0,2,North
813,491,2919,9849,0,2,North
826,82,2929,9803,0,2,North
835,190,2825,9806,0,2,North
846,134,2858,9813,0,2,North
857,90,2882,9815,0,2,North
865,941,3131,3706,0,2,West
877,941,3341,3691,0,2,West
884,64,2959,3931,0,2,West
893,125,2952,3874,0,2,West
904,111,2951,3893,0,2,West
915,183,3040,3958,0,2,West
925,4689,3041,10319,0,2,West
937,58,3027,10344,0,2,West
943,110,3053,10338,0,2,West
955,172,2979,3572,0,2,West
964,90,3008,3594,0,2,West
974,78,3079,3960,0,2,West
1000,84,2725,9995,0,2,North
1011,105,3113,3695,0,2,North
1019,119,3028,3754,0,2,North
1029,192,3036,3640,0,2,North
1043,103,3111,3685,0,2,North
1052,60,3174,3892,0,2,North
1060,83,3297,3893,0,2,North
1069,941,3334,3686,0,2,North
1078,49,3201,3923,0,2,North
1093,111,2964,3931,0,2,North
1103,82,3014,3852,0,2,North
1110,112,3136,3813,0,2,North
1118,134,3313,3818,0,2,North
1128,187,3294,3933,0,2,North
1138,90,3101,3573,0,2,North
1151,90,2990,3937,0,2,North
1161,1612,3434,3559,0,2,North
1172,63,2845,9583,0,2,North
1180,587,2331,3666,0,0,South
1189,913,3096,3936,0,2,South
1202,6208,2927,5321,2,10,South
1210,6248,2896,5272,0,10,South
1222,6220,2887,5359,2,4,South
1233,6221,2892,5359,2,4,South
1243,6221,2897,5355,2,4,South
1251,6255,2914,5269,0,2,South
1263,6255,2921,5286,1,1,South
1269,6255,2920,5291,1,1,South
1282,6229,2835,5285,2,2,South
1291,6229,2839,5264,2,2,South
1299,6276,2852,5360,2,2,South
1308,6276,2840,5347,2,2,South
1318,6277,2840,5335,2,2,South
1328,6278,2828,5338,2,2,South
1341,1677,3550,9950,0,2,South
1348,78,3543,9930,0,2,South
1358,2457,2523,10166,0,2,South
1372,5417,2521,10123,0,2,South
1378,1608,3483,9944,0,2,South
142,3068,3035,9554,0,2,North
152,111,3064,9581,0,2,North
157,125,3044,9582,0,2,North
170,122,3012,9579,0,2,North
177,123,3008,9594,0,2,North
187,185,2990,9577,0,2,North
198,175,2997,9550,0,2,North
208,1338,2483,10164,0,2,North
222,1338,2452,10150,0,2,North
230,1118,2765,10081,0,2,North
242,1115,2782,10096,0,2,North
250,1106,2802,10061,0,2,North
262,181,2784,9998,0,2,North
269,1200,2726,10020,0,2,North
278,1183,2744,10030,0,2,North
287,117,2798,10031,0,2,North
311,520,2329,3670,0,2,West
322,1459,2793,2789,0,2,South
336,2620,2477,5146,0,2,West
348,2591,2475,5166,0,2,South
360,2612,2472,5148,0,2,South
368,2612,2466,5169,0,2,South
378,2612,2491,5172,0,2,South
388,1156,3467,9491,2,2,South
401,1154,3471,9501,2,2,South
409,1156,3495,9492,2,2,South
421,1265,2346,3652,0,2,South
431,1265,2316,3654,0,2,South
442,90,2795,10015,0,2,South
452,124,3120,9979,0,2,North
462,124,2762,10036,0,2,North
469,103,2791,10020,0,2,North
482,5362,1775,5323,0,2,South-East
492,5363,1783,5328,1,2,South-East
501,112,2757,10001,0,2,North
512,2885,2529,10141,0,2,North
522,2892,2914,4433,0,0,North
532,4292,2849,3550,2,2,North
541,4292,2861,3540,2,2,North
551,1604,3427,3544,1,2,East
560,1618,3417,3560,1,2,East
570,1615,3413,3552,2,2,East
582,1613,3435,3573,2,2,East
591,1610,3445,3546,2,2,East
600,1643,3440,3564,1,2,East
612,1648,3408,3537,0,2,East
622,1648,3439,3574,0,2,East
632,1612,3443,3553,0,2,East
649,82,2632,9490,2,2,East
661,1592,2713,9435,0,2,East
638,110,3051,10347,0,2,East
988,4353,2699,10025,0,2,North
342,952,2602,3415,0,0,South
668,677,2703,9484,0,2,East
688,1593,2667,9522,0,2,East
698,112,2680,9588,0,2,East
708,90,3132,9911,0,2,East
718,677,3095,9958,0,2,East
728,63,3125,9949,0,2,East
740,117,3106,9828,0,2,East
751,73,3147,9906,0,2,East
761,181,3118,9926,0,2,East
772,181,3105,9938,0,2,East
781,52,2894,9781,0,2,North
791,84,2858,9775,0,2,North
798,178,2915,9708,0,2,North
809,119,2935,9770,0,2,North
819,49,2865,9849,0,2,North
829,127,2966,9790,0,2,North
841,108,2934,9765,0,2,North
852,90,2900,9848,0,2,North
862,941,3106,3697,0,2,West
869,941,3166,3715,0,2,West
880,941,3338,3701,0,2,West
892,125,2951,3889,0,2,West
900,111,2982,3957,0,2,West
912,183,3043,3953,0,2,West
922,127,3194,3959,0,2,West
931,119,3028,10311,0,2,West
940,58,3041,10343,0,2,West
952,134,3068,10256,0,2,West
961,90,3108,3599,0,2,West
972,78,3073,3952,0,2,West
979,82,2739,10010,0,2,North
996,84,2720,10012,0,2,North
1006,202,3046,3696,0,2,North
1017,178,3311,3770,0,2,North
1027,192,3029,3626,0,2,North
1039,63,3071,3888,0,2,North
1050,59,2982,3683,0,2,North
1062,941,2985,3620,0,2,North
1072,117,3309,3660,0,2,North
1083,122,3096,3771,0,2,North
1092,111,2952,3933,0,2,North
1102,125,2950,3924,0,2,North
1109,112,3135,3806,0,2,North
1119,134,3306,3815,0,2,North
1133,107,3223,3946,0,2,North
1142,90,2991,3943,0,2,North
1153,186,3172,3578,0,2,North
1163,1612,3450,3536,0,2,North
1168,82,2837,9566,0,2,North
1181,3786,2661,2648,0,2,South
1193,914,3115,3931,0,2,South
1201,6203,2932,5323,2,10,South
1209,6247,2894,5263,0,10,South
1223,6220,2913,5360,2,4,South
1231,6221,2909,5354,2,4,South
1242,6220,2894,5362,2,4,South
1252,6256,2914,5267,0,2,South
1261,6256,2921,5282,1,1,South
1272,6255,2919,5294,1,1,South
1283,6230,2843,5282,2,2,South
1290,6231,2848,5261,2,2,South
1302,6276,2846,5358,2,2,South
1309,6277,2837,5345,2,2,South
1319,6278,2843,5330,2,2,South
1331,6278,2833,5322,2,2,South
1338,1677,3560,9958,0,2,South
1352,2457,2502,10160,0,2,South
1360,2457,2528,10164,0,2,South
1371,5417,2516,10128,0,2,South
1381,1608,3487,9930,0,2,South
143,111,3052,9582,0,2,North
155,125,3041,9577,0,2,North
166,122,3004,9579,0,2,North
174,123,3014,9594,0,2,North
185,185,2989,9581,0,2,North
193,185,2999,9573,0,2,North
206,1338,2482,10154,0,2,North
213,1338,2464,10134,0,2,North
223,1338,2451,10144,0,2,North
235,1115,2775,10082,0,2,North
244,1115,2780,10104,0,2,North
256,1106,2780,10055,0,2,North
264,181,2788,9992,0,2,North
274,1200,2731,10023,0,2,North
286,1183,2735,10032,0,2,North
293,117,2784,10036,0,2,North
325,1459,2801,2780,0,2,South
332,50,2272,4699,0,5,South
351,2591,2480,5170,0,2,South
362,2612,2468,5166,0,2,South
369,2612,2463,5163,0,2,South
379,2612,2488,5171,0,2,South
390,1156,3462,9480,2,2,South
398,1154,3472,9515,2,2,South
408,1156,3495,9500,2,2,South
418,1157,3513,9497,2,2,South
428,1265,2325,3655,0,2,South
438,90,2798,10015,0,2,South
448,124,3119,9988,0,2,North
459,124,2769,10031,0,2,North
471,103,2801,10013,0,2,North
480,5362,1738,5349,0,2,South-East
489,5362,1751,5340,0,2,North
502,112,2759,9998,0,2,North
511,2885,2523,10142,0,2,North
519,2892,2924,4435,0,0,North
528,4292,2841,3552,2,2,North
538,4291,2853,3552,2,2,North
549,1604,3424,3537,1,2,East
561,1618,3422,3560,1,2,East
569,1615,3414,3548,2,2,East
581,1613,3445,3573,2,2,East
588,1610,3439,3545,2,2,East
598,1643,3436,3557,1,2,East
608,1648,3421,3535,0,2,East
618,1648,3430,3573,0,2,East
628,1656,3410,3572,0,2,East
651,1593,2643,9505,2,2,East
659,1592,2729,9452,0,2,East
670,677,2727,9487,0,2,East
679,110,2653,9487,0,2,East
691,112,2678,9546,0,2,East
700,112,2645,9540,0,2,East
710,90,3132,9907,0,2,East
719,82,3089,9936,0,2,East
729,63,3126,9951,0,2,East
742,117,3107,9837,0,2,East
752,73,3143,9901,0,2,East
758,73,3150,9891,0,2,East
769,181,3114,9931,0,2,East
639,110,2351,9754,0,2,East
989,4353,2702,10029,0,2,North
341,952,2602,3412,0,0,South
315,43,2925,3289,0,2,South
780,52,2895,9771,0,2,North
789,84,2867,9773,0,2,North
811,491,2922,9833,0,2,North
820,49,2857,9850,0,2,North
828,127,2963,9781,0,2,North
842,108,2936,9777,0,2,North
849,134,2876,9803,0,2,North
859,941,3347,3686,0,2,West
872,941,3097,3812,0,2,West
878,941,3347,3702,0,2,West
891,125,2949,3897,0,2,West
899,111,2969,3948,0,2,West
908,183,3043,3950,0,2,West
918,127,3192,3958,0,2,West
929,119,3034,10314,0,2,West
938,58,3036,10343,0,2,West
950,134,3067,10254,0,2,West
962,90,3025,3591,0,2,West
969,78,3074,3958,0,2,West
982,82,2742,10004,0,2,North
1001,196,3038,3659,0,2,North
1010,105,3107,3703,0,2,North
1021,119,3070,3739,0,2,North
1026,192,3023,3623,0,2,North
1037,63,3162,3743,0,2,North
1045,103,3284,3665,0,2,North
1056,60,3161,3887,0,2,North
1064,941,2977,3607,0,2,North
1077,49,3192,3923,0,2,North
1087,122,3078,3753,0,2,North
1095,64,2970,3912,0,2,North
1107,2,2968,3741,0,2,North
1114,108,3045,3570,0,2,North
1127,187,3286,3929,0,2,North
1134,107,3232,3942,0,2,North
1145,90,3156,3772,0,2,North
1157,1612,3442,3546,0,2,North
1167,82,2836,9560,0,2,North
1174,63,2831,9585,0,2,North
1186,2,2514,3856,0,2,South
1197,912,3110,3930,0,2,South
1205,6222,2827,5300,2,10,South
1217,6219,2919,5347,2,4,South
1225,6221,2915,5344,2,4,South
1236,6219,2912,5358,2,4,South
1247,6220,2912,5354,2,4,South
1257,6255,2920,5281,1,1,South
1266,6255,2920,5288,1,1,South
1277,6230,2863,5271,2,2,South
1287,6231,2844,5262,2,2,South
1295,6230,2871,5260,2,2,South
1304,6278,2847,5352,2,2,South
1315,6277,2846,5340,2,2,South
1325,6278,2842,5320,2,2,South
1335,1677,3571,9956,0,2,South
1345,78,3555,9926,0,2,South
1355,2457,2505,10163,0,2,South
1364,2457,2544,10165,0,2,South
1373,5417,2526,10128,0,2,South
144,111,3058,9585,0,2,North
153,125,3048,9577,0,2,North
165,125,3041,9588,0,2,North
176,123,3010,9594,0,2,North
184,185,2991,9583,0,2,North
196,175,2995,9544,0,2,North
204,1338,2480,10142,0,2,North
215,1338,2459,10130,0,2,North
225,2882,2918,4452,0,2,North
234,1118,2768,10098,0,2,North
245,1115,2785,10100,0,2,North
253,1106,2789,10064,0,2,North
263,181,2785,9994,0,2,North
275,1200,2729,10025,0,2,North
283,1183,2732,10030,0,2,North
295,4289,2844,3539,2,1,North
324,1459,2796,2780,0,2,South
334,1158,3476,9497,0,5,South
353,2605,2461,5141,0,2,South
358,2605,2476,5152,0,2,South
372,2612,2441,5134,0,2,South
380,2612,2486,5169,0,2,South
392,1156,3468,9482,2,2,South
402,1154,3481,9501,2,2,South
411,1156,3483,9491,2,2,South
420,1265,2343,3654,0,2,South
429,1265,2321,3652,0,2,South
441,90,2794,10018,0,2,South
450,124,3120,9972,0,2,North
461,124,2766,10036,0,2,North
472,103,2799,10018,0,2,North
479,5362,1758,5335,0,2,South-East
491,5363,1782,5356,1,2,South-East
498,112,2758,10011,0,2,North
509,2885,2518,10144,0,2,North
521,2892,2928,4438,0,0,North
531,4291,2847,3545,2,2,North
540,4292,2873,3539,2,2,North
550,1604,3429,3540,1,2,East
558,1618,3411,3560,1,2,East
568,1615,3418,3550,2,2,East
580,1613,3446,3569,2,2,East
592,1610,3444,3550,2,2,East
601,1643,3432,3557,1,2,East
610,1648,3413,3534,0,2,East
621,1648,3436,3570,0,2,East
631,1612,3428,3564,0,2,East
641,110,2633,9553,2,2,East
652,1591,2719,9454,0,2,East
662,1591,2727,9438,0,2,East
669,677,2716,9482,0,2,East
680,110,2663,9482,0,2,East
690,1593,2712,9488,0,2,East
701,112,2638,9522,0,2,East
712,90,3139,9870,0,2,East
721,82,3085,9940,0,2,East
731,63,3120,9956,0,2,East
738,117,3118,9834,0,2,East
749,112,3168,9881,0,2,East
762,181,3117,9924,0,2,East
770,181,3111,9932,0,2,East
779,52,2893,9768,0,2,North
790,84,2863,9780,0,2,North
799,178,2892,9702,0,2,North
808,119,2921,9758,0,2,North
818,49,2869,9838,0,2,North
831,127,2954,9786,0,2,North
839,190,2837,9815,0,2,North
851,90,2907,9849,0,2,North
860,941,3110,3684,0,2,West
868,941,3159,3707,0,2,West
801,55,2250,9751,0,2,North
340,321,2605,3416,0,0,South
306,308,2597,3400,0,3,South
314,43,2922,3287,0,2,South
881,64,2968,3917,0,2,West
890,125,2952,3900,0,2,West
901,111,2951,3941,0,2,West
911,183,3040,3953,0,2,West
919,127,3190,3960,0,2,West
930,119,3028,10308,0,2,West
939,58,3038,10345,0,2,West
948,134,3067,10258,0,2,West
960,90,3102,3566,0,2,West
971,78,3082,3953,0,2,West
980,82,2742,10008,0,2,North
1002,196,3036,3673,0,2,North
1008,105,3102,3598,0,2,North
1018,119,3019,3746,0,2,North
1028,192,3036,3623,0,2,North
1034,63,3149,3735,0,2,North
1044,103,3102,3688,0,2,North
1054,60,3172,3878,0,2,North
1065,941,2978,3614,0,2,North
1076,49,3198,3914,0,2,North
1085,122,3081,3770,0,2,North
1094,64,2952,3912,0,2,North
1105,82,3092,3867,0,2,North
1115,108,3046,3575,0,2,North
1126,187,3285,3933,0,2,North
1135,107,3245,3945,0,2,North
1146,90,3267,3736,0,2,North
1156,1612,3441,3559,0,2,North
1164,82,2838,9553,0,2,North
1175,6260,2869,5364,2,2,North
1184,20,2514,3873,0,2,South
1196,914,3099,3926,0,2,South
1206,6223,2837,5299,2,10,South
1215,6219,2913,5338,2,4,South
1224,6220,2912,5350,2,4,South
1234,6220,2901,5357,2,4,South
1245,6219,2920,5351,2,4,South
1255,6256,2912,5265,0,1,South
1267,6256,2918,5287,1,1,South
1275,6231,2867,5266,2,2,South
1285,6229,2837,5269,2,2,South
1297,6277,2857,5350,2,2,South
1306,6277,2849,5344,2,2,South
1317,6276,2845,5335,2,2,South
1327,6277,2828,5332,2,2,South
1334,1677,3567,9959,0,2,South
1344,78,3552,9935,0,2,South
1353,2457,2507,10161,0,2,South
1365,2457,2546,10156,0,2,South
1375,5417,2533,10129,0,2,South
145,111,3055,9567,0,2,North
156,125,3041,9582,0,2,North
164,125,3046,9589,0,2,North
175,123,3012,9594,0,2,North
186,185,2987,9578,0,2,North
194,175,2995,9550,0,2,North
203,1338,2482,10126,0,2,North
214,1338,2460,10138,0,2,North
226,2883,2914,4445,0,2,North
233,1118,2765,10096,0,2,North
246,1106,2782,10065,0,2,North
255,1106,2781,10060,0,2,North
266,181,2790,9996,0,2,North
276,1183,2738,10033,0,2,North
285,1183,2739,10031,0,2,North
296,904,2508,4698,0,3,North
303,198,2318,3666,0,0,South
326,1459,2804,2783,0,2,South
333,2619,2446,5178,0,3,South
346,2591,2455,5141,0,2,South
356,2605,2465,5145,0,2,South
366,2612,2446,5141,0,2,South
377,2612,2489,5156,0,2,South
385,1156,3508,9517,2,2,South
396,1154,3474,9524,2,2,South
406,1156,3484,9476,2,2,South
413,1156,3493,9509,2,2,South
425,1265,2332,3659,0,2,South
436,90,2804,10017,0,2,South
446,124,3124,9993,0,2,North
454,124,2778,10033,0,2,North
467,124,2761,10023,0,2,North
475,5362,1753,5352,0,2,South-East
487,5362,1773,5362,0,2,South-East
493,5363,1767,5332,1,2,South-East
503,112,2764,9999,0,2,North
513,2892,2906,4463,0,0,North
525,2892,2898,4442,0,0,North
537,4291,2865,3552,2,2,North
543,4292,2873,3552,2,2,North
553,1604,3443,3544,1,2,East
563,1615,3430,3558,2,2,East
577,2783,3412,3572,2,2,East
583,1613,3433,3569,2,2,East
593,1610,3433,3551,2,2,East
604,1643,3446,3573,1,2,East
614,1648,3412,3548,0,2,East
625,1656,3419,3557,0,2,East
635,1593,2630,9584,2,2,East
643,110,2627,9535,2,2,East
653,1591,2702,9428,0,2,East
665,1590,2732,9481,0,2,East
684,1593,2644,9574,0,2,East
697,112,2677,9592,0,2,East
705,90,3102,9909,0,2,East
713,90,3142,9874,0,2,East
723,93,3105,9951,0,2,East
733,63,3122,9953,0,2,East
743,117,3110,9842,0,2,East
753,73,3146,9901,0,2,East
766,181,3109,9930,0,2,East
777,494,2339,3806,0,0,West
784,52,2910,9799,0,2,North
793,54,2831,9825,0,2,North
806,181,2930,9845,0,2,North
817,78,2911,9836,0,2,North
827,82,2932,9809,0,2,North
833,190,2826,9813,0,2,North
845,134,2857,9821,0,2,North
856,90,2883,9822,0,2,North
867,941,3147,3712,0,2,West
873,941,3332,3709,0,2,West
883,64,2961,3913,0,2,West
894,125,2945,3888,0,2,West
905,111,2947,3891,0,2,West
914,183,3043,3958,0,2,West
923,4689,3044,10319,0,2,West
936,58,3030,10339,0,2,West
944,82,3014,3852,0,2,West
957,172,2984,3562,0,2,West
965,90,3058,3528,0,2,West
977,82,2742,10013,0,2,North
677,53,2284,9749,0,2,East
316,43,2919,3289,0,1,South
995,84,2717,10008,0,2,North
1005,203,3038,3698,0,2,North
1020,119,3050,3759,0,2,North
1025,119,3248,3781,0,2,North
1036,63,3170,3738,0,2,North
1047,86,3242,3541,0,2,North
1057,60,3164,3893,0,2,North
1066,941,2972,3612,0,2,North
1074,117,3104,3876,0,2,North
1084,122,3087,3773,0,2,North
1096,125,2953,3860,0,2,North
1106,127,3191,3960,0,2,North
1117,108,3039,3575,0,2,North
1124,187,3279,3925,0,2,North
1136,90,3102,3561,0,2,North
1147,90,3251,3733,0,2,North
1154,186,3183,3579,0,2,North
1166,82,2833,9562,0,2,North
1176,6261,2868,5358,2,2,North
1185,2,2518,3858,0,2,South
1194,912,3112,3926,0,2,South
1204,6204,2921,5322,2,10,South
1214,6219,2925,5354,2,4,South
1226,6221,2916,5353,2,4,South
1237,6220,2923,5353,2,4,South
1246,6220,2919,5343,2,4,South
1256,6257,2918,5279,1,1,South
1264,6256,2919,5285,1,1,South
1274,6230,2859,5263,2,2,South
1286,6230,2841,5268,2,2,South
1296,6276,2858,5355,2,2,South
1307,6278,2844,5346,2,2,South
1314,6276,2841,5361,2,2,South
1324,6277,2834,5338,2,2,South
1333,1677,3563,9962,0,2,South
1343,78,3548,9933,0,2,South
1357,2457,2518,10163,0,2,South
1363,2457,2540,10161,0,2,South
1377,1608,3483,9939,0,2,South
1383,1608,3474,9944,0,2,South
146,111,3057,9571,0,2,North
154,125,3044,9575,0,2,North
163,125,3049,9591,0,2,North
173,123,3016,9594,0,2,North
183,185,2995,9582,0,2,North
195,175,2993,9546,0,2,North
205,1338,2489,10139,0,2,North
216,1338,2457,10156,0,2,North
224,2881,2910,4452,0,2,North
236,1115,2777,10074,0,2,North
243,1115,2774,10100,0,2,North
254,1106,2786,10059,0,2,North
265,181,2793,9993,0,2,North
273,1200,2728,10020,0,2,North
284,1183,2735,10030,0,2,North
294,117,2787,10038,0,2,North
313,553,2325,3669,0,0,East
323,1459,2792,2792,0,2,South
330,1459,2796,2791,0,2,South
352,2591,2451,5166,0,2,South
364,2612,2441,5141,0,2,South
375,2612,2457,5137,0,2,South
387,1156,3504,9520,2,2,South
397,1154,3494,9525,2,2,South
405,1156,3488,9476,2,2,South
416,1157,3505,9500,2,2,South
426,1265,2328,3651,0,2,South
435,90,2806,10020,0,2,South
444,90,2797,10019,0,2,South
453,124,2757,10030,0,2,North
463,124,2759,10036,0,2,North
477,5362,1759,5357,0,2,South-East
483,5362,1766,5326,0,2,South-East
496,112,2757,10006,0,2,North
505,2885,2507,10148,0,2,North
516,2892,2923,4462,0,0,North
523,2892,2907,4434,0,0,North
536,4291,2863,3547,2,2,North
546,1604,3413,3546,1,2,East
555,1604,3440,3548,1,2,East
567,1615,3422,3548,2,2,East
576,2783,3421,3573,2,2,East
586,1613,3441,3561,2,2,East
596,1643,3438,3561,1,2,East
605,1643,3445,3566,1,2,East
616,1648,3424,3544,0,2,East
627,1656,3411,3556,0,2,East
633,1612,3440,3543,0,2,East
647,82,2630,9478,2,2,East
654,1591,2708,9420,0,2,East
666,1591,2703,9457,0,2,East
683,1593,2675,9582,0,2,East
694,112,2660,9553,0,2,East
707,90,3134,9913,0,2,East
717,677,3083,9956,0,2,East
726,93,3104,9955,0,2,East
734,63,3127,9954,0,2,East
747,112,3158,9904,0,2,East
754,73,3140,9895,0,2,East
763,181,3112,9929,0,2,East
774,181,3106,9943,0,2,East
787,84,2869,9782,0,2,North
795,178,2892,9680,0,2,North
804,181,2930,9850,0,2,North
815,78,2914,9827,0,2,North
824,82,2933,9791,0,2,North
836,190,2829,9804,0,2,North
847,134,2858,9804,0,2,North
855,90,2883,9827,0,2,North
864,941,3114,3709,0,2,West
876,941,3340,3678,0,2,West
885,64,2957,3931,0,2,West
895,125,2957,3890,0,2,West
906,125,2978,3942,0,2,West
917,127,3194,3961,0,2,West
927,119,3035,10307,0,2,West
934,58,3028,10326,0,2,West
947,82,3016,3843,0,2,West
953,127,3188,3959,0,2,West
963,90,3013,3589,0,2,West
973,78,3079,3949,0,2,West
983,82,2739,10005,0,2,North
993,54,2702,10001,0,2,North
1003,196,3036,3682,0,2,North
1013,178,3055,3852,0,2,North
1022,119,3240,3798,0,2,North
1032,172,2987,3571,0,2,North
1041,103,2978,3741,0,2,North
1049,59,2988,3680,0,2,North
1061,83,3295,3878,0,2,North
1068,941,3324,3697,0,2,North
986,4353,2703,10022,0,2,North
676,53,2290,9754,0,2,East
338,322,2603,3423,0,0,South
1082,122,3093,3764,0,2,North
1090,111,2949,3887,0,2,North
1100,125,2961,3917,0,2,North
1113,182,3040,3958,0,2,North
1120,134,3306,3822,0,2,North
1130,107,3075,3834,0,2,North
1140,90,3020,3594,0,2,North
1149,90,3220,3747,0,2,North
1171,63,2848,9581,0,2,North
1183,20,2511,3871,0,2,South
1192,913,3115,3939,0,2,South
1203,6206,2925,5326,2,10,South
1211,6250,2898,5263,0,10,South
1219,6219,2895,5351,2,4,South
1228,6221,2920,5359,2,4,South
1238,6219,2916,5350,2,4,South
1248,6255,2911,5270,0,2,South
1258,6256,2921,5279,1,1,South
1268,6257,2923,5291,1,1,South
1278,6231,2854,5268,2,2,South
1288,6229,2849,5272,2,2,South
1298,6278,2856,5361,2,2,South
1312,6277,2833,5355,2,2,South
1321,6277,2837,5330,2,2,South
1332,6276,2836,5335,2,2,South
1339,1677,3555,9958,0,2,South
1349,78,3528,9932,0,2,South
1362,2457,2535,10165,0,2,South
1370,5417,2511,10125,0,2,South
1380,1608,3488,9937,0,2,South
1385,1552,2325,3672,0,0,South
1386,1042,3499,3474,0,3,South
1387,6034,3490,3472,0,2,South
1388,6028,3491,3477,0,2,South
1389,6026,3495,3473,0,2,South
1390,6043,3494,3475,0,2,South
1438,1465,2785,9108,0,2,West
1391,1069,2863,3578,0,0,North
1392,1862,3305,3212,0,2,North
1393,2292,3306,3110,0,2,North
1394,1972,2521,3496,0,2,North
1439,1465,2782,9110,0,2,West
301,1918,3302,3137,0,3,South
1440,1465,2761,9116,0,2,West
299,1807,2811,3672,0,3,East
1395,1810,2812,3680,0,3,South
1396,1808,2799,3659,0,3,South
1397,1806,2799,3671,0,4,South
1398,1816,2802,3669,0,3,South
1399,278,3207,3214,0,3,South
1441,1465,2763,9118,0,2,West
305,882,3203,3424,0,1,South
1401,1385,3234,9320,0,2,South
1402,1385,3215,3223,0,1,South
1403,1385,2707,3712,0,2,South
1404,1385,2508,3860,0,1,South
1405,1385,2461,3384,0,1,South
7,1385,2893,3539,0,4,West
1406,1385,3484,3490,0,2,South
1407,1385,3566,3318,0,2,South
1408,1385,3273,3155,0,2,South
1442,1465,2760,9119,0,2,West
1443,1465,2765,9120,0,2,West
1409,3155,3684,2954,0,2,South
1410,3079,3667,2982,0,2,South
1411,5616,3671,2978,0,2,South
1400,3155,3798,2873,0,2,South
1444,1465,2764,9122,0,2,West
304,1334,2509,3632,0,2,South
1412,1336,2509,3643,2,2,South
1445,1465,2800,9099,0,2,West
300,4511,2091,3931,0,3,West
1413,1385,2114,3915,0,1,West
1414,1385,2589,9412,0,1,West
1415,90,3157,3677,0,3,West
1416,90,3159,3682,0,3,West
1417,90,3161,3677,0,3,West
1418,90,3166,3682,0,3,West
1419,90,3169,3678,0,3,West
1420,90,3174,3681,0,3,West
1421,90,3174,3676,0,3,West
1422,90,3170,3671,0,3,West
1423,90,3164,3669,0,3,West
1424,90,3170,3665,0,3,West
1425,90,3176,3666,0,3,West
1426,90,3157,3670,0,2,West
1427,941,3152,3698,0,2,West
1428,267,2609,3149,0,2,West
1158,1612,3446,3549,0,6,North
1429,8349,2602,5712,0,5,West
1430,8349,2613,5727,0,5,West
1431,8349,2592,5727,0,5,West
1432,8133,2946,4381,0,6,West
1433,813,2741,3560,0,2,West
1434,1465,2786,9104,0,2,West
1435,1465,2789,9104,0,2,West
1436,1465,2788,9102,0,2,West
1437,1465,2789,9107,0,2,West
1446,1465,2800,9096,0,2,West
1447,1465,2803,9097,0,2,West
1448,1465,2804,9094,0,2,West
1449,1465,2806,9096,0,2,West
1450,1465,2808,9097,0,2,West
1451,1465,2808,9135,0,2,West
1452,1465,2808,9129,0,2,West
1453,1465,2806,9132,0,2,West
1454,1465,2803,9130,0,2,West
1455,1465,2747,9134,0,2,West
1456,1465,2743,9136,0,2,West
1457,1465,2739,9138,0,2,West
1458,1465,2750,9132,0,2,West
1459,1471,2710,9137,0,2,West
1460,1471,2707,9135,0,2,West
1461,1471,2710,9134,0,2,West
1462,1471,2713,9134,0,2,West
1463,1471,2715,9132,0,2,West
1464,1471,2715,9135,0,2,West
1465,1471,2715,9138,0,2,West
1466,1471,2709,9130,0,2,West
1467,1471,2712,9129,0,2,West
1468,1471,2742,9126,0,2,West
1469,1471,2739,9124,0,2,West
1470,1471,2742,9124,0,2,West
1471,1471,2743,9122,0,2,West
1472,1471,2741,9120,0,2,West
1473,1471,2738,9122,0,2,West
1474,1471,2711,9106,0,2,West
1475,1471,2708,9103,0,2,West
1476,1471,2705,9104,0,2,West
1477,1471,2707,9107,0,2,West
1478,1471,2705,9110,0,2,West
1479,1471,2707,9113,0,2,West
1480,1471,2709,9111,0,2,West
1481,1471,2709,9108,0,2,West
1482,1471,2712,9108,0,2,West
1483,1471,2743,9096,0,2,West
1484,1471,2741,9101,0,2,West
1485,1471,2745,9099,0,2,West
1486,1471,2746,9102,0,2,West
1487,1471,2744,9106,0,2,West
1488,1471,2741,9106,0,2,West
1489,1471,2742,9103,0,2,West
1490,1471,2745,9101,0,2,West
1491,322,3050,3704,0,0,North
682,110,2351,9768,0,2,East
1595,1610,2427,9735,0,2,South
1596,1610,2428,9738,0,2,South
642,110,2355,9768,0,2,East
90,83,2358,9735,0,2,North
1492,83,2362,9775,0,2,North
1493,1604,2373,9776,0,2,East
1494,1604,2371,9773,0,2,East
1495,1604,2372,9769,0,2,East
1496,1604,2375,9770,0,2,East
1497,1604,2382,9775,0,2,East
1498,1604,2387,9773,0,2,East
1499,1604,2383,9771,0,2,East
1500,1604,2387,9768,0,2,East
1501,1604,2392,9780,0,2,East
1502,1604,2398,9777,0,2,East
1503,1604,2396,9774,0,2,East
1504,1604,2403,9774,0,2,East
84,49,2417,9435,0,2,North
1505,1618,2414,9785,0,2,East
1506,1618,2416,9787,0,2,East
1507,1618,2418,9785,0,2,East
1508,1618,2423,9779,0,2,East
1509,1618,2424,9776,0,2,East
1510,1618,2425,9774,0,2,East
1511,1618,2431,9788,0,2,East
1512,1618,2434,9790,0,2,East
1513,1618,2436,9792,0,2,East
1514,1613,2417,9766,0,2,East
1515,1613,2417,9763,0,2,East
1516,1613,2419,9764,0,2,East
1517,1613,2421,9764,0,2,East
1518,1613,2417,9755,0,2,East
1519,1613,2421,9755,0,2,East
1520,1613,2423,9757,0,2,East
1521,1613,2424,9754,0,2,East
1522,1613,2402,9765,0,2,East
1523,1613,2406,9766,0,2,East
1524,1613,2409,9765,0,2,East
1525,1613,2408,9763,0,2,East
1526,1615,2415,9748,0,2,East
1527,1615,2419,9747,0,2,East
1528,1615,2416,9745,0,2,East
1529,1615,2407,9754,0,2,East
1530,1615,2403,9750,0,2,East
1531,1615,2407,9750,0,2,East
1532,1615,2407,9747,0,2,East
1533,1615,2401,9742,0,2,East
1534,1615,2402,9739,0,2,East
1535,1615,2394,9743,0,2,East
1536,1615,2394,9739,0,2,East
1537,5361,2396,9760,0,2,East
1538,5361,2398,9758,0,2,East
1539,5361,2395,9757,0,2,East
1540,5361,2397,9756,0,2,East
1541,5361,2392,9751,0,2,East
1542,5361,2389,9748,0,2,East
1543,5361,2386,9745,0,2,East
1544,5361,2385,9748,0,2,East
1545,5361,2382,9760,0,2,East
1546,5361,2386,9760,0,2,East
1547,5361,2388,9758,0,2,East
1548,5361,2384,9756,0,2,East
1549,4381,2376,9757,0,2,East
1550,4381,2377,9754,0,2,East
1551,4381,2377,9751,0,2,East
1552,4381,2373,9745,0,2,East
1553,4381,2371,9742,0,2,East
1554,4381,2374,9742,0,2,East
1555,1156,3717,5872,0,2,South
1556,1156,3720,5870,0,2,South
1557,1156,3723,5873,0,2,South
1558,1156,3717,5866,0,2,South
1559,1156,3720,5865,0,2,South
1560,1156,3723,5866,0,2,South
1561,1156,3768,5861,0,2,South
1562,1156,3765,5859,0,2,South
1563,1156,3762,5856,0,2,South
1564,1156,3762,5851,0,2,South
1565,1156,3766,5853,0,2,South
1566,1156,3768,5850,0,2,South
1567,1154,3749,5881,0,2,South
1568,1154,3754,5880,0,2,South
1569,1154,3759,5881,0,2,South
1570,1154,3754,5877,0,2,South
1571,1154,3759,5874,0,2,South
1572,1154,3754,5871,0,2,South
1573,1154,3749,5872,0,2,South
1574,1154,3755,5832,0,2,South
1575,1154,3760,5834,0,2,South
1576,1154,3764,5838,0,2,South
1577,1154,3767,5832,0,2,South
1578,1154,3763,5829,0,2,South
1579,1154,3760,5830,0,2,South
1580,1157,3719,5832,0,2,South
1581,1157,3725,5834,0,2,South
1582,1157,3721,5839,0,2,South
1583,1161,3739,5858,0,2,South
1584,1161,3741,5860,0,2,South
1585,1161,3743,5858,0,2,South
1586,1161,3741,5855,0,2,South
1587,1161,3739,5852,0,2,South
1588,1161,3743,5851,0,2,South
1589,1161,3740,5848,0,2,South
1590,1161,3744,5848,0,2,South
1591,1161,3737,5849,0,2,South
1592,1610,2419,9737,0,2,South
1593,1610,2421,9735,0,2,South
1594,1610,2424,9735,0,2,South
1597,1610,2428,9742,0,2,South
985,4353,2712,10030,0,2,North
984,4353,2708,10023,0,2,North
990,4353,2706,10026,0,2,North
1598,100494,3695,5811,0,0,North
1599,55,2278,9760,0,2,North
1600,3309,2935,3270,0,2,South
1601,3309,2931,3269,0,2,South
1602,3309,2928,3271,0,2,South
1603,4906,1651,3499,0,1,South
1604,106562,3050,9721,0,2,South
1605,7133,3095,5537,0,4,South
