npc_id,npc_time_death,animation_attack,animation_defend,animation_death,npc_speed_attack,npc_max_hit,npc_max_hit_poison,npc_trait_aggressive,npc_trait_retreats,npc_immunity_poison,npc_kill_reward_xp_slayer,player_required_level_slayer
3850,5,0,0,0,0,3,0,0,0,0,32,1
3851,5,422,424,2304,4,3,0,0,0,0,32,1
3914,5,422,424,2304,4,3,0,0,0,0,6,1
3915,5,422,424,2304,4,1,0,0,0,0,4,1
3939,5,422,424,2304,4,8,0,0,0,0,180,1
3940,5,422,424,2304,4,6,0,0,0,0,124,1
3941,5,0,0,0,0,4,0,0,0,0,42,1
3942,5,0,0,0,0,4,0,0,0,0,42,1
3943,5,422,424,2304,4,14,0,0,0,0,298,1
4228,5,0,0,0,0,5,0,0,0,0,122,1
4234,5,0,0,0,0,31,0,0,0,0,666,1
4257,5,422,424,2304,4,4,0,0,0,0,42,1
4258,5,422,424,2304,4,4,0,0,0,0,42,1
4259,5,422,424,2304,4,4,0,0,0,0,42,1
4260,5,422,424,2304,4,4,0,0,0,0,42,1
4261,5,6184,6183,6182,4,1,0,0,0,0,4,1
4262,5,6184,6183,6182,4,1,0,0,0,0,4,1
4263,5,6184,6183,6182,4,1,0,0,0,0,4,1
4264,5,6184,6183,6182,4,1,0,0,0,0,4,1
4265,5,6184,6183,6182,4,1,0,0,0,0,4,1
4266,5,6184,6183,6182,4,1,0,0,0,0,4,1
4267,5,6184,6183,6182,4,1,0,0,0,0,4,1
4268,5,6184,6183,6182,4,1,0,0,0,0,4,1
4269,5,6184,6183,6182,4,1,0,0,0,0,4,1
4270,5,6184,6183,6182,4,1,0,0,0,0,4,1
4271,5,6184,6183,6182,4,1,0,0,0,0,4,1
4272,5,6184,6183,6182,4,1,0,0,0,0,4,1
4273,5,6184,6183,6182,4,1,0,0,0,0,4,1
4274,5,6184,6183,6182,4,1,0,0,0,0,4,1
4275,5,6184,6183,6182,4,1,0,0,0,0,4,1
4276,5,6184,6183,6182,4,1,0,0,0,0,4,1
4278,5,451,424,2304,4,2,0,0,0,0,22,1
4280,5,451,424,2304,4,5,0,0,0,1,106,1
4281,5,451,424,2304,4,7,0,0,0,0,138,1
4282,5,451,424,2304,4,10,0,0,0,0,184,1
4283,5,7041,424,2304,4,12,0,0,0,0,226,1
4284,5,451,424,2304,4,14,0,0,0,0,276,1
4291,5,4652,4651,4653,4,8,0,0,0,0,112,1
4292,5,4652,4651,4653,4,8,0,0,0,0,112,1
4301,5,422,424,2304,4,4,0,0,0,0,42,1
4302,5,422,424,2304,4,4,0,0,0,0,42,1
4303,5,422,424,2304,4,4,0,0,0,0,42,1
4304,5,422,424,2304,4,4,0,0,0,0,42,1
4305,5,422,424,2304,4,4,0,0,0,0,42,1
4306,5,422,424,2304,4,4,0,0,0,0,42,1
4307,5,422,424,2304,4,4,0,0,0,0,42,1
4308,5,422,424,2304,4,4,0,0,0,0,42,1
4309,5,422,424,2304,4,4,0,0,0,0,42,1
4310,5,422,424,2304,4,4,0,0,0,0,42,1
4311,5,422,424,2304,4,4,0,0,0,0,42,1
4316,5,0,0,0,0,2,0,0,0,0,20,1
4328,5,0,0,0,0,0,0,0,0,0,0,1
4331,5,0,0,0,0,0,0,0,0,0,0,1
4332,5,422,424,2304,4,0,0,0,0,0,0,1
4333,5,422,424,2304,4,0,0,0,0,0,0,1
4334,5,422,424,2304,4,0,0,0,0,0,0,1
4335,5,422,424,2304,4,0,0,0,0,0,0,1
4336,5,422,424,2304,4,4,0,0,0,0,42,1
4343,5,422,424,2304,4,1,0,0,0,0,16,1
4344,5,422,424,2304,4,2,0,0,0,0,6,1
4345,5,422,424,2304,4,7,0,0,0,0,104,1
4347,5,422,424,2304,4,1,0,0,0,0,26,1
4348,5,422,424,2304,4,8,0,0,0,0,140,1
4349,5,422,424,2304,4,8,0,0,0,0,140,1
4350,5,422,424,2304,4,8,0,0,0,0,140,1
4351,5,422,424,2304,4,8,0,0,0,0,140,1
4352,5,422,424,2304,4,8,0,0,0,0,140,1
4363,5,0,0,0,0,2,0,0,0,0,6,1
4381,5,422,424,2304,4,8,0,0,0,0,150,1
4382,5,422,424,2304,4,8,0,0,0,0,150,1
4383,5,422,424,2304,4,8,0,0,0,0,150,1
4384,5,422,424,2304,4,2,0,0,0,0,26,1
4385,5,422,424,2304,4,2,0,0,0,0,26,1
4386,5,422,424,2304,4,2,0,0,0,0,26,1
4387,5,422,424,2304,4,2,0,0,0,0,38,1
4388,5,422,424,2304,4,2,0,0,0,0,38,1
4389,5,422,424,2304,4,1,0,0,0,0,56,1
4390,5,422,424,2304,4,1,0,0,0,0,56,1
4391,5,422,424,2304,4,1,0,0,0,0,56,1
4226,5,0,0,0,0,1,0,0,0,0,16,5
4227,5,0,0,0,0,5,0,0,0,0,74,25
4229,5,0,0,0,0,11,0,0,0,1,212,70
4230,5,0,0,0,0,8,0,0,0,0,248,85
4354,5,422,424,2304,4,9,0,0,0,0,160,58
4355,5,422,424,2304,4,9,0,0,0,0,160,58
4356,5,422,424,2304,4,9,0,0,0,0,160,58
4357,5,422,424,2304,4,9,0,0,0,0,160,58
4392,5,422,424,2304,4,2,0,0,0,0,26,1
4402,5,422,424,2304,4,2,0,0,0,0,28,1
4411,5,6184,6183,6182,4,1,0,0,0,0,4,1
4459,5,422,424,2304,4,12,0,0,0,0,214,1
4487,5,422,424,2304,4,1,0,0,0,0,4,1
4528,5,422,424,2304,4,10,0,0,0,0,222,1
4633,5,0,0,0,0,1,0,0,0,0,4,1
4649,5,0,0,0,0,15,0,0,0,0,220,1
4669,5,422,424,2304,4,14,0,0,0,0,304,1
4680,5,422,424,2304,4,8,0,0,0,0,158,1
4691,5,4652,4651,4653,4,4,0,0,0,0,56,1
4700,5,422,424,2304,4,9,0,0,0,0,184,1
4789,5,422,424,2304,4,0,0,0,0,0,128,1
4805,5,422,424,2304,4,11,0,0,0,0,210,1
4816,5,422,424,2304,4,11,0,0,0,0,210,1
4830,5,422,424,2304,4,11,0,0,0,0,210,1
4838,5,422,424,2304,4,11,0,0,0,0,210,1
4862,5,422,424,2304,4,0,0,0,0,0,0,1
4924,5,4933,4934,4935,4,3,0,0,0,0,6,1
4938,5,4933,4934,4935,4,0,0,0,0,0,90,1
4994,5,422,424,2304,4,4,0,0,0,0,42,1
5025,5,0,0,0,0,1,0,0,0,0,4,1
5174,5,422,424,2304,4,9,0,0,0,0,162,1
5188,5,422,424,2304,4,20,0,0,0,0,226,1
5252,5,422,424,2304,4,22,0,0,0,0,196,1
5295,5,422,424,2304,4,2,0,0,0,0,26,1
5308,5,422,424,2304,4,2,0,0,0,0,26,1
5317,5,422,424,2304,4,2,0,0,0,0,26,1
5324,5,422,424,2304,4,2,0,0,0,0,26,1
5336,5,422,424,2304,4,2,0,0,0,0,26,1
5348,5,422,424,2304,4,2,0,0,0,0,38,1
5358,5,422,424,2304,4,0,0,0,0,0,122,1
5370,5,422,424,2304,4,2,0,0,0,0,38,1
5377,5,422,424,2304,4,2,0,0,0,0,26,1
5390,5,422,424,2304,4,2,0,0,0,0,26,1
5399,5,422,424,2304,4,2,0,0,0,0,26,1
5412,5,422,424,2304,4,2,0,0,0,0,26,1
5452,5,422,424,2304,4,5,0,0,0,0,102,1
5489,5,0,0,0,0,4,0,0,0,0,42,1
5526,5,422,424,2304,4,17,0,0,0,0,164,1
5572,5,0,0,0,0,2,0,0,0,0,38,1
5622,5,0,0,0,0,1,0,0,0,0,10,1
5637,5,422,424,2304,4,6,0,0,0,0,114,1
5646,5,422,424,2304,4,6,0,0,0,0,114,1
5655,5,422,424,2304,4,6,0,0,0,0,114,1
5663,5,422,424,2304,4,6,0,0,0,0,114,1
5684,5,422,424,2304,4,2,0,0,0,0,80,1
5695,5,422,424,2304,4,2,0,0,0,0,80,1
5705,5,422,424,2304,4,2,0,0,0,0,80,1
5717,5,422,424,2304,4,2,0,0,0,0,80,1
5726,5,422,424,2304,4,2,0,0,0,0,80,1
5736,5,422,424,2304,4,2,0,0,0,0,80,1
5745,5,422,424,2304,4,2,0,0,0,0,80,1
5763,5,0,0,0,0,0,0,0,0,0,6,1
5800,5,422,424,2304,4,4,0,0,0,0,42,1
5849,5,422,424,2304,4,3,0,0,0,0,64,1
5878,5,0,0,0,0,0,0,0,0,0,6,1
5902,5,6318,6319,6322,4,18,0,0,0,0,686,1
5920,5,422,424,2304,4,4,0,0,0,0,42,1
5996,5,422,424,2304,4,24,0,0,0,0,276,1
6012,5,422,424,2304,4,8,0,0,0,0,176,1
6022,5,422,424,2304,4,8,0,0,0,0,176,1
6078,5,422,424,2304,4,8,0,0,0,0,112,1
6095,5,422,424,2304,4,2,0,0,0,0,38,1
6208,5,7033,65,67,5,16,0,0,0,0,302,1
6232,5,6953,6955,6956,4,0,0,0,0,0,138,1
8,5,422,424,2304,4,23,0,0,0,0,32,1
19,5,422,424,2304,4,6,0,0,0,0,72,1
26,5,422,424,2304,4,6,0,0,0,0,92,1
51,5,25,26,28,4,5,0,0,0,0,96,1
67,5,190,193,196,4,1,0,0,0,0,120,1
75,5,299,300,302,4,2,0,0,0,0,26,1
100,5,6184,6183,6182,4,1,0,0,0,0,4,1
107,5,246,247,248,4,2,0,0,0,0,28,1
118,5,99,100,102,4,2,0,0,0,0,20,1
128,5,275,276,278,4,1,0,0,0,0,16,1
144,5,246,247,248,4,4,0,0,0,0,64,1
174,5,711,1834,836,4,6,0,0,0,0,14,1
186,5,422,424,2304,4,2,0,0,0,0,20,1
196,5,422,424,2304,4,0,0,0,0,0,56,1
206,5,99,100,102,4,4,0,0,0,0,42,1
257,5,422,424,2304,4,0,0,0,0,0,76,1
288,5,0,0,0,0,1,0,0,0,0,2,1
344,5,0,0,0,0,4,0,0,0,0,42,1
6247,5,6964,6966,6965,4,31,0,1,0,1,1192,1
6261,4,6154,6155,6156,4,15,0,1,0,0,282,1
242,5,390,388,2304,5,10,0,1,0,0,0,1
4393,5,422,424,2304,4,2,0,0,0,0,26,1
4404,5,422,424,2304,4,2,0,0,0,0,24,1
4414,5,422,424,2304,4,2,0,0,0,0,22,1
4471,5,422,424,2304,4,0,0,0,0,0,28,1
4484,5,422,424,2304,4,1,0,0,0,0,4,1
4500,5,422,424,2304,4,1,0,0,0,0,196,1
4552,5,422,424,2304,4,4,0,0,0,0,74,1
4660,5,422,424,2304,4,6,0,0,0,0,14,1
4671,5,422,424,2304,4,14,0,0,0,0,304,1
4684,5,422,424,2304,4,50,0,0,0,0,222,1
4693,5,4652,4651,4653,4,4,0,0,0,0,56,1
4702,5,422,424,2304,4,18,0,0,0,0,0,1
4776,5,422,424,2304,4,5,0,0,0,0,100,1
4796,5,0,0,0,0,0,0,0,0,0,0,1
4820,5,422,424,2304,4,11,0,0,0,0,210,1
4831,5,422,424,2304,4,11,0,0,0,0,210,1
4840,5,422,424,2304,4,11,0,0,0,0,210,1
4851,5,422,424,2304,4,11,0,0,0,0,210,1
4921,5,422,424,2304,4,0,0,0,0,0,152,1
4931,5,422,424,2304,4,4,0,0,0,0,46,1
4943,5,4933,4934,4935,4,3,0,0,0,0,6,1
4997,5,422,424,2304,4,4,0,0,0,0,42,1
5144,5,422,424,2304,4,5,0,0,0,0,130,1
5181,5,422,424,2304,4,20,0,0,0,0,226,1
5196,5,0,0,0,0,6,0,0,0,0,18,1
5255,5,422,424,2304,4,22,0,0,0,0,196,1
5300,5,422,424,2304,4,2,0,0,0,0,26,1
5310,5,422,424,2304,4,2,0,0,0,0,26,1
5320,5,422,424,2304,4,2,0,0,0,0,26,1
5329,5,422,424,2304,4,2,0,0,0,0,26,1
5333,5,422,424,2304,4,2,0,0,0,0,26,1
5343,5,422,424,2304,4,2,0,0,0,0,38,1
5356,5,422,424,2304,4,0,0,0,0,0,122,1
5366,5,422,424,2304,4,2,0,0,0,0,26,1
5378,5,422,424,2304,4,2,0,0,0,0,26,1
5389,5,422,424,2304,4,2,0,0,0,0,26,1
5400,5,422,424,2304,4,2,0,0,0,0,26,1
5410,5,422,424,2304,4,2,0,0,0,0,26,1
5454,5,422,424,2304,4,5,0,0,0,0,102,1
5472,5,422,424,2304,4,25,0,0,0,0,244,1
5517,5,422,424,2304,4,11,0,0,0,0,230,1
5564,5,422,424,2304,4,15,0,0,0,0,320,1
5610,5,0,0,0,0,1,0,0,0,0,10,1
5630,5,422,424,2304,4,6,0,0,0,0,114,1
5641,5,422,424,2304,4,6,0,0,0,0,114,1
5650,5,422,424,2304,4,6,0,0,0,0,114,1
5659,5,422,424,2304,4,6,0,0,0,0,114,1
5679,5,422,424,2304,4,2,0,0,0,0,80,1
5689,5,422,424,2304,4,2,0,0,0,0,80,1
5696,5,422,424,2304,4,2,0,0,0,0,80,1
5706,5,422,424,2304,4,2,0,0,0,0,80,1
5720,5,422,424,2304,4,2,0,0,0,0,80,1
5730,5,422,424,2304,4,2,0,0,0,0,80,1
5740,5,422,424,2304,4,2,0,0,0,0,80,1
5752,5,0,0,0,0,0,0,0,0,0,6,1
5761,5,0,0,0,0,0,0,0,0,0,6,1
5785,5,0,0,0,0,0,0,0,0,0,6,1
5848,5,422,424,2304,4,3,0,0,0,0,64,1
5876,5,0,0,0,0,0,0,0,0,0,6,1
5905,5,6342,6343,6344,4,8,0,0,0,0,216,1
5929,5,422,424,2304,4,23,0,0,0,0,32,1
6008,5,422,424,2304,4,8,0,0,0,0,176,1
6018,5,422,424,2304,4,8,0,0,0,0,176,1
6047,5,422,424,2304,4,2,0,0,0,0,22,1
6087,5,422,424,2304,4,8,0,0,0,0,166,1
6099,5,422,424,2304,4,2,0,0,0,0,26,1
6239,5,6955,6953,6956,4,0,0,0,0,0,138,1
4,5,422,1834,836,4,1,0,0,0,0,4,1
16,5,422,424,2304,4,1,0,0,0,0,4,1
25,5,422,424,2304,4,1,0,0,0,0,4,1
53,5,91,89,92,4,14,0,0,0,0,304,1
68,5,190,193,196,4,1,0,0,0,0,120,1
73,5,5581,5579,5569,4,2,0,0,0,0,26,1
86,5,4933,4934,4935,4,3,0,0,0,0,6,1
99,5,75,76,78,4,5,0,0,0,0,88,1
115,5,359,360,361,4,7,0,0,0,0,106,1
141,5,75,76,78,4,7,0,0,0,0,146,1
170,5,422,424,2304,4,1,0,0,0,0,4,1
193,5,422,424,2304,4,5,0,0,0,0,74,1
221,5,128,129,131,4,15,0,0,0,0,240,1
256,5,422,424,2304,4,0,0,0,0,0,76,1
274,5,422,424,2304,4,6,0,0,0,0,90,1
125,4,451,404,843,4,6,0,0,0,0,114,1
6222,5,6977,6974,6975,5,71,0,1,0,0,1160,1
244,5,401,1156,2304,5,10,0,0,0,0,0,1
6277,6,4320,4322,4321,4,11,0,0,0,0,230,68
6250,3,7018,7017,7016,5,16,0,1,0,0,278,1
4394,5,422,424,2304,4,2,0,0,0,0,26,1
4405,5,422,424,2304,4,2,0,0,0,0,24,1
4412,5,6184,6183,6182,4,1,0,0,0,0,4,1
4470,5,422,424,2304,4,0,0,0,0,0,28,1
4480,5,422,424,2304,4,1,0,0,0,0,4,1
4490,5,422,424,2304,4,1,0,0,0,0,4,1
4530,5,422,424,2304,4,10,0,0,0,0,222,1
4635,5,0,0,0,0,1,0,0,0,0,4,1
4666,5,422,424,2304,4,5,0,0,0,0,96,1
4676,5,422,424,2304,4,21,0,0,0,0,454,1
4686,5,422,424,2304,4,7,0,0,0,0,106,1
4696,5,422,424,2304,4,8,0,0,0,0,164,1
4706,5,422,424,2304,4,14,0,0,0,0,168,1
4793,5,422,424,2304,4,0,0,0,0,0,0,1
4814,5,422,424,2304,4,11,0,0,0,0,210,1
4824,5,422,424,2304,4,11,0,0,0,0,210,1
4835,5,422,424,2304,4,11,0,0,0,0,210,1
4842,5,422,424,2304,4,11,0,0,0,0,210,1
4920,5,422,424,2304,4,0,0,0,0,0,152,1
4928,5,422,424,2304,4,0,0,0,0,0,24,1
4933,5,422,424,2304,4,4,0,0,0,0,46,1
4944,5,4933,4934,4935,4,3,0,0,0,0,6,1
4998,5,422,424,2304,4,4,0,0,0,0,42,1
5168,5,422,424,2304,4,2,0,0,0,0,4,1
5184,5,422,424,2304,4,20,0,0,0,0,226,1
5197,5,0,0,0,0,6,0,0,0,0,18,1
5256,5,422,424,2304,4,22,0,0,0,0,196,1
5305,5,422,424,2304,4,2,0,0,0,0,26,1
5312,5,422,424,2304,4,2,0,0,0,0,26,1
5328,5,422,424,2304,4,2,0,0,0,0,26,1
5338,5,422,424,2304,4,2,0,0,0,0,26,1
5346,5,422,424,2304,4,2,0,0,0,0,38,1
5354,5,422,424,2304,4,0,0,0,0,0,122,1
5368,5,422,424,2304,4,2,0,0,0,0,26,1
5380,5,422,424,2304,4,2,0,0,0,0,26,1
5392,5,422,424,2304,4,2,0,0,0,0,26,1
5401,5,422,424,2304,4,2,0,0,0,0,26,1
5411,5,422,424,2304,4,2,0,0,0,0,26,1
5421,5,422,424,2304,4,9,0,0,0,0,138,1
5475,5,422,424,2304,4,17,0,0,0,0,164,1
5527,5,422,424,2304,4,17,0,0,0,0,164,1
5593,5,422,424,2304,4,10,0,0,0,0,206,1
5621,5,0,0,0,0,1,0,0,0,0,10,1
5632,5,422,424,2304,4,6,0,0,0,0,114,1
5645,5,422,424,2304,4,6,0,0,0,0,114,1
5658,5,422,424,2304,4,6,0,0,0,0,114,1
5681,5,422,424,2304,4,2,0,0,0,0,80,1
5685,5,422,424,2304,4,2,0,0,0,0,80,1
5701,5,422,424,2304,4,2,0,0,0,0,80,1
5711,5,422,424,2304,4,2,0,0,0,0,80,1
5714,5,422,424,2304,4,2,0,0,0,0,80,1
5729,5,422,424,2304,4,2,0,0,0,0,80,1
5741,5,422,424,2304,4,2,0,0,0,0,80,1
5747,5,422,424,2304,4,2,0,0,0,0,80,1
5760,5,0,0,0,0,0,0,0,0,0,6,1
5838,5,422,424,2304,4,0,0,0,0,0,0,1
5847,5,422,424,2304,4,3,0,0,0,0,64,1
5874,5,0,0,0,0,0,0,0,0,0,6,1
5885,5,0,0,0,0,2,0,0,0,0,20,1
5927,5,422,424,2304,4,23,0,0,0,0,32,1
6007,5,422,424,2304,4,8,0,0,0,0,176,1
6016,5,422,424,2304,4,8,0,0,0,0,176,1
6023,5,422,424,2304,4,8,0,0,0,0,176,1
6081,5,422,424,2304,4,8,0,0,0,0,112,1
6092,5,422,424,2304,4,2,0,0,0,0,26,1
6101,5,422,424,2304,4,8,0,0,0,0,164,1
6244,5,6953,6955,6956,4,0,0,0,0,0,138,1
2,5,422,1834,836,4,1,0,0,0,0,4,1
14,5,422,424,2304,4,4,0,0,0,0,66,1
27,5,422,424,2304,4,6,0,0,0,0,84,1
46,5,7,8,9,4,1,0,0,0,0,2,1
72,5,284,285,287,4,23,0,0,0,0,182,1
94,5,422,424,2304,4,3,0,0,0,0,32,1
111,5,4672,4671,4673,4,7,0,0,0,0,106,1
139,5,115,116,118,4,2,0,0,0,0,4,1
172,5,711,1834,836,4,6,0,0,0,0,14,1
185,5,451,424,2304,4,4,0,0,0,0,46,1
194,5,422,424,2304,4,3,0,0,0,0,52,1
224,5,138,139,141,4,0,0,0,0,0,24,1
269,5,158,159,161,4,15,0,0,0,0,320,1
298,5,6184,6183,6182,4,1,0,0,0,0,4,1
346,5,0,0,0,0,4,0,0,0,0,42,1
83,4,64,65,67,4,9,0,0,0,0,184,1
6225,5,6953,6955,6956,5,25,0,1,0,0,298,1
58,3,5327,5328,5329,4,5,0,0,0,0,104,1
6263,4,6154,6155,6156,4,16,0,1,0,0,284,1
245,5,390,1156,2304,4,12,0,1,0,0,0,1
4395,5,4933,4934,4935,4,3,0,0,0,0,6,1
4403,5,422,424,2304,4,2,0,0,0,0,28,1
4415,5,422,424,2304,4,1,0,0,0,0,2,1
4458,5,422,424,2304,4,12,0,0,0,0,214,1
4481,5,422,424,2304,4,1,0,0,0,0,4,1
4499,5,422,424,2304,4,1,0,0,0,0,4,1
4532,5,422,424,2304,4,10,0,0,0,0,222,1
4636,5,0,0,0,0,1,0,0,0,0,4,1
4668,5,422,424,2304,4,5,0,0,0,0,96,1
4677,5,422,424,2304,4,8,0,0,0,0,158,1
4699,5,422,424,2304,4,9,0,0,0,0,184,1
4791,5,0,0,0,0,0,0,0,0,0,0,1
4806,5,422,424,2304,4,11,0,0,0,0,210,1
4817,5,422,424,2304,4,11,0,0,0,0,210,1
4827,5,422,424,2304,4,11,0,0,0,0,210,1
4841,5,422,424,2304,4,11,0,0,0,0,210,1
4850,5,422,424,2304,4,11,0,0,0,0,210,1
4922,5,4933,4934,4935,4,3,0,0,0,0,6,1
4932,5,422,424,2304,4,6,0,0,0,0,66,1
4942,5,4933,4934,4935,4,3,0,0,0,0,6,1
4996,5,422,424,2304,4,4,0,0,0,0,42,1
5145,5,422,424,2304,4,5,0,0,0,0,130,1
5182,5,422,424,2304,4,20,0,0,0,0,226,1
5195,5,0,0,0,0,6,0,0,0,0,18,1
5254,5,422,424,2304,4,17,0,0,0,0,186,1
5299,5,422,424,2304,4,2,0,0,0,0,26,1
5309,5,422,424,2304,4,2,0,0,0,0,26,1
5319,5,422,424,2304,4,2,0,0,0,0,26,1
5330,5,422,424,2304,4,2,0,0,0,0,26,1
5340,5,422,424,2304,4,2,0,0,0,0,26,1
5349,5,422,424,2304,4,2,0,0,0,0,38,1
5361,5,299,301,300,4,12,0,0,0,1,230,1
5373,5,422,424,2304,4,2,0,0,0,0,38,1
5384,5,422,424,2304,4,11,0,0,0,0,200,1
5395,5,422,424,2304,4,2,0,0,0,0,26,1
5405,5,422,424,2304,4,2,0,0,0,0,26,1
5413,5,422,424,2304,4,6,0,0,0,0,100,1
5463,5,0,0,0,0,11,0,0,0,0,230,1
5491,5,0,0,0,0,4,0,0,0,0,42,1
5522,5,422,424,2304,4,17,0,0,0,0,164,1
5595,5,422,424,2304,4,5,0,0,0,0,92,1
5620,5,0,0,0,0,1,0,0,0,0,10,1
5636,5,422,424,2304,4,6,0,0,0,0,114,1
5642,5,422,424,2304,4,6,0,0,0,0,114,1
5660,5,422,424,2304,4,6,0,0,0,0,114,1
5665,5,422,424,2304,4,6,0,0,0,0,114,1
5688,5,422,424,2304,4,2,0,0,0,0,80,1
5698,5,422,424,2304,4,2,0,0,0,0,80,1
5707,5,422,424,2304,4,2,0,0,0,0,80,1
5716,5,422,424,2304,4,2,0,0,0,0,80,1
5727,5,422,424,2304,4,2,0,0,0,0,80,1
5737,5,422,424,2304,4,2,0,0,0,0,80,1
5758,5,0,0,0,0,0,0,0,0,0,6,1
5769,5,0,0,0,0,0,0,0,0,0,6,1
5846,5,422,424,2304,4,3,0,0,0,0,64,1
5875,5,0,0,0,0,0,0,0,0,0,6,1
5904,5,6329,6330,6331,6,26,0,0,0,0,548,1
5924,5,422,424,2304,4,1,0,0,0,0,4,1
6006,5,422,424,2304,4,8,0,0,0,0,176,1
6017,5,422,424,2304,4,8,0,0,0,0,176,1
6024,5,422,424,2304,4,8,0,0,0,0,176,1
6080,5,422,424,2304,4,8,0,0,0,0,112,1
6093,5,422,424,2304,4,2,0,0,0,0,26,1
6204,5,64,65,67,5,15,0,0,0,0,290,1
1,5,422,1834,836,4,1,0,0,0,0,4,1
13,5,711,1834,836,4,6,0,0,0,0,18,1
24,5,422,424,2304,4,1,0,0,0,0,4,1
45,5,7,8,9,4,0,0,0,0,0,2,1
59,5,143,144,146,4,1,0,0,0,0,4,1
76,5,299,300,302,4,2,0,0,0,0,26,1
87,5,4933,4934,4935,4,3,0,0,0,0,6,1
114,5,359,360,361,4,7,0,0,0,0,106,1
120,5,99,100,102,4,2,0,0,0,0,20,1
142,5,75,76,78,4,2,0,0,0,0,22,1
163,5,192,193,196,4,3,0,0,0,0,46,1
182,5,422,424,2304,4,4,0,0,0,0,46,1
195,5,422,424,2304,4,3,0,0,0,0,44,1
222,5,422,424,2304,4,1,0,0,0,0,10,1
270,5,359,360,361,4,0,0,0,0,0,126,1
281,5,422,424,2304,4,1,0,0,0,0,10,1
4689,4,4652,4651,4653,4,4,0,0,0,0,56,1
55,5,91,89,92,4,10,0,0,0,0,222,1
6248,3,6376,6375,6377,5,15,0,1,0,0,298,1
5750,5,422,424,2304,4,1,0,0,0,0,12,7
6229,5,6953,6955,6956,4,11,0,0,0,0,230,68
6257,5,811,425,836,4,19,0,0,0,0,242,83
241,5,401,1156,2304,4,15,0,1,0,0,0,1
4396,5,422,424,2304,4,1,0,0,0,0,2,1
4410,5,6184,6183,6182,4,1,0,0,0,0,4,1
4448,5,422,424,2304,4,0,0,0,0,0,4,1
4478,5,0,0,0,0,3,0,0,0,0,42,1
4482,5,422,424,2304,4,1,0,0,0,0,4,1
4491,5,422,424,2304,4,1,0,0,0,0,4,1
4534,5,422,424,2304,4,14,0,0,0,0,168,1
4637,5,0,0,0,0,1,0,0,0,0,4,1
4670,5,422,424,2304,4,14,0,0,0,0,304,1
4679,5,422,424,2304,4,8,0,0,0,0,158,1
4688,5,422,424,2304,4,14,0,0,0,0,168,1
4697,5,422,424,2304,4,8,0,0,0,0,164,1
4775,5,422,424,2304,4,4,0,0,0,0,90,1
4795,5,0,0,0,0,0,0,0,0,0,0,1
4823,5,422,424,2304,4,11,0,0,0,0,210,1
4832,5,422,424,2304,4,11,0,0,0,0,210,1
4849,5,422,424,2304,4,11,0,0,0,0,210,1
4893,5,422,424,2304,4,4,0,0,0,0,64,1
4927,5,4933,4934,4935,4,3,0,0,0,0,6,1
4936,5,422,424,2304,4,0,0,0,0,0,24,1
4993,5,422,424,2304,4,4,0,0,0,0,42,1
5002,5,422,424,2304,4,4,0,0,0,0,42,1
5179,5,422,424,2304,4,20,0,0,0,0,226,1
5190,5,422,424,2304,4,20,0,0,0,0,226,1
5253,5,422,424,2304,4,20,0,0,0,0,382,1
5294,5,422,424,2304,4,2,0,0,0,0,26,1
5301,5,422,424,2304,4,2,0,0,0,0,26,1
5311,5,422,424,2304,4,2,0,0,0,0,26,1
5326,5,422,424,2304,4,2,0,0,0,0,26,1
5337,5,422,424,2304,4,2,0,0,0,0,26,1
5345,5,422,424,2304,4,2,0,0,0,0,38,1
5355,5,422,424,2304,4,0,0,0,0,0,122,1
5371,5,422,424,2304,4,2,0,0,0,0,38,1
5376,5,422,424,2304,4,2,0,0,0,0,26,1
5387,5,422,424,2304,4,2,0,0,0,0,26,1
5397,5,422,424,2304,4,2,0,0,0,0,26,1
5406,5,422,424,2304,4,2,0,0,0,0,26,1
5420,5,422,424,2304,4,0,0,0,0,0,0,1
5473,5,422,424,2304,4,15,0,0,0,0,148,1
5515,5,422,424,2304,4,11,0,0,0,0,230,1
5566,5,0,0,0,0,0,0,0,0,0,0,1
5609,5,0,0,0,0,1,0,0,0,0,10,1
5629,5,422,424,2304,4,6,0,0,0,0,114,1
5639,5,422,424,2304,4,6,0,0,0,0,114,1
5649,5,422,424,2304,4,6,0,0,0,0,114,1
5652,5,422,424,2304,4,6,0,0,0,0,114,1
5662,5,422,424,2304,4,6,0,0,0,0,114,1
5682,5,422,424,2304,4,2,0,0,0,0,80,1
5692,5,422,424,2304,4,2,0,0,0,0,80,1
5702,5,422,424,2304,4,2,0,0,0,0,80,1
5713,5,422,424,2304,4,2,0,0,0,0,80,1
5722,5,422,424,2304,4,2,0,0,0,0,80,1
5733,5,422,424,2304,4,2,0,0,0,0,80,1
5743,5,422,424,2304,4,2,0,0,0,0,80,1
5754,5,0,0,0,0,0,0,0,0,0,6,1
5765,5,0,0,0,0,0,0,0,0,0,6,1
5783,5,0,0,0,0,0,0,0,0,0,6,1
5845,5,422,424,2304,4,3,0,0,0,0,64,1
5873,5,0,0,0,0,0,0,0,0,0,6,1
5903,5,6345,6346,6347,4,24,0,0,0,0,446,1
5926,5,422,424,2304,4,23,0,0,0,0,32,1
6004,5,0,0,0,0,1,0,0,0,0,120,1
6014,5,422,424,2304,4,8,0,0,0,0,176,1
6046,5,422,424,2304,4,7,0,0,0,0,146,1
6079,5,422,424,2304,4,8,0,0,0,0,112,1
6096,5,422,424,2304,4,2,0,0,0,0,38,1
6203,5,6945,6944,6946,4,30,0,0,0,0,1300,1
6243,5,6953,6955,6956,4,0,0,0,0,0,138,1
3,5,422,1834,836,4,1,0,0,0,0,4,1
15,5,422,424,2304,4,3,0,0,0,0,48,1
41,5,55,56,57,4,1,0,0,0,0,2,1
52,5,25,26,28,4,5,0,0,0,0,96,1
61,5,280,279,273,4,1,0,0,0,0,2,1
74,5,299,300,302,4,2,0,0,0,0,26,1
93,5,5486,5489,5491,4,2,0,0,0,0,26,1
105,5,41,42,44,4,3,0,0,0,0,42,1
116,5,128,129,131,4,8,0,0,0,0,112,1
136,5,322,323,325,4,3,0,0,0,0,56,1
173,5,422,424,2304,4,3,0,0,0,0,40,1
184,5,422,424,2304,4,4,0,0,0,0,46,1
192,5,422,424,2304,4,2,0,0,0,0,16,1
199,5,422,424,2304,4,4,0,0,0,0,58,1
237,5,422,424,2304,4,7,0,0,0,0,74,1
253,5,422,424,2304,4,0,0,0,0,0,76,1
272,5,422,424,2304,4,2,0,0,0,0,28,1
122,4,164,165,167,4,6,0,0,0,0,56,1
6260,4,7060,7061,7062,5,60,0,1,0,1,1248,1
4397,5,422,424,2304,4,7,0,0,0,0,98,1
4407,5,6184,6183,6182,4,1,0,0,0,0,4,1
4418,5,4300,4301,4302,4,14,0,0,0,0,290,1
4472,5,422,424,2304,4,0,0,0,0,0,28,1
4486,5,422,424,2304,4,1,0,0,0,0,4,1
4527,5,4387,4386,4389,4,10,0,0,0,0,222,1
4533,5,422,424,2304,4,10,0,0,0,0,222,1
4658,5,422,424,2304,4,6,0,0,0,0,14,1
4672,5,422,424,2304,4,14,0,0,0,0,304,1
4682,5,422,424,2304,4,50,0,0,0,0,222,1
4690,5,4652,4651,4653,4,4,0,0,0,0,56,1
4703,5,422,424,2304,4,18,0,0,0,0,0,1
4792,5,0,0,0,0,0,0,0,0,0,0,1
4815,5,422,424,2304,4,11,0,0,0,0,210,1
4825,5,422,424,2304,4,11,0,0,0,0,210,1
4834,5,422,424,2304,4,11,0,0,0,0,210,1
4844,5,422,424,2304,4,11,0,0,0,0,210,1
4898,5,422,424,2304,4,6,0,0,0,0,56,1
4930,5,422,424,2304,4,4,0,0,0,0,46,1
4937,5,422,424,2304,4,0,0,0,0,0,24,1
4973,5,0,0,0,0,13,0,0,0,0,146,1
5001,5,422,424,2304,4,4,0,0,0,0,42,1
5169,5,422,424,2304,4,2,0,0,0,0,4,1
5185,5,422,424,2304,4,20,0,0,0,0,226,1
5247,5,422,424,2304,4,13,0,0,0,0,418,1
5298,5,422,424,2304,4,2,0,0,0,0,26,1
5306,5,422,424,2304,4,2,0,0,0,0,26,1
5318,5,422,424,2304,4,2,0,0,0,0,26,1
5325,5,422,424,2304,4,2,0,0,0,0,26,1
5334,5,422,424,2304,4,2,0,0,0,0,26,1
5344,5,422,424,2304,4,2,0,0,0,0,38,1
5353,5,422,424,2304,4,0,0,0,0,0,122,1
5365,5,422,424,2304,4,2,0,0,0,0,26,1
5379,5,422,424,2304,4,2,0,0,0,0,26,1
5391,5,422,424,2304,4,2,0,0,0,0,26,1
5402,5,422,424,2304,4,2,0,0,0,0,26,1
5409,5,422,424,2304,4,2,0,0,0,0,26,1
5422,5,422,424,2304,4,2,0,0,0,0,26,1
5474,5,422,424,2304,4,17,0,0,0,0,164,1
5521,5,422,424,2304,4,15,0,0,0,0,148,1
5603,5,422,424,2304,4,4,0,0,0,0,50,1
5628,5,422,424,2304,4,6,0,0,0,0,114,1
5635,5,422,424,2304,4,6,0,0,0,0,114,1
5648,5,422,424,2304,4,6,0,0,0,0,114,1
5657,5,422,424,2304,4,6,0,0,0,0,114,1
5691,5,422,424,2304,4,2,0,0,0,0,80,1
5700,5,422,424,2304,4,2,0,0,0,0,80,1
5710,5,422,424,2304,4,2,0,0,0,0,80,1
5721,5,422,424,2304,4,2,0,0,0,0,80,1
5731,5,422,424,2304,4,2,0,0,0,0,80,1
5738,5,422,424,2304,4,2,0,0,0,0,80,1
5751,5,422,424,2304,4,5,0,0,0,0,102,1
5759,5,0,0,0,0,0,0,0,0,0,6,1
5829,5,422,424,2304,4,0,0,0,0,0,4,1
5850,5,422,424,2304,4,3,0,0,0,0,64,1
5880,5,0,0,0,0,2,0,0,0,0,20,1
5906,5,422,424,2304,4,8,0,0,0,0,156,1
5928,5,422,424,2304,4,23,0,0,0,0,32,1
6009,5,422,424,2304,4,8,0,0,0,0,176,1
6021,5,422,424,2304,4,8,0,0,0,0,176,1
6048,5,422,424,2304,4,2,0,0,0,0,22,1
6090,5,422,424,2304,4,1,0,0,0,0,6,1
6098,5,422,424,2304,4,2,0,0,0,0,38,1
6242,5,6953,6955,6956,4,0,0,0,0,0,138,1
5,5,422,1834,836,4,1,0,0,0,0,4,1
21,5,422,424,2304,4,10,0,0,0,0,138,1
38,5,422,424,2304,4,2,0,0,0,0,22,1
47,5,2705,2706,2707,4,1,0,0,0,0,2,1
62,5,143,147,146,4,5,0,0,0,0,88,1
79,5,30,31,36,4,8,0,0,0,0,166,1
89,5,289,290,292,4,2,0,0,0,0,30,1
102,5,6184,6183,6182,4,1,0,0,0,0,4,1
121,5,99,100,102,4,2,0,0,0,0,20,1
140,5,338,339,340,4,2,0,0,0,0,36,1
160,5,191,194,196,4,1,0,0,0,0,2,1
189,5,422,424,2304,4,0,0,0,0,0,34,1
201,5,422,424,2304,4,5,0,0,0,0,94,1
231,5,0,0,0,0,1,0,0,0,0,30,1
254,5,422,424,2304,4,0,0,0,0,0,76,1
277,5,422,424,2304,4,8,0,0,0,0,168,1
353,5,422,424,2304,4,1,0,0,0,0,4,1
369,5,422,424,2304,4,0,0,0,0,0,22,1
112,3,4652,4651,4653,4,14,0,0,0,0,168,1
5666,10,5894,5897,5898,4,35,0,0,0,0,380,1
6221,5,811,425,836,4,19,0,0,0,0,242,83
6255,5,451,403,836,4,11,0,0,0,0,230,68
6278,5,4322,7052,7064,4,19,0,0,0,0,242,83
4398,5,422,424,2304,4,7,0,0,0,0,98,1
4408,5,6184,6183,6182,4,1,0,0,0,0,4,1
4440,5,422,424,2304,4,2,0,0,0,0,30,1
4475,5,422,424,2304,4,0,0,0,0,0,28,1
4485,5,422,424,2304,4,1,0,0,0,0,4,1
4510,5,422,424,2304,4,9,0,0,0,0,158,1
4546,5,422,424,2304,4,4,0,0,0,0,74,1
4659,5,422,424,2304,4,6,0,0,0,0,14,1
4675,5,422,424,2304,4,21,0,0,0,0,454,1
4683,5,422,424,2304,4,50,0,0,0,0,222,1
4695,5,422,424,2304,4,8,0,0,0,0,164,1
4701,5,422,424,2304,4,9,0,0,0,0,184,1
4774,5,422,424,2304,4,4,0,0,0,0,90,1
4794,5,0,0,0,0,0,0,0,0,0,0,1
4819,5,422,424,2304,4,11,0,0,0,0,210,1
4829,5,422,424,2304,4,11,0,0,0,0,210,1
4837,5,422,424,2304,4,11,0,0,0,0,210,1
4890,5,422,424,2304,4,6,0,0,0,0,124,1
4925,5,4933,4934,4935,4,3,0,0,0,0,6,1
4940,5,4933,4934,4935,4,0,0,0,0,0,90,1
4995,5,422,424,2304,4,4,0,0,0,0,42,1
5048,5,0,0,0,0,1,0,0,0,0,4,1
5178,5,422,424,2304,4,50,0,0,0,0,222,1
5194,5,422,424,2304,4,20,0,0,0,0,226,1
5211,5,5849,5850,5851,4,1,0,0,0,0,4,1
5292,5,0,0,0,0,20,0,0,0,0,382,1
5302,5,422,424,2304,4,2,0,0,0,0,26,1
5315,5,422,424,2304,4,2,0,0,0,0,26,1
5321,5,422,424,2304,4,2,0,0,0,0,26,1
5332,5,422,424,2304,4,2,0,0,0,0,26,1
5341,5,422,424,2304,4,2,0,0,0,0,26,1
5351,5,422,424,2304,4,2,0,0,0,0,38,1
5363,5,91,89,92,4,28,0,0,0,0,608,1
5372,5,422,424,2304,4,2,0,0,0,0,38,1
5385,5,422,424,2304,4,2,0,0,0,0,26,1
5394,5,422,424,2304,4,2,0,0,0,0,26,1
5404,5,422,424,2304,4,2,0,0,0,0,26,1
5417,5,5624,5626,5627,4,11,0,0,0,0,200,1
5462,5,0,0,0,0,0,0,0,0,0,0,1
5514,5,422,424,2304,4,11,0,0,0,0,230,1
5523,5,422,424,2304,4,17,0,0,0,0,164,1
5594,5,422,424,2304,4,5,0,0,0,0,84,1
5611,5,0,0,0,0,1,0,0,0,0,10,1
5634,5,422,424,2304,4,6,0,0,0,0,114,1
5643,5,422,424,2304,4,6,0,0,0,0,114,1
5656,5,422,424,2304,4,6,0,0,0,0,114,1
5680,5,422,424,2304,4,2,0,0,0,0,80,1
5687,5,422,424,2304,4,2,0,0,0,0,80,1
5697,5,422,424,2304,4,2,0,0,0,0,80,1
5708,5,422,424,2304,4,2,0,0,0,0,80,1
5718,5,422,424,2304,4,2,0,0,0,0,80,1
5728,5,422,424,2304,4,2,0,0,0,0,80,1
5739,5,422,424,2304,4,2,0,0,0,0,80,1
5753,5,0,0,0,0,0,0,0,0,0,6,1
5762,5,0,0,0,0,0,0,0,0,0,6,1
5768,5,0,0,0,0,0,0,0,0,0,6,1
5844,5,422,424,2304,4,3,0,0,0,0,64,1
5856,5,0,0,0,0,1,0,0,0,0,4,1
5883,5,0,0,0,0,2,0,0,0,0,20,1
5919,5,422,424,2304,4,4,0,0,0,0,42,1
6002,5,0,0,0,0,1,0,0,0,0,120,1
6013,5,422,424,2304,4,8,0,0,0,0,176,1
6028,5,422,424,2304,4,0,0,0,0,0,80,1
6052,5,422,424,2304,4,10,0,0,0,0,192,1
6094,5,422,424,2304,4,2,0,0,0,0,38,1
6210,5,6581,6578,6576,6,11,0,0,0,0,244,1
6246,5,6955,6953,6956,4,0,0,0,0,0,138,1
9,5,412,403,836,4,4,0,0,0,0,42,1
18,5,422,424,2304,4,2,0,0,0,0,18,1
35,5,422,424,2304,4,5,0,0,0,0,56,1
48,5,55,56,57,4,0,0,0,0,0,92,1
60,5,143,144,146,4,1,0,0,0,0,4,1
77,5,299,300,302,4,1,0,0,0,0,26,1
95,5,75,76,78,4,2,0,0,0,0,22,1
108,5,6254,6255,6256,4,0,0,0,0,0,40,1
132,5,220,221,223,4,2,0,0,0,0,6,1
158,5,422,424,2304,4,6,0,0,0,0,96,1
180,5,422,424,2304,4,4,0,0,0,0,10,1
190,5,422,424,2304,4,0,0,0,0,0,34,1
203,5,422,424,2304,4,4,0,0,0,0,68,1
246,5,0,0,0,0,0,0,0,0,0,0,1
271,5,246,247,248,4,5,0,0,0,0,88,1
299,5,6184,6183,6182,4,1,0,0,0,0,4,1
119,3,99,100,102,4,6,0,0,0,0,96,1
6231,4,6953,6955,6956,4,19,0,0,0,0,242,83
6265,4,6154,6155,6156,4,21,0,1,0,0,284,1
239,5,390,1156,2304,4,29,0,1,0,0,0,1
4399,5,422,424,2304,4,7,0,0,0,0,98,1
4409,5,6184,6183,6182,4,1,0,0,0,0,4,1
4456,5,0,0,0,0,12,0,0,0,0,214,1
4473,5,422,424,2304,4,0,0,0,0,0,28,1
4483,5,422,424,2304,4,1,0,0,0,0,4,1
4492,5,422,424,2304,4,1,0,0,0,0,4,1
4531,5,422,424,2304,4,10,0,0,0,0,222,1
4634,5,0,0,0,0,1,0,0,0,0,4,1
4667,5,422,424,2304,4,5,0,0,0,0,96,1
4678,5,422,424,2304,4,8,0,0,0,0,158,1
4687,5,422,424,2304,4,7,0,0,0,0,106,1
4698,5,422,424,2304,4,9,0,0,0,0,184,1
4777,5,422,424,2304,4,5,0,0,0,0,100,1
4807,5,422,424,2304,4,11,0,0,0,0,210,1
4822,5,422,424,2304,4,11,0,0,0,0,210,1
4833,5,422,424,2304,4,11,0,0,0,0,210,1
4843,5,422,424,2304,4,11,0,0,0,0,210,1
4910,5,422,424,2304,4,4,0,0,0,0,70,1
4929,5,422,424,2304,4,0,0,0,0,0,24,1
4934,5,422,424,2304,4,4,0,0,0,0,46,1
4971,5,422,424,2304,4,8,0,0,0,0,150,1
5137,5,422,424,2304,4,1,0,0,0,0,26,1
5170,5,422,424,2304,4,2,0,0,0,0,4,1
5193,5,422,424,2304,4,20,0,0,0,0,226,1
5251,5,422,424,2304,4,22,0,0,0,0,196,1
5296,5,422,424,2304,4,2,0,0,0,0,26,1
5303,5,422,424,2304,4,2,0,0,0,0,26,1
5316,5,422,424,2304,4,2,0,0,0,0,26,1
5323,5,422,424,2304,4,2,0,0,0,0,26,1
5335,5,422,424,2304,4,2,0,0,0,0,26,1
5347,5,422,424,2304,4,2,0,0,0,0,38,1
5359,5,422,424,2304,4,11,0,0,0,0,200,1
5367,5,422,424,2304,4,2,0,0,0,0,26,1
5375,5,422,424,2304,4,2,0,0,0,0,26,1
5386,5,422,424,2304,4,2,0,0,0,0,26,1
5398,5,422,424,2304,4,2,0,0,0,0,26,1
5407,5,422,424,2304,4,2,0,0,0,0,26,1
5419,5,0,0,0,0,0,0,0,0,0,0,1
5464,5,0,0,0,0,11,0,0,0,0,230,1
5516,5,422,424,2304,4,11,0,0,0,0,230,1
5565,5,422,424,2304,4,15,0,0,0,0,320,1
5608,5,0,0,0,0,1,0,0,0,0,10,1
5631,5,422,424,2304,4,6,0,0,0,0,114,1
5640,5,422,424,2304,4,6,0,0,0,0,114,1
5651,5,422,424,2304,4,6,0,0,0,0,114,1
5653,5,422,424,2304,4,6,0,0,0,0,114,1
5678,5,422,424,2304,4,2,0,0,0,0,80,1
5690,5,422,424,2304,4,2,0,0,0,0,80,1
5699,5,422,424,2304,4,2,0,0,0,0,80,1
5709,5,422,424,2304,4,2,0,0,0,0,80,1
5719,5,422,424,2304,4,2,0,0,0,0,80,1
5725,5,422,424,2304,4,2,0,0,0,0,80,1
5735,5,422,424,2304,4,2,0,0,0,0,80,1
5746,5,422,424,2304,4,2,0,0,0,0,80,1
5757,5,0,0,0,0,0,0,0,0,0,6,1
5766,5,0,0,0,0,0,0,0,0,0,6,1
5843,5,422,424,2304,4,3,0,0,0,0,64,1
5852,5,422,424,2304,4,2,0,0,0,0,6,1
5882,5,0,0,0,0,2,0,0,0,0,20,1
5907,5,422,424,2304,4,8,0,0,0,0,216,1
5993,5,422,424,2304,4,13,0,0,0,0,218,1
6010,5,422,424,2304,4,8,0,0,0,0,176,1
6019,5,422,424,2304,4,8,0,0,0,0,176,1
6050,5,422,424,2304,4,44,0,0,0,0,54,1
6088,5,422,424,2304,4,1,0,0,0,0,6,1
6097,5,422,424,2304,4,2,0,0,0,0,38,1
6241,5,6953,6955,6956,4,0,0,0,0,0,138,1
7,5,412,1834,836,4,1,0,0,0,0,14,1
23,5,422,424,2304,4,6,0,0,0,0,92,1
32,5,422,424,2304,4,4,0,0,0,0,42,1
54,5,91,89,92,4,21,0,0,0,0,454,1
66,5,190,193,196,4,1,0,0,0,0,120,1
92,5,5486,5489,5491,4,2,0,0,0,0,26,1
106,5,41,42,44,4,3,0,0,0,0,38,1
127,5,185,186,188,6,5,0,0,0,0,84,1
135,5,422,424,2304,4,7,0,0,0,0,160,1
164,5,192,193,196,4,3,0,0,0,0,46,1
175,5,422,424,2304,4,2,0,0,0,0,12,1
187,5,422,424,2304,4,2,0,0,0,0,30,1
238,5,422,424,2304,4,10,0,0,0,0,184,1
247,5,422,424,2304,4,5,0,0,0,0,78,1
273,5,0,0,0,0,2,0,0,0,0,28,1
345,5,0,0,0,0,4,0,0,0,0,42,1
6220,5,426,424,836,4,16,0,0,0,0,236,63
82,4,64,65,67,4,8,0,0,0,0,164,1
6256,5,426,424,836,4,16,0,0,0,0,236,63
202,5,422,424,2304,4,4,0,1,0,0,68,1
4400,5,422,424,2304,4,1,0,0,0,0,4,1
4406,5,422,424,2304,4,2,0,0,0,0,24,1
4447,5,422,424,2304,4,0,0,0,0,0,4,1
4474,5,422,424,2304,4,0,0,0,0,0,28,1
4488,5,422,424,2304,4,1,0,0,0,0,4,1
4509,5,422,424,2304,4,9,0,0,0,0,158,1
4608,5,0,0,0,0,1,0,0,0,0,10,1
4665,5,422,424,2304,4,5,0,0,0,0,96,1
4673,5,422,424,2304,4,21,0,0,0,0,454,1
4681,5,422,424,2304,4,50,0,0,0,0,222,1
4694,5,422,424,2304,4,8,0,0,0,0,164,1
4705,5,422,424,2304,4,18,0,0,0,0,0,1
4790,5,422,424,2304,4,0,0,0,0,0,128,1
4808,5,422,424,2304,4,11,0,0,0,0,210,1
4821,5,422,424,2304,4,11,0,0,0,0,210,1
4828,5,422,424,2304,4,11,0,0,0,0,210,1
4839,5,422,424,2304,4,11,0,0,0,0,210,1
4892,5,0,0,0,0,4,0,0,0,0,64,1
4923,5,4933,4934,4935,4,3,0,0,0,0,6,1
4935,5,422,424,2304,4,6,0,0,0,0,66,1
4945,5,4933,4934,4935,4,3,0,0,0,0,6,1
4999,5,422,424,2304,4,4,0,0,0,0,42,1
5177,5,422,424,2304,4,20,0,0,0,0,226,1
5187,5,422,424,2304,4,20,0,0,0,0,226,1
5250,5,422,424,2304,4,17,0,0,0,0,186,1
5293,5,422,424,2304,4,2,0,0,0,0,26,1
5304,5,422,424,2304,4,2,0,0,0,0,26,1
5313,5,422,424,2304,4,2,0,0,0,0,26,1
5327,5,422,424,2304,4,2,0,0,0,0,26,1
5339,5,422,424,2304,4,2,0,0,0,0,26,1
5350,5,422,424,2304,4,2,0,0,0,0,38,1
5357,5,422,424,2304,4,0,0,0,0,0,122,1
5369,5,422,424,2304,4,2,0,0,0,0,38,1
5381,5,422,424,2304,4,2,0,0,0,0,26,1
5388,5,422,424,2304,4,2,0,0,0,0,26,1
5396,5,422,424,2304,4,2,0,0,0,0,26,1
5408,5,422,424,2304,4,2,0,0,0,0,26,1
5453,5,422,424,2304,4,5,0,0,0,0,102,1
5490,5,0,0,0,0,4,0,0,0,0,42,1
5529,5,5782,5783,5784,4,2,0,0,0,1,44,1
5597,5,422,424,2304,4,3,0,0,0,0,38,1
5619,5,0,0,0,0,1,0,0,0,0,10,1
5633,5,422,424,2304,4,6,0,0,0,0,114,1
5644,5,422,424,2304,4,6,0,0,0,0,114,1
5661,5,422,424,2304,4,6,0,0,0,0,114,1
5683,5,422,424,2304,4,2,0,0,0,0,80,1
5693,5,422,424,2304,4,2,0,0,0,0,80,1
5703,5,422,424,2304,4,2,0,0,0,0,80,1
5712,5,422,424,2304,4,2,0,0,0,0,80,1
5723,5,422,424,2304,4,2,0,0,0,0,80,1
5732,5,422,424,2304,4,2,0,0,0,0,80,1
5742,5,422,424,2304,4,2,0,0,0,0,80,1
5755,5,0,0,0,0,0,0,0,0,0,6,1
5764,5,0,0,0,0,0,0,0,0,0,6,1
5801,5,422,424,2304,4,4,0,0,0,0,42,1
5851,5,422,424,2304,4,3,0,0,0,0,64,1
5877,5,0,0,0,0,0,0,0,0,0,6,1
5884,5,0,0,0,0,2,0,0,0,0,20,1
5923,5,422,424,2304,4,1,0,0,0,0,4,1
5995,5,422,424,2304,4,0,0,0,0,0,190,1
6015,5,422,424,2304,4,8,0,0,0,0,176,1
6025,5,422,424,2304,4,8,0,0,0,0,176,1
6051,5,422,424,2304,4,44,0,0,0,0,54,1
6091,5,422,424,2304,4,2,0,0,0,0,26,1
6206,5,7033,65,67,5,21,0,0,0,0,284,1
6245,5,6953,6955,6956,4,0,0,0,0,0,138,1
12,5,451,1834,836,4,3,0,0,0,0,18,1
20,5,390,404,2304,4,8,0,0,0,0,124,1
39,5,422,424,2304,4,2,0,0,0,0,22,1
91,5,5486,5489,5491,4,2,0,0,0,0,26,1
101,5,6184,6183,6182,4,1,0,0,0,0,4,1
113,5,128,129,131,4,7,0,0,0,0,106,1
126,5,422,424,2304,4,7,0,0,0,0,128,1
133,5,289,290,292,4,3,0,0,0,0,54,1
161,5,191,194,196,4,1,0,0,0,0,2,1
179,5,422,424,2304,4,5,0,0,0,0,66,1
191,5,422,424,2304,4,6,0,0,0,0,64,1
205,5,422,424,2304,4,7,0,0,0,0,140,1
275,5,422,424,2304,4,6,0,0,0,0,90,1
351,5,422,424,2304,4,1,0,0,0,0,4,1
363,5,422,424,2304,4,1,0,0,0,0,4,1
64,3,5327,5328,5321,4,0,0,0,0,0,122,1
50,5,25,26,28,4,25,0,1,0,0,552,1
6227,5,6954,6955,6956,5,18,0,1,0,0,318,1
258,5,451,404,2304,4,8,0,0,0,0,0,1
6276,6,4320,4322,4321,4,16,0,0,0,0,236,63
243,5,390,1156,2304,4,12,0,1,0,0,0,1
4401,5,422,424,2304,4,1,0,0,0,0,2,1
4413,5,422,424,2304,4,2,0,0,0,0,22,1
4457,5,0,0,0,0,12,0,0,0,0,214,1
4479,5,422,424,2304,4,1,0,0,0,0,4,1
4489,5,422,424,2304,4,1,0,0,0,0,4,1
4529,5,422,424,2304,4,10,0,0,0,0,222,1
4548,5,422,424,2304,4,4,0,0,0,0,74,1
4661,5,422,424,2304,4,6,0,0,0,0,14,1
4674,5,422,424,2304,4,21,0,0,0,0,454,1
4685,5,422,424,2304,4,7,0,0,0,0,106,1
4692,5,4652,4651,4653,4,4,0,0,0,0,56,1
4704,5,422,424,2304,4,18,0,0,0,0,0,1
4782,5,0,0,0,0,5,0,0,0,0,100,1
4813,5,422,424,2304,4,11,0,0,0,0,210,1
4818,5,422,424,2304,4,11,0,0,0,0,210,1
4826,5,422,424,2304,4,11,0,0,0,0,210,1
4836,5,422,424,2304,4,11,0,0,0,0,210,1
4852,5,422,424,2304,4,11,0,0,0,0,210,1
4926,5,4933,4934,4935,4,3,0,0,0,0,6,1
4939,5,4933,4934,4935,4,0,0,0,0,0,90,1
4972,5,422,424,2304,4,14,0,0,0,0,344,1
5000,5,422,424,2304,4,4,0,0,0,0,42,1
5176,5,422,424,2304,4,20,0,0,0,0,226,1
5191,5,422,424,2304,4,20,0,0,0,0,226,1
5248,5,422,424,2304,4,0,0,0,0,0,126,1
5297,5,422,424,2304,4,2,0,0,0,0,26,1
5307,5,422,424,2304,4,2,0,0,0,0,26,1
5314,5,422,424,2304,4,2,0,0,0,0,26,1
5322,5,422,424,2304,4,2,0,0,0,0,26,1
5331,5,422,424,2304,4,2,0,0,0,0,26,1
5342,5,422,424,2304,4,2,0,0,0,0,38,1
5352,5,422,424,2304,4,2,0,0,0,0,38,1
5362,5,91,89,92,5,18,0,0,0,1,454,1
5374,5,422,424,2304,4,2,0,0,0,0,38,1
5382,5,451,424,2304,4,5,0,0,0,1,106,1
5393,5,422,424,2304,4,2,0,0,0,0,26,1
5403,5,422,424,2304,4,2,0,0,0,0,26,1
5418,5,422,424,2304,4,11,0,0,0,0,200,1
5455,5,422,424,2304,4,5,0,0,0,0,102,1
5492,5,0,0,0,0,4,0,0,0,0,42,1
5525,5,422,424,2304,4,15,0,0,0,0,148,1
5596,5,422,424,2304,4,9,0,0,0,0,174,1
5627,5,422,424,2304,4,6,0,0,0,0,114,1
5638,5,422,424,2304,4,6,0,0,0,0,114,1
5647,5,422,424,2304,4,6,0,0,0,0,114,1
5654,5,422,424,2304,4,6,0,0,0,0,114,1
5664,5,422,424,2304,4,6,0,0,0,0,114,1
5686,5,422,424,2304,4,2,0,0,0,0,80,1
5694,5,422,424,2304,4,2,0,0,0,0,80,1
5704,5,422,424,2304,4,2,0,0,0,0,80,1
5715,5,422,424,2304,4,2,0,0,0,0,80,1
5724,5,422,424,2304,4,2,0,0,0,0,80,1
5734,5,422,424,2304,4,2,0,0,0,0,80,1
5744,5,422,424,2304,4,2,0,0,0,0,80,1
5756,5,0,0,0,0,0,0,0,0,0,6,1
5767,5,0,0,0,0,0,0,0,0,0,6,1
5842,5,422,424,2304,4,3,0,0,0,0,64,1
5855,5,0,0,0,0,1,0,0,0,0,4,1
5881,5,0,0,0,0,2,0,0,0,0,20,1
5909,5,422,424,2304,4,3,0,0,0,0,18,1
5994,5,422,424,2304,4,0,0,0,0,0,190,1
6011,5,422,424,2304,4,8,0,0,0,0,176,1
6020,5,422,424,2304,4,8,0,0,0,0,176,1
6049,5,422,424,2304,4,2,0,0,0,0,22,1
6089,5,422,424,2304,4,1,0,0,0,0,6,1
6100,5,422,424,2304,4,2,0,0,0,0,26,1
6240,5,6955,6953,6956,4,0,0,0,0,0,138,1
6,5,422,1834,836,4,1,0,0,0,0,4,1
22,5,422,424,2304,4,1,0,0,0,0,30,1
44,5,7,8,9,4,0,0,0,0,0,2,1
63,5,5327,5328,5329,4,3,0,0,0,0,68,1
81,5,5849,5850,5851,4,1,0,0,0,0,4,1
88,5,138,139,141,4,0,0,0,0,0,24,1
104,5,123,124,126,4,2,0,0,0,0,38,1
123,5,163,165,167,4,6,0,0,0,0,56,1
159,5,191,194,196,4,1,0,0,0,0,2,1
178,5,391,424,2304,4,5,0,0,0,0,66,1
188,5,422,424,2304,4,0,0,0,0,0,34,1
255,5,422,424,2304,4,0,0,0,0,0,76,1
282,5,422,424,2304,4,23,0,0,0,0,32,1
110,4,4666,4665,4668,4,11,0,0,0,0,172,1
134,3,5327,5328,5329,4,7,0,0,0,0,128,1
6252,5,7009,7010,7011,5,16,0,1,0,0,292,1
6219,5,451,1156,836,4,11,0,0,0,0,230,68
204,5,451,424,2304,4,4,0,1,0,0,68,1
8133,5,10057,10386,10385,6,51,0,1,1,1,1570,1
240,5,440,1156,2304,5,14,0,1,0,0,0,1
301,5,0,0,0,0,13,0,0,0,0,142,1
357,5,422,424,2304,4,0,0,0,0,0,22,1
371,5,422,424,2304,4,0,0,0,0,0,22,1
415,5,153,154,156,4,0,0,0,0,0,28,1
427,5,422,424,2304,4,14,0,0,0,0,318,1
443,5,94,95,97,4,0,0,0,0,0,28,1
475,5,422,424,2304,4,3,0,0,0,0,38,1
502,5,260,261,263,4,0,0,0,0,0,122,1
652,5,0,0,0,0,6,0,0,0,0,18,1
718,5,0,0,0,0,0,0,0,0,0,22,1
795,5,422,424,2304,4,10,0,0,0,0,222,1
871,5,359,360,361,4,20,0,0,0,0,226,1
899,5,41,42,44,4,4,0,0,0,0,84,1
935,5,422,424,2304,4,0,0,0,0,0,158,1
941,5,91,89,92,4,8,0,0,0,0,158,1
1009,5,143,147,146,4,7,0,0,0,0,128,1
1022,5,1044,1046,1048,4,4,0,0,0,0,68,1
1064,5,0,0,0,0,5,0,0,0,0,56,1
1076,5,422,424,2304,4,4,0,0,0,0,42,1
1102,5,284,285,287,4,10,0,0,0,0,134,1
1112,5,284,285,287,4,13,0,0,0,0,138,1
1122,5,284,285,287,4,13,0,0,0,0,142,1
1130,5,284,285,287,4,10,0,0,0,0,134,1
1146,5,0,0,0,0,4,0,0,0,0,42,1
1157,5,6223,6232,6230,4,12,0,0,0,0,282,1
1198,5,75,76,78,4,8,0,0,0,0,176,1
1218,5,422,424,2304,4,5,0,0,0,0,84,1
1244,5,1284,1283,1285,4,7,0,0,0,0,120,1
1307,5,422,424,2304,4,0,0,0,0,0,96,1
1343,5,1343,1340,1342,4,11,0,0,0,0,176,1
1348,5,422,424,2304,4,9,0,0,0,0,200,1
1355,5,1341,1340,1342,4,9,0,0,0,0,200,1
1403,5,55,56,57,4,1,0,0,0,0,4,1
1470,5,0,0,0,0,0,0,0,0,0,46,1
1522,5,422,424,2304,4,0,0,0,0,0,138,1
1555,5,422,424,2304,4,38,0,0,0,0,226,1
1566,5,422,424,2304,4,21,0,0,0,0,240,1
1584,5,4666,4665,4668,4,11,0,0,0,0,172,1
1692,5,422,424,2304,4,1,0,0,0,0,2,1
1761,5,0,0,0,0,1,0,0,0,0,14,1
1776,5,6184,6183,6182,4,1,0,0,0,0,4,1
1825,5,422,424,2304,4,0,0,0,0,0,6,1
1880,5,422,424,2304,4,3,0,0,0,0,44,1
1914,5,451,424,2304,4,19,0,0,0,0,278,1
1931,5,422,424,2304,4,3,0,0,0,0,44,1
1956,5,422,424,2304,4,10,0,0,0,0,192,1
1968,5,422,424,2304,4,6,0,0,0,0,168,1
1991,5,422,424,2304,4,0,0,0,0,0,182,1
2025,5,727,420,2304,4,25,0,0,0,0,196,1
2031,5,422,424,2304,4,7,0,0,0,0,104,1
2045,5,422,424,2304,4,5,0,0,0,0,88,1
2058,5,422,424,2304,4,2,0,0,0,0,26,1
2082,5,0,0,0,0,0,0,0,0,0,0,1
2247,5,422,424,2304,4,2,0,0,0,0,2,1
2264,5,422,424,2304,4,11,0,0,0,0,118,1
2301,5,0,0,0,0,2,0,0,0,0,6,1
2361,5,422,424,2304,4,10,0,0,0,0,216,1
2418,5,0,0,0,0,20,0,0,0,0,226,1
2462,5,422,424,2304,4,0,0,0,0,0,6,1
2496,5,422,424,2304,4,6,0,0,0,0,64,1
2604,5,2609,2606,2607,4,13,0,0,0,0,266,1
2613,5,2610,2606,2607,4,15,0,0,0,0,298,1
2632,5,2628,2629,2630,4,13,0,0,0,0,180,1
2681,5,6184,6183,6182,4,1,0,0,0,0,4,1
2697,5,422,424,2304,4,2,0,0,0,0,12,1
2703,5,422,424,2304,4,4,0,0,0,0,42,1
2710,5,711,1834,836,4,6,0,0,0,0,26,1
2739,5,2628,2629,2630,7,13,0,0,0,0,180,1
2750,5,0,0,0,0,0,0,0,0,0,0,1
2841,5,422,424,2304,4,6,0,0,0,0,114,1
2866,5,0,0,0,0,2,0,0,0,0,26,1
2887,5,422,424,2304,4,11,0,0,0,0,176,1
2969,5,0,0,0,0,4,0,0,0,0,42,1
3013,5,0,0,0,0,1,0,0,0,0,2,1
3028,5,422,424,2304,4,4,0,0,0,0,150,1
3063,5,422,424,2304,4,10,0,0,0,0,214,1
3065,5,422,424,2304,4,5,0,0,0,0,80,1
3169,5,0,0,0,0,4,0,0,0,0,46,1
3176,5,0,0,0,0,4,0,0,0,0,46,1
2591,3,2612,2606,2607,4,13,0,0,0,0,206,1
1600,5,422,424,2304,4,3,0,0,0,0,46,10
1608,5,9439,9441,9440,4,11,0,0,0,1,212,70
1623,5,422,424,2304,4,4,0,0,0,0,58,20
1634,5,422,424,2304,4,4,0,0,0,0,86,30
1643,5,1162,420,836,4,8,0,0,0,0,132,45
1653,5,422,424,2304,4,1,0,0,0,0,16,5
2805,5,422,424,2304,4,3,0,0,0,0,48,22
347,5,422,424,2304,4,0,0,0,0,0,22,1
362,5,422,424,2304,4,1,0,0,0,0,4,1
374,5,422,424,2304,4,7,0,0,0,0,106,1
414,5,153,154,156,4,0,0,0,0,0,28,1
424,5,299,300,302,4,2,0,0,0,0,26,1
439,5,94,95,97,4,0,0,0,0,0,28,1
449,5,422,424,2304,4,3,0,0,0,0,52,1
504,5,299,300,302,4,0,0,0,0,0,122,1
650,5,0,0,0,0,8,0,0,0,0,96,1
719,5,0,0,0,0,0,0,0,0,0,22,1
749,5,6726,6728,6727,4,18,0,0,0,0,332,1
839,5,75,76,78,4,44,0,0,0,0,54,1
879,5,64,65,67,4,0,0,0,0,0,54,1
929,5,422,424,2304,4,10,0,0,0,0,140,1
977,5,143,147,146,4,0,0,0,0,0,78,1
1002,5,422,424,2304,4,2,0,0,0,0,26,1
1017,5,5387,5388,5389,4,1,0,0,0,0,2,1
1046,5,422,424,2304,4,0,0,0,0,0,34,1
1073,5,422,424,2304,4,6,0,0,0,0,84,1
1104,5,284,285,287,4,10,0,0,0,0,134,1
1117,5,284,285,287,4,38,0,0,0,0,226,1
1127,5,284,285,287,4,13,0,0,0,0,142,1
1143,5,0,0,0,0,4,0,0,0,0,42,1
1154,5,6223,6232,6230,4,8,0,0,0,0,170,1
1193,5,1245,1244,1246,4,0,0,0,0,0,4,1
1206,5,0,0,0,0,15,0,0,0,0,220,1
1223,5,422,424,2304,4,7,0,0,0,0,122,1
1267,5,1312,1313,1314,4,1,0,0,0,0,26,1
1339,5,1341,1340,1342,4,11,0,0,0,0,176,1
1347,5,1341,1340,1342,4,11,0,0,0,0,176,1
1389,5,422,424,2304,4,16,0,0,0,0,16,1
1404,5,1245,1244,1246,4,0,0,0,0,0,4,1
1463,5,422,424,2304,4,2,0,0,0,0,6,1
1478,5,422,424,2304,4,5,0,0,0,0,88,1
1530,5,422,424,2304,4,0,0,0,0,0,4,1
1559,5,422,424,2304,4,10,0,0,0,0,192,1
1577,5,0,0,0,0,0,0,0,0,0,0,1
1590,5,91,89,92,4,12,0,0,0,0,262,1
1614,5,422,424,2304,4,2,0,0,0,0,92,1
1691,5,5849,5850,5851,4,1,0,0,0,0,4,1
1698,5,422,424,2304,4,7,0,0,0,0,118,1
1767,5,5849,5850,5851,4,1,0,0,0,0,4,1
1829,5,422,424,2304,4,2,0,0,0,0,20,1
1905,5,422,424,2304,4,7,0,0,0,0,110,1
1938,5,422,424,2304,4,21,0,0,0,0,240,1
1940,5,422,424,2304,4,21,0,0,0,0,240,1
1962,5,422,424,2304,4,6,0,0,0,0,168,1
1995,5,422,424,2304,4,3,0,0,0,0,36,1
1997,5,422,424,2304,4,2,0,0,0,0,22,1
2028,5,2075,424,2304,4,20,0,0,0,0,196,1
2044,5,422,424,2304,4,5,0,0,0,0,88,1
2054,5,422,424,2304,4,5,0,0,0,0,88,1
2072,5,422,424,2304,4,2,0,0,0,0,22,1
2083,5,0,0,0,0,0,0,0,0,0,0,1
2248,5,422,424,2304,4,2,0,0,0,0,2,1
2278,5,6184,6183,6182,4,1,0,0,0,0,4,1
2310,5,422,424,2304,4,1,0,0,0,0,4,1
2360,5,422,424,2304,4,10,0,0,0,0,216,1
2455,5,1341,1340,1342,4,11,0,0,0,0,176,1
2463,5,422,424,2304,4,5,0,0,0,0,318,1
2482,5,0,0,0,0,3,0,0,0,0,54,1
2501,5,422,424,2304,4,6,0,0,0,0,120,1
2603,5,2609,2606,2607,4,9,0,0,0,0,148,1
2615,5,2610,2606,2607,4,15,0,0,0,0,298,1
2629,5,2625,2626,2627,4,7,0,0,0,0,90,1
2675,5,422,424,2304,4,1,0,0,0,0,4,1
2687,5,164,165,167,4,6,0,0,0,0,56,1
2702,5,422,424,2304,4,4,0,0,0,0,42,1
2717,5,0,0,0,0,3,0,0,0,0,32,1
2743,5,2644,2645,2646,5,49,0,0,0,0,720,1
2776,5,0,0,0,0,1,0,0,0,0,4,1
2842,5,422,424,2304,4,6,0,0,0,0,114,1
2869,5,0,0,0,0,2,0,0,0,0,26,1
2885,5,1312,1313,1314,4,9,0,0,0,0,274,1
2963,5,0,0,0,0,4,0,0,0,0,42,1
2973,5,0,0,0,0,4,0,0,0,0,42,1
3014,5,0,0,0,0,1,0,0,0,0,2,1
3043,5,422,424,2304,4,3,0,0,0,0,42,1
3064,5,422,424,2304,4,15,0,0,0,0,324,1
3080,5,0,0,0,0,1,0,0,0,0,10,1
3173,5,0,0,0,0,4,0,0,0,0,46,1
3183,5,0,0,0,0,4,0,0,0,0,46,1
1605,5,422,424,2304,4,11,0,0,0,0,192,60
1624,5,1557,1555,1558,4,8,0,0,0,0,186,65
1642,5,422,424,2304,4,6,0,0,0,0,156,62
1652,5,422,424,2304,4,1,0,0,0,0,16,5
2804,5,422,424,2304,4,3,0,0,0,0,48,22
348,5,422,424,2304,4,0,0,0,0,0,22,1
361,5,422,424,2304,4,1,0,0,0,0,4,1
372,5,0,0,0,0,0,0,0,0,0,22,1
412,5,30,31,36,4,2,0,0,0,0,12,1
423,5,299,300,302,4,2,0,0,0,0,26,1
440,5,94,95,97,4,0,0,0,0,0,28,1
459,5,260,261,263,4,2,0,0,0,0,26,1
509,5,123,124,126,4,9,0,0,0,0,182,1
674,5,422,424,2304,4,0,0,0,0,0,46,1
717,5,0,0,0,0,0,0,0,0,0,22,1
753,5,422,424,2304,4,5,0,0,0,0,86,1
852,5,359,360,361,4,9,0,0,0,0,162,1
897,5,255,256,258,4,2,0,0,0,0,38,1
912,5,811,1834,836,4,20,0,0,0,0,108,1
937,5,265,266,268,4,12,0,0,0,0,200,1
990,5,422,424,2304,4,8,0,0,0,0,124,1
1015,5,1011,1012,1009,4,0,0,0,0,0,12,1
1045,5,422,424,2304,4,0,0,0,0,0,34,1
1067,5,0,0,0,0,5,0,0,0,0,56,1
1077,5,422,424,2304,4,4,0,0,0,0,42,1
1105,5,284,285,287,4,10,0,0,0,0,134,1
1115,5,1142,285,287,4,38,0,0,0,0,226,1
1126,5,284,285,287,4,13,0,0,0,0,142,1
1138,5,284,285,287,4,13,0,0,0,0,138,1
1156,5,6223,6232,6230,4,3,0,0,0,0,56,1
1172,5,1199,1200,1201,4,9,0,0,0,0,166,1
1201,5,0,0,0,0,10,0,0,0,0,216,1
1228,5,1277,1278,1279,4,3,0,0,0,0,40,1
1264,5,422,424,2304,4,20,0,0,0,0,216,1
1329,5,289,290,292,4,3,0,0,0,0,44,1
1350,5,422,424,2304,4,9,0,0,0,0,200,1
1367,5,422,424,2304,4,16,0,0,0,0,16,1
1458,5,422,424,2304,4,20,0,0,0,0,172,1
1473,5,422,424,2304,4,1,0,0,0,0,2,1
1521,5,422,424,2304,4,0,0,0,0,0,138,1
1556,5,422,424,2304,4,38,0,0,0,0,226,1
1563,5,422,424,2304,4,21,0,0,0,0,240,1
1586,5,4666,4665,4668,4,11,0,0,0,0,172,1
1591,5,91,89,92,4,17,0,0,0,0,378,1
1678,5,1612,1613,1611,4,1,0,0,0,0,50,1
1760,5,0,0,0,0,1,0,0,0,0,14,1
1769,5,6184,6183,6182,4,1,0,0,0,0,4,1
1802,5,422,424,2304,4,26,0,0,0,0,184,1
1827,5,422,424,2304,4,4,0,0,0,1,98,1
1906,5,422,424,2304,4,7,0,0,0,0,150,1
1936,5,422,424,2304,4,21,0,0,0,0,240,1
1953,5,422,424,2304,4,10,0,0,0,0,192,1
1963,5,422,424,2304,4,6,0,0,0,0,168,1
1994,5,422,424,2304,4,3,0,0,0,0,42,1
2026,5,2066,2063,2304,4,29,0,0,0,0,230,1
2032,5,422,424,2304,4,0,0,0,0,0,86,1
2053,5,422,424,2304,4,5,0,0,0,0,88,1
2071,5,422,424,2304,4,2,0,0,0,0,22,1
2130,5,422,424,2304,4,3,0,0,0,0,50,1
2249,5,422,424,2304,4,1,0,0,0,0,120,1
2277,5,6184,6183,6182,4,1,0,0,0,0,4,1
2315,5,422,424,2304,4,1,0,0,0,0,2,1
2374,5,0,0,0,0,0,0,0,0,0,22,1
2459,5,422,424,2304,4,0,0,0,0,0,6,1
2469,5,0,0,0,0,1,0,0,0,0,10,1
2472,5,0,0,0,0,1,0,0,0,0,10,1
2594,5,2609,2606,2607,4,13,0,0,0,0,206,1
2600,5,2609,2606,2607,4,9,0,0,0,0,148,1
2631,5,2628,2629,2630,4,13,0,0,0,0,180,1
2680,5,6184,6183,6182,4,1,0,0,0,0,4,1
2686,5,164,165,167,4,6,0,0,0,0,56,1
2705,5,0,0,0,0,4,0,0,0,0,42,1
2716,5,0,0,0,0,2,0,0,0,0,38,1
2740,5,2628,2629,2630,4,13,0,0,0,0,180,1
2751,5,0,0,0,0,5,0,0,0,0,66,1
2843,5,422,424,2304,4,6,0,0,0,0,110,1
2863,5,0,0,0,0,2,0,0,0,0,26,1
2888,5,422,424,2304,4,11,0,0,0,0,176,1
2964,5,0,0,0,0,4,0,0,0,0,42,1
2980,5,0,0,0,0,1,0,0,0,0,2,1
3018,5,0,0,0,0,1,0,0,0,0,2,1
3060,5,6184,6183,6182,4,4,0,0,0,0,48,1
3068,5,2989,2983,2987,4,13,0,0,0,0,280,1
3154,5,422,424,2304,4,3,0,0,0,0,68,1
3182,5,0,0,0,0,4,0,0,0,0,46,1
3186,5,0,0,0,0,4,0,0,0,0,46,1
1606,5,422,424,2304,4,11,0,0,0,0,192,60
1622,5,422,424,2304,4,4,0,0,0,0,58,20
1633,5,422,424,2304,4,4,0,0,0,0,86,30
1644,5,422,424,2304,4,8,0,0,0,0,132,45
1651,5,422,424,2304,4,1,0,0,0,0,16,5
2801,5,422,424,2304,4,8,0,0,0,1,120,32
352,5,422,424,2304,4,1,0,0,0,0,4,1
368,5,0,0,0,0,4,0,0,0,0,42,1
395,5,284,285,287,4,20,0,0,0,0,28,1
416,5,153,154,156,4,0,0,0,0,0,28,1
422,5,299,300,302,4,2,0,0,0,0,26,1
447,5,422,424,2304,4,3,0,0,0,0,52,1
479,5,422,424,2304,4,2,0,0,0,0,2,1
645,5,422,424,2304,4,0,0,0,0,0,4,1
675,5,0,0,0,0,2,0,0,0,0,22,1
726,5,0,0,0,0,1,0,0,0,0,4,1
745,5,6184,6183,6182,4,0,0,0,0,0,4,1
840,5,422,424,2304,4,0,0,0,0,0,84,1
891,5,422,424,2304,4,0,0,0,0,0,26,1
917,5,422,424,2304,4,3,0,0,0,0,52,1
951,5,55,56,57,4,1,0,0,0,0,2,1
1007,5,422,424,2304,4,20,0,0,0,0,130,1
1044,5,422,424,2304,4,0,0,0,0,0,34,1
1068,5,0,0,0,0,5,0,0,0,0,56,1
1092,5,422,424,2304,4,6,0,0,0,0,72,1
1106,5,284,285,287,4,13,0,0,0,0,138,1
1118,5,284,285,287,4,13,0,0,0,0,142,1
1129,5,284,285,287,4,13,0,0,0,0,142,1
1149,5,0,0,0,0,4,0,0,0,0,42,1
1192,5,1245,1244,1246,4,0,0,0,0,0,4,1
1203,5,422,424,2304,4,15,0,0,0,0,220,1
1225,5,422,424,2304,4,7,0,0,0,0,122,1
1296,5,0,0,0,0,4,0,0,0,0,42,1
1351,5,1341,1340,1342,4,9,0,0,0,0,200,1
1368,5,422,424,2304,4,16,0,0,0,0,16,1
1457,5,422,424,2304,4,20,0,0,0,0,172,1
1467,5,422,424,2304,4,7,0,0,0,0,164,1
1479,5,422,424,2304,4,1,0,0,0,0,16,1
1524,5,422,424,2304,4,2,0,0,0,0,80,1
1558,5,422,424,2304,4,10,0,0,0,0,192,1
1576,5,0,0,0,0,16,0,0,0,0,190,1
1587,5,422,424,2304,4,14,0,0,0,0,168,1
1628,5,422,424,2304,4,10,0,0,0,0,166,1
1693,5,422,424,2304,4,4,0,0,0,0,64,1
1766,5,5849,5850,5851,4,1,0,0,0,0,4,1
1774,5,6184,6183,6182,4,1,0,0,0,0,4,1
1824,5,422,424,2304,4,0,0,0,0,0,6,1
1875,5,0,0,0,0,1,0,0,0,0,16,1
1919,5,422,424,2304,4,16,0,0,0,0,190,1
1929,5,0,0,0,0,3,0,0,0,0,44,1
1952,5,422,424,2304,4,10,0,0,0,0,192,1
1964,5,422,424,2304,4,6,0,0,0,0,168,1
1973,5,422,424,2304,4,11,0,0,0,0,200,1
2019,5,422,424,2304,4,6,0,0,0,0,168,1
2036,5,422,424,2304,4,2,0,0,0,0,26,1
2049,5,422,424,2304,4,5,0,0,0,0,88,1
2057,5,422,424,2304,4,5,0,0,0,0,88,1
2076,5,422,424,2304,4,2,0,0,0,0,22,1
2133,5,422,424,2304,4,3,0,0,0,0,50,1
2275,5,422,424,2304,4,1,0,0,0,0,4,1
2314,5,422,424,2304,4,1,0,0,0,0,2,1
2362,5,422,424,2304,4,10,0,0,0,0,216,1
2423,5,422,424,2304,4,6,0,0,0,0,96,1
2464,5,422,424,2304,4,5,0,0,0,0,318,1
2497,5,422,424,2304,4,6,0,0,0,0,64,1
2590,5,0,0,0,0,0,0,0,0,0,0,1
2597,5,2612,2606,2607,4,13,0,0,0,0,206,1
2607,5,2610,2605,2607,4,13,0,0,0,0,266,1
2616,5,2610,2606,2607,4,15,0,0,0,0,298,1
2649,5,0,0,0,0,1,0,0,0,0,120,1
2685,5,164,165,167,4,6,0,0,0,0,56,1
2698,5,422,424,2304,4,5,0,0,0,0,66,1
2709,5,711,1834,836,4,6,0,0,0,0,26,1
2746,5,9252,9253,9257,6,14,0,0,0,0,216,1
2778,5,422,424,2304,4,5,0,0,0,0,66,1
2844,5,422,424,2304,4,6,0,0,0,0,110,1
2892,5,422,424,2304,4,11,0,0,0,0,152,1
2967,5,0,0,0,0,4,0,0,0,0,42,1
3008,5,0,0,0,0,1,0,0,0,0,2,1
3026,5,422,424,2304,4,4,0,0,0,0,150,1
3059,5,422,424,2304,4,9,0,0,0,0,170,1
3067,5,422,424,2304,4,0,0,0,0,0,282,1
3153,5,422,424,2304,4,6,0,0,0,0,92,1
3174,5,0,0,0,0,4,0,0,0,0,46,1
1338,1,1341,1340,1342,4,11,0,1,0,0,176,1
2883,5,2851,2852,2856,4,26,0,1,0,0,606,1
2736,3,2625,2626,2627,5,7,0,0,0,0,90,1
1602,5,422,424,2304,4,3,0,0,0,0,46,10
1609,5,422,424,2304,4,11,0,0,0,1,212,70
1635,5,422,424,2304,4,4,0,0,0,0,86,30
1649,5,422,424,2304,4,1,0,0,0,0,16,5
1655,5,422,424,2304,4,1,0,0,0,0,16,5
2806,5,422,424,2304,4,3,0,0,0,0,48,22
354,5,422,424,2304,4,1,0,0,0,0,4,1
370,5,422,424,2304,4,0,0,0,0,0,22,1
392,5,284,285,287,4,20,0,0,0,0,28,1
419,5,299,300,302,4,2,0,0,0,0,26,1
428,5,422,424,2304,4,14,0,0,0,0,318,1
444,5,6184,6183,6182,4,1,0,0,0,0,4,1
478,5,422,424,2304,4,5,0,0,0,0,96,1
508,5,260,261,263,4,9,0,0,0,0,182,1
671,5,0,0,0,0,0,0,0,0,0,0,1
678,5,422,424,2304,4,4,0,0,0,0,42,1
730,5,0,0,0,0,1,0,0,0,0,4,1
827,5,422,424,2304,4,0,0,0,0,0,20,1
887,5,0,0,0,0,4,0,0,0,0,42,1
914,5,198,193,196,4,20,0,0,0,0,108,1
987,5,289,290,292,4,2,0,0,0,0,30,1
1005,5,0,0,0,0,3,0,0,0,0,54,1
1023,5,1035,1036,1037,4,7,0,0,0,0,122,1
1052,5,0,0,0,0,0,0,0,0,0,60,1
1075,5,422,424,2304,4,6,0,0,0,0,84,1
1097,5,284,285,287,4,23,0,0,0,0,182,1
1109,5,284,285,287,4,13,0,0,0,0,138,1
1120,5,284,285,287,4,13,0,0,0,0,142,1
1134,5,284,285,287,4,10,0,0,0,0,134,1
1145,5,0,0,0,0,4,0,0,0,0,42,1
1195,5,41,42,44,4,3,0,0,0,0,42,1
1219,5,422,424,2304,4,4,0,0,0,0,104,1
1246,5,1284,1283,1285,4,6,0,0,0,0,160,1
1317,5,422,424,2304,4,8,0,0,0,0,90,1
1342,5,1341,1340,1342,4,11,0,0,0,0,176,1
1353,5,1341,1340,1342,4,9,0,0,0,0,200,1
1401,5,55,56,57,4,1,0,0,0,0,2,1
1447,5,422,424,2304,4,20,0,0,0,0,298,1
1464,5,422,424,2304,4,2,0,0,0,0,6,1
1475,5,422,424,2304,4,1,0,0,0,0,10,1
1540,5,422,424,2304,4,15,0,0,0,0,190,1
1565,5,422,424,2304,4,21,0,0,0,0,240,1
1585,5,4666,4665,4668,4,11,0,0,0,0,172,1
1589,5,25,26,28,4,5,0,0,0,0,96,1
1626,5,422,424,2304,4,10,0,0,0,0,166,1
1665,5,0,0,0,0,8,0,0,0,0,176,1
1758,5,422,424,2304,4,1,0,0,0,0,14,1
1773,5,6184,6183,6182,4,1,0,0,0,0,4,1
1822,5,422,424,2304,4,0,0,0,0,0,6,1
1874,5,422,424,2304,4,1,0,0,0,0,10,1
1884,5,422,424,2304,4,3,0,0,0,0,44,1
1937,5,422,424,2304,4,21,0,0,0,0,240,1
1955,5,422,424,2304,4,10,0,0,0,0,192,1
1967,5,422,424,2304,4,6,0,0,0,0,168,1
1977,5,451,424,2304,4,37,0,0,0,0,334,1
2015,5,422,424,2304,4,6,0,0,0,0,168,1
2037,5,422,424,2304,4,2,0,0,0,0,26,1
2046,5,422,424,2304,4,5,0,0,0,0,88,1
2069,5,422,424,2304,4,2,0,0,0,0,22,1
2077,5,422,424,2304,4,2,0,0,0,0,22,1
2246,5,422,424,2304,4,3,0,0,0,0,38,1
2276,5,6184,6183,6182,4,1,0,0,0,0,4,1
2312,5,0,0,0,0,1,0,0,0,0,4,1
2371,5,0,0,0,0,1,0,0,0,0,120,1
2456,5,422,424,2304,4,11,0,0,0,0,176,1
2467,5,422,424,2304,4,5,0,0,0,0,318,1
2473,5,0,0,0,0,1,0,0,0,0,10,1
2592,5,2612,2606,2607,4,13,0,0,0,0,206,1
2598,5,2609,2606,2607,4,9,0,0,0,0,148,1
2609,5,422,424,2304,4,13,0,0,0,0,266,1
2627,5,2621,2622,2620,4,4,0,0,0,0,44,1
2682,5,2705,2706,2707,4,1,0,0,0,0,2,1
2689,5,0,0,0,0,1,0,0,0,0,10,1
2708,5,0,0,0,0,1,0,0,0,0,4,1
2745,5,9277,-1,9279,9,98,0,0,0,0,1404,1
2777,5,422,424,2304,4,5,0,0,0,0,66,1
2840,5,422,424,2304,4,6,0,0,0,0,114,1
2845,5,422,424,2304,4,6,0,0,0,0,110,1
2879,5,422,424,2304,4,13,0,0,0,0,188,1
2894,5,422,424,2304,4,11,0,0,0,0,152,1
2966,5,0,0,0,0,4,0,0,0,0,42,1
3011,5,0,0,0,0,1,0,0,0,0,2,1
3042,5,422,424,2304,4,3,0,0,0,0,42,1
3057,5,422,424,2304,4,9,0,0,0,0,204,1
3069,5,422,424,2304,4,13,0,0,0,0,280,1
3151,5,422,424,2304,4,2,0,0,0,0,26,1
3178,5,0,0,0,0,4,0,0,0,0,46,1
3188,5,422,424,2304,4,4,0,0,0,0,46,1
2734,3,2621,2622,2620,6,4,0,0,0,0,44,1
1158,5,6223,6232,6230,4,31,0,1,0,0,666,1
1603,5,422,424,2304,4,3,0,0,0,0,46,10
1641,5,422,424,2304,4,6,0,0,0,0,156,62
1647,5,422,424,2304,4,8,0,0,0,0,132,45
359,5,0,0,0,0,1,0,0,0,0,4,1
391,5,284,285,287,4,20,0,0,0,0,28,1
413,5,153,154,156,4,0,0,0,0,0,28,1
430,5,422,424,2304,4,14,0,0,0,0,318,1
445,5,6184,6183,6182,4,1,0,0,0,0,4,1
480,5,422,424,2304,4,2,0,0,0,0,2,1
582,5,0,0,0,0,2,0,0,0,0,20,1
667,5,64,65,67,4,18,0,0,0,0,340,1
709,5,169,170,172,4,1,0,0,0,0,4,1
742,5,422,424,2304,4,8,0,0,0,0,166,1
856,5,359,360,361,4,0,0,0,0,0,136,1
893,5,422,424,2304,4,2,0,0,0,0,26,1
930,5,422,424,2304,4,10,0,0,0,0,140,1
950,5,4933,4934,4935,4,3,0,0,0,0,6,1
1004,5,422,424,2304,4,1,0,0,0,0,2,1
1018,5,55,56,57,4,1,0,0,0,0,4,1
1066,5,0,0,0,0,5,0,0,0,0,56,1
1085,5,422,424,2304,4,2,0,0,0,0,10,1
1103,5,284,285,287,4,10,0,0,0,0,134,1
1111,5,284,285,287,4,13,0,0,0,0,138,1
1124,5,284,285,287,4,13,0,0,0,0,142,1
1133,5,284,285,287,4,10,0,0,0,0,134,1
1148,5,0,0,0,0,4,0,0,0,0,42,1
1205,5,0,0,0,0,15,0,0,0,0,220,1
1221,5,0,0,0,0,1,0,0,0,0,2,1
1250,5,1284,1283,1285,4,11,0,0,0,0,240,1
1328,5,289,290,292,4,2,0,0,0,0,24,1
1345,5,422,424,2304,4,11,0,0,0,0,176,1
1374,5,0,0,0,0,4,0,0,0,0,42,1
1441,5,422,424,2304,4,37,0,0,0,0,298,1
1466,5,422,424,2304,4,7,0,0,0,0,164,1
1477,5,422,424,2304,4,2,0,0,0,0,28,1
1525,5,422,424,2304,4,2,0,0,0,0,80,1
1561,5,422,424,2304,4,21,0,0,0,0,240,1
1582,5,4666,4665,4668,4,11,0,0,0,0,172,1
1593,5,6562,6563,6564,4,6,0,0,0,0,126,1
1629,5,422,424,2304,4,10,0,0,0,0,166,1
1759,5,0,0,0,0,1,0,0,0,0,14,1
1768,5,5849,5850,5851,4,1,0,0,0,0,4,1
1804,5,0,0,0,0,26,0,0,0,0,184,1
1883,5,422,424,2304,4,3,0,0,0,0,44,1
1926,5,422,424,2304,4,3,0,0,0,0,44,1
1939,5,422,424,2304,4,21,0,0,0,0,240,1
1958,5,422,424,2304,4,6,0,0,0,0,168,1
1969,5,422,424,2304,4,1,0,0,0,0,184,1
1996,5,422,424,2304,4,5,0,0,0,0,62,1
2027,5,2080,420,2304,4,24,0,0,0,0,230,1
2035,5,422,424,2304,4,10,0,0,0,0,158,1
2051,5,422,424,2304,4,5,0,0,0,0,88,1
2073,5,422,424,2304,4,3,0,0,0,0,48,1
2131,5,422,424,2304,4,3,0,0,0,0,50,1
2251,5,422,424,2304,4,1,0,0,0,0,120,1
2279,5,6184,6183,6182,4,1,0,0,0,0,4,1
2313,5,422,424,2304,4,1,0,0,0,0,2,1
2350,5,422,424,2304,4,0,0,0,0,0,22,1
2452,5,422,424,2304,4,9,0,0,0,0,274,1
2465,5,422,424,2304,4,5,0,0,0,0,318,1
2492,5,422,424,2304,4,5,0,0,0,0,88,1
2593,5,2612,2606,2607,4,13,0,0,0,0,206,1
2601,5,2609,2606,2607,4,9,0,0,0,0,148,1
2611,5,2610,2606,2607,4,15,0,0,0,0,298,1
2628,5,2621,2622,2620,4,4,0,0,0,0,44,1
2677,5,422,424,2304,4,4,0,0,0,0,10,1
2693,5,422,424,2304,4,1,0,0,0,0,4,1
2707,5,0,0,0,0,1,0,0,0,0,4,1
2735,5,2621,2622,2620,4,4,0,0,0,0,44,1
2737,5,2625,2626,2627,4,7,0,0,0,0,90,1
2747,5,0,0,0,0,0,0,0,0,0,0,1
2784,5,0,0,0,0,0,0,0,0,0,22,1
2808,5,422,424,2304,4,2,0,0,0,0,24,1
2849,5,422,424,2304,4,28,0,0,0,0,300,1
2931,5,0,0,0,0,2,0,0,0,0,38,1
2971,5,0,0,0,0,4,0,0,0,0,42,1
2981,5,0,0,0,0,1,0,0,0,0,2,1
3017,5,0,0,0,0,1,0,0,0,0,2,1
3058,5,422,424,2304,4,5,0,0,0,0,112,1
3071,5,422,424,2304,4,13,0,0,0,0,280,1
3171,5,0,0,0,0,4,0,0,0,0,46,1
3179,5,0,0,0,0,4,0,0,0,0,46,1
3189,5,422,424,2304,4,4,0,0,0,0,46,1
1621,5,422,424,2304,4,5,0,0,0,0,74,25
1677,2,1616,1617,1618,4,1,0,0,0,0,50,1
1832,5,422,424,2304,4,1,0,0,0,0,12,7
2882,5,2854,2852,2856,4,56,0,1,0,0,606,1
1610,3,9454,9455,9458,4,11,0,0,0,0,222,75
1637,5,422,424,2304,4,6,0,0,0,0,156,62
1648,3,9125,9127,9126,4,1,0,0,0,0,16,5
360,5,422,424,2304,4,1,0,0,0,0,4,1
382,5,0,0,0,0,2,0,0,0,0,20,1
397,5,5849,5850,5851,4,1,0,0,0,0,4,1
421,5,299,300,302,4,2,0,0,0,0,26,1
438,5,94,95,97,4,0,0,0,0,0,28,1
448,5,422,424,2304,4,3,0,0,0,0,52,1
489,5,310,312,313,4,5,0,0,0,0,84,1
643,5,422,424,2304,4,5,0,0,0,0,46,1
663,5,0,0,0,0,1,0,0,0,0,4,1
708,5,169,170,172,4,1,0,0,0,0,4,1
750,5,6726,6728,6727,4,18,0,0,0,0,332,1
812,5,0,0,0,0,4,0,0,0,0,42,1
878,5,422,424,2304,4,4,0,0,0,0,76,1
913,5,811,378,836,4,20,0,0,0,0,108,1
988,5,422,424,2304,4,8,0,0,0,0,124,1
999,5,64,65,67,4,0,0,0,0,0,182,1
1021,5,1040,1042,1041,4,5,0,0,0,0,68,1
1053,5,1087,1088,1089,4,0,0,0,0,0,60,1
1087,5,422,424,2304,4,1,0,0,0,0,10,1
1101,5,284,285,287,4,10,0,0,0,0,134,1
1110,5,284,285,287,4,13,0,0,0,0,138,1
1123,5,284,285,287,4,13,0,0,0,0,142,1
1131,5,284,285,287,4,10,0,0,0,0,134,1
1147,5,0,0,0,0,4,0,0,0,0,42,1
1159,5,1185,6237,6233,4,31,0,0,0,0,666,1
1194,5,1245,1244,1246,4,0,0,0,0,0,4,1
1220,5,422,424,2304,4,7,0,0,0,0,122,1
1248,5,1284,1283,1285,4,9,0,0,0,0,200,1
1297,5,0,0,0,0,4,0,0,0,0,42,1
1341,5,1341,1340,1342,4,11,0,0,0,0,176,1
1344,5,1341,1340,1342,4,11,0,0,0,0,176,1
1354,5,1341,1340,1342,4,9,0,0,0,0,200,1
1402,5,55,56,57,4,1,0,0,0,0,2,1
1460,5,422,424,2304,4,14,0,0,0,0,334,1
1487,5,422,424,2304,4,2,0,0,0,0,6,1
1531,5,422,424,2304,4,1,0,0,0,0,4,1
1575,5,422,424,2304,4,32,0,0,0,0,562,1
1581,5,0,0,0,0,0,0,0,0,0,0,1
1594,5,422,424,2304,4,6,0,0,0,0,126,1
1632,5,422,424,2304,4,10,0,0,0,0,166,1
1711,5,422,424,2304,4,0,0,0,0,0,24,1
1775,5,6184,6183,6182,4,1,0,0,0,0,4,1
1823,5,422,424,2304,4,0,0,0,0,0,6,1
1881,5,422,424,2304,4,3,0,0,0,0,44,1
1915,5,422,424,2304,4,19,0,0,0,0,278,1
1928,5,0,0,0,0,3,0,0,0,0,44,1
1941,5,422,424,2304,4,21,0,0,0,0,240,1
1961,5,422,424,2304,4,6,0,0,0,0,168,1
1974,5,406,424,2304,6,22,0,0,0,0,206,1
2017,5,422,424,2304,4,6,0,0,0,0,168,1
2034,5,422,424,2304,4,3,0,0,0,0,112,1
2052,5,422,424,2304,4,5,0,0,0,0,88,1
2070,5,422,424,2304,4,2,0,0,0,0,22,1
2090,5,0,0,0,0,0,0,0,0,0,0,1
2250,5,422,424,2304,4,1,0,0,0,0,120,1
2274,5,422,424,2304,4,1,0,0,0,0,4,1
2328,5,0,0,0,0,3,0,0,0,0,6,1
2359,5,422,424,2304,4,10,0,0,0,0,216,1
2454,5,422,424,2304,4,4,0,0,0,0,84,1
2466,5,422,424,2304,4,5,0,0,0,0,318,1
2499,5,422,424,2304,4,6,0,0,0,0,120,1
2503,5,422,424,2304,4,6,0,0,0,0,120,1
2602,5,2609,2606,2607,4,9,0,0,0,0,148,1
2610,5,422,424,2304,4,15,0,0,0,0,298,1
2630,5,2625,2626,2627,4,7,0,0,0,0,90,1
2674,5,422,424,2304,4,23,0,0,0,0,32,1
2688,5,163,165,167,4,6,0,0,0,0,56,1
2704,5,0,0,0,0,4,0,0,0,0,42,1
2711,5,711,1834,836,4,6,0,0,0,0,26,1
2741,5,2637,2635,2638,5,25,0,0,0,0,360,1
2781,5,0,0,0,0,3,0,0,0,0,46,1
2837,5,422,424,2304,4,6,0,0,0,0,114,1
2847,5,422,424,2304,4,6,0,0,0,0,110,1
2884,5,422,424,2304,4,27,0,0,0,0,196,1
2889,5,422,424,2304,4,15,0,0,0,0,254,1
2972,5,0,0,0,0,4,0,0,0,0,42,1
3009,5,0,0,0,0,1,0,0,0,0,2,1
3015,5,0,0,0,0,1,0,0,0,0,2,1
3061,5,422,424,2304,4,6,0,0,0,0,112,1
3072,5,422,424,2304,4,7,0,0,0,0,106,1
3168,5,0,0,0,0,4,0,0,0,0,46,1
3180,5,0,0,0,0,4,0,0,0,0,46,1
1620,5,422,424,2304,4,5,0,0,0,0,74,25
1612,4,9449,9451,9450,4,8,0,0,0,0,46,15
1640,5,422,424,2304,4,6,0,0,0,0,156,62
1646,5,422,424,2304,4,8,0,0,0,0,132,45
1471,3,5519,5520,5521,4,12,0,1,0,0,26,1
365,5,422,424,2304,4,8,0,0,0,0,124,1
393,5,284,285,287,4,20,0,0,0,0,28,1
420,5,299,300,302,4,2,0,0,0,0,26,1
426,5,422,424,2304,4,14,0,0,0,0,318,1
442,5,94,95,97,4,0,0,0,0,0,28,1
476,5,422,424,2304,4,3,0,0,0,0,38,1
507,5,299,300,302,4,9,0,0,0,0,182,1
649,5,0,0,0,0,6,0,0,0,0,84,1
728,5,0,0,0,0,1,0,0,0,0,4,1
792,5,422,424,2304,4,0,0,0,0,0,52,1
870,5,359,360,361,4,9,0,0,0,0,166,1
898,5,143,147,146,4,3,0,0,0,0,60,1
931,5,422,424,2304,4,0,0,0,0,0,180,1
989,5,422,424,2304,4,8,0,0,0,0,124,1
997,5,143,147,146,4,16,0,0,0,0,178,1
1016,5,0,0,0,0,0,0,0,0,0,12,1
1047,5,18,19,20,4,3,0,0,0,0,60,1
1074,5,422,424,2304,4,6,0,0,0,0,84,1
1096,5,284,285,287,4,27,0,0,0,0,208,1
1108,5,284,285,287,4,13,0,0,0,0,138,1
1121,5,284,285,287,4,13,0,0,0,0,142,1
1132,5,284,285,287,4,10,0,0,0,0,134,1
1150,5,0,0,0,0,4,0,0,0,0,42,1
1184,5,422,424,2304,4,10,0,0,0,0,216,1
1204,5,422,424,2304,4,15,0,0,0,0,220,1
1233,5,1277,1278,1279,4,3,0,0,0,0,40,1
1279,5,422,424,2304,4,10,0,0,0,0,138,1
1318,5,422,424,2304,4,8,0,0,0,0,96,1
1346,5,422,424,2304,4,11,0,0,0,0,176,1
1377,5,0,0,0,0,1,0,0,0,0,14,1
1456,5,422,424,2304,4,20,0,0,0,0,172,1
1474,5,0,0,0,0,1,0,0,0,0,2,1
1508,5,0,0,0,0,1,0,0,0,0,30,1
1541,5,422,424,2304,4,2,0,0,0,0,38,1
1564,5,422,424,2304,4,21,0,0,0,0,240,1
1583,5,4666,4665,4668,4,11,0,0,0,0,172,1
1616,5,422,424,2304,4,5,0,0,0,0,122,1
1631,5,422,424,2304,4,10,0,0,0,0,166,1
1681,5,422,424,2304,4,14,0,0,0,0,168,1
1710,5,422,424,2304,4,0,0,0,0,0,24,1
1772,5,6184,6183,6182,4,1,0,0,0,0,4,1
1812,5,1760,1758,1759,4,9,0,0,0,0,140,1
1830,5,0,0,0,0,1,0,0,0,0,10,1
1904,5,422,424,2304,4,7,0,0,0,0,110,1
1930,5,0,0,0,0,3,0,0,0,0,44,1
1954,5,422,424,2304,4,10,0,0,0,0,192,1
1965,5,422,424,2304,4,6,0,0,0,0,168,1
1975,5,406,424,2304,6,22,0,0,0,0,206,1
2001,5,422,424,2304,4,1,0,0,0,0,196,1
2033,5,422,424,2304,4,0,0,0,0,0,152,1
2048,5,422,424,2304,4,5,0,0,0,0,88,1
2055,5,422,424,2304,4,5,0,0,0,0,88,1
2078,5,422,424,2304,4,2,0,0,0,0,22,1
2132,5,422,424,2304,4,3,0,0,0,0,50,1
2256,5,422,424,2304,4,8,0,0,0,0,124,1
2280,5,6184,6183,6182,4,1,0,0,0,0,4,1
2349,5,422,424,2304,4,0,0,0,0,0,22,1
2417,5,0,0,0,0,20,0,0,0,0,226,1
2460,5,422,424,2304,4,0,0,0,0,0,6,1
2470,5,0,0,0,0,1,0,0,0,0,10,1
2491,5,422,424,2304,4,5,0,0,0,0,88,1
2502,5,422,424,2304,4,6,0,0,0,0,120,1
2596,5,2609,2606,2608,4,13,0,0,0,0,206,1
2608,5,422,424,2304,4,13,0,0,0,0,266,1
2624,5,0,0,0,0,15,0,0,0,0,298,1
2678,5,6184,6183,6182,4,1,0,0,0,0,4,1
2696,5,422,424,2304,4,23,0,0,0,0,32,1
2701,5,422,424,2304,4,4,0,0,0,0,42,1
2715,5,0,0,0,0,2,0,0,0,0,26,1
2782,5,422,424,2304,4,13,0,0,0,0,146,1
2839,5,422,424,2304,4,6,0,0,0,0,114,1
2846,5,422,424,2304,4,6,0,0,0,0,110,1
2962,5,0,0,0,0,4,0,0,0,0,42,1
2970,5,0,0,0,0,4,0,0,0,0,42,1
3012,5,0,0,0,0,1,0,0,0,0,2,1
3016,5,0,0,0,0,1,0,0,0,0,2,1
3048,5,0,0,0,0,1,0,0,0,0,2,1
3070,5,422,424,2304,4,13,0,0,0,0,280,1
3170,5,0,0,0,0,4,0,0,0,0,46,1
3181,5,0,0,0,0,4,0,0,0,0,46,1
3187,5,422,424,2304,4,4,0,0,0,0,46,1
3200,5,422,424,2304,4,28,0,0,0,0,610,1
2738,3,2625,2626,2627,4,7,0,0,0,0,90,1
1601,5,422,424,2304,4,3,0,0,0,0,46,10
1611,5,1517,1519,1518,4,11,0,0,0,0,222,75
1638,5,422,424,2304,4,6,0,0,0,0,156,62
1654,5,422,424,2304,4,1,0,0,0,0,16,5
394,5,284,285,287,4,20,0,0,0,0,28,1
417,5,153,154,156,4,0,0,0,0,0,28,1
429,5,422,424,2304,4,14,0,0,0,0,318,1
446,5,4933,4934,4935,4,3,0,0,0,0,6,1
477,5,422,424,2304,4,9,0,0,0,0,224,1
503,5,260,261,263,4,0,0,0,0,0,122,1
648,5,0,0,0,0,0,0,0,0,0,0,1
677,5,422,424,2304,4,18,0,0,0,0,0,1
729,5,0,0,0,0,1,0,0,0,0,4,1
803,5,422,424,2304,4,1,0,0,0,0,10,1
862,5,359,360,361,4,8,0,0,0,0,166,1
900,5,75,76,78,4,5,0,0,0,0,106,1
936,5,265,266,268,4,12,0,0,0,0,212,1
955,5,5849,5850,5851,4,1,0,0,0,0,4,1
1000,5,64,65,67,4,0,0,0,0,0,182,1
1020,5,1035,1036,1037,4,4,0,0,0,0,70,1
1063,5,0,0,0,0,5,0,0,0,0,56,1
1069,5,0,0,0,0,5,0,0,0,0,56,1
1095,5,1142,285,287,4,30,0,0,0,0,222,1
1107,5,422,424,2304,4,13,0,0,0,0,138,1
1119,5,284,285,287,4,13,0,0,0,0,142,1
1125,5,284,285,287,4,27,0,0,0,0,202,1
1144,5,0,0,0,0,4,0,0,0,0,42,1
1153,5,6223,6232,6230,4,3,0,0,0,0,56,1
1241,5,1284,1283,1285,4,4,0,0,0,0,80,1
1330,5,422,424,2304,4,2,0,0,0,0,22,1
1352,5,1341,1340,1342,4,9,0,0,0,0,200,1
1391,5,422,424,2304,4,16,0,0,0,0,16,1
1459,5,1402,1403,1404,4,14,0,0,0,0,334,1
1472,5,64,65,67,4,32,0,0,0,0,390,1
1523,5,422,424,2304,4,0,0,0,0,0,138,1
1536,5,422,424,2304,4,6,0,0,0,0,100,1
1562,5,422,424,2304,4,21,0,0,0,0,240,1
1580,5,0,0,0,0,0,0,0,0,0,0,1
1588,5,422,424,2304,4,14,0,0,0,0,168,1
1617,5,422,424,2304,4,5,0,0,0,0,122,1
1676,5,422,424,2304,4,1,0,0,0,0,50,1
1757,5,422,424,2304,4,1,0,0,0,0,14,1
1771,5,6184,6183,6182,4,1,0,0,0,0,4,1
1805,5,0,0,0,0,4,0,0,0,0,42,1
1885,5,422,424,2304,4,11,0,0,0,0,140,1
1927,5,0,0,0,0,3,0,0,0,0,44,1
1951,5,422,424,2304,4,10,0,0,0,0,192,1
1959,5,422,424,2304,4,6,0,0,0,0,168,1
1993,5,422,424,2304,4,6,0,0,0,0,126,1
2016,5,422,424,2304,4,6,0,0,0,0,168,1
2030,5,2062,424,2304,4,23,0,0,0,0,230,1
2047,5,422,424,2304,4,5,0,0,0,0,88,1
2060,5,2102,2090,2088,7,15,0,0,0,0,222,1
2074,5,422,424,2304,4,3,0,0,0,0,48,1
2236,5,422,424,2304,4,8,0,0,0,0,90,1
2265,5,422,424,2304,4,13,0,0,0,0,162,1
2285,5,422,424,2304,4,3,0,0,0,0,40,1
2373,5,422,424,2304,4,0,0,0,0,0,22,1
2457,5,2365,2366,2367,4,27,0,0,0,0,196,1
2461,5,422,424,2304,4,0,0,0,0,0,6,1
2471,5,0,0,0,0,1,0,0,0,0,10,1
2500,5,422,424,2304,4,6,0,0,0,0,120,1
2595,5,2609,2606,2607,4,13,0,0,0,0,206,1
2614,5,422,424,2304,4,15,0,0,0,0,298,1
2642,5,0,0,0,0,25,0,0,0,0,552,1
2679,5,6184,6183,6182,4,1,0,0,0,0,4,1
2694,5,422,424,2304,4,1,0,0,0,0,4,1
2700,5,422,424,2304,4,4,0,0,0,0,42,1
2714,5,0,0,0,0,2,0,0,0,0,26,1
2742,5,2637,2635,2638,4,25,0,0,0,0,360,1
2780,5,0,0,0,0,0,0,0,0,0,0,1
2807,5,422,424,2304,4,2,0,0,0,0,24,1
2848,5,422,424,2304,4,6,0,0,0,0,110,1
2880,5,422,424,2304,4,6,0,0,0,0,140,1
2896,5,422,424,2304,4,11,0,0,0,0,152,1
2965,5,0,0,0,0,4,0,0,0,0,42,1
3007,5,0,0,0,0,1,0,0,0,0,2,1
3027,5,422,424,2304,4,4,0,0,0,0,150,1
3047,5,0,0,0,0,1,0,0,0,0,2,1
3073,5,422,424,2304,4,6,0,0,0,0,114,1
3172,5,0,0,0,0,4,0,0,0,0,46,1
3177,5,0,0,0,0,4,0,0,0,0,46,1
3192,5,422,424,2304,4,4,0,0,0,0,46,1
1200,4,413,415,2304,4,15,0,0,0,0,220,1
2605,3,2610,2605,2607,4,13,0,0,0,0,266,1
1627,5,422,424,2304,4,10,0,0,0,0,166,1
1160,5,6235,6237,6233,4,31,0,1,0,0,666,1
1607,5,422,424,2304,4,11,0,0,0,0,192,60
1639,5,422,424,2304,4,6,0,0,0,0,156,62
1650,5,422,424,2304,4,1,0,0,0,0,16,5
1831,5,422,424,2304,4,2,0,0,0,0,46,17
396,5,284,285,287,4,20,0,0,0,0,28,1
418,5,153,154,156,4,0,0,0,0,0,28,1
425,5,422,1834,836,4,14,0,0,0,0,318,1
441,5,94,95,97,4,0,0,0,0,0,28,1
453,5,422,424,2304,4,10,0,0,0,0,38,1
505,5,299,300,302,4,0,0,0,0,0,122,1
655,5,5532,5533,5534,4,0,0,0,0,0,28,1
727,5,0,0,0,0,1,0,0,0,0,4,1
757,5,422,424,2304,4,3,0,0,0,0,68,1
877,5,422,424,2304,4,5,0,0,0,0,56,1
901,5,0,0,0,0,0,0,0,0,0,190,1
934,5,64,65,67,4,18,0,0,0,0,374,1
938,5,265,266,268,4,13,0,0,0,0,184,1
998,5,64,65,67,4,0,0,0,0,0,182,1
1019,5,1029,1030,1031,4,4,0,0,0,0,70,1
1065,5,422,424,2304,4,5,0,0,0,0,56,1
1086,5,422,424,2304,4,1,0,0,0,0,4,1
1098,5,284,285,287,4,23,0,0,0,0,182,1
1116,5,284,285,287,4,38,0,0,0,0,226,1
1128,5,284,285,287,4,13,0,0,0,0,142,1
1142,5,0,0,0,0,4,0,0,0,0,42,1
1155,5,6223,6232,6230,4,12,0,0,0,0,282,1
1173,5,1199,1200,1201,4,9,0,0,0,0,166,1
1217,5,422,424,2304,4,3,0,0,0,0,6,1
1239,5,422,424,2304,4,0,0,0,0,0,112,1
1263,5,0,0,0,0,6,0,0,0,0,18,1
1340,5,1341,1340,1342,4,11,0,0,0,0,176,1
1349,5,422,424,2304,4,9,0,0,0,0,200,1
1356,5,1341,1340,1342,4,9,0,0,0,0,200,1
1455,5,422,424,2304,4,14,0,0,0,0,334,1
1476,5,422,424,2304,4,1,0,0,0,0,10,1
1549,5,422,424,2304,4,2,0,0,0,0,38,1
1560,5,422,424,2304,4,21,0,0,0,0,240,1
1579,5,0,0,0,0,0,0,0,0,0,0,1
1592,5,91,89,92,4,22,0,0,0,0,492,1
1630,5,422,424,2304,4,10,0,0,0,0,166,1
1712,5,422,424,2304,4,0,0,0,0,0,24,1
1770,5,6184,6183,6182,4,1,0,0,0,0,4,1
1806,5,0,0,0,0,4,0,0,0,0,42,1
1828,5,422,424,2304,4,2,0,0,0,0,26,1
1913,5,451,424,2304,4,23,0,0,0,0,308,1
1935,5,0,0,0,0,21,0,0,0,0,240,1
1942,5,422,424,2304,4,21,0,0,0,0,240,1
1966,5,422,424,2304,4,6,0,0,0,0,168,1
1976,5,422,424,2304,4,6,0,0,0,0,126,1
2018,5,422,424,2304,4,6,0,0,0,0,168,1
2029,5,2068,424,2304,4,23,0,0,0,0,230,1
2050,5,422,424,2304,4,5,0,0,0,0,88,1
2056,5,422,424,2304,4,5,0,0,0,0,88,1
2075,5,422,424,2304,4,2,0,0,0,0,22,1
2245,5,422,424,2304,4,3,0,0,0,0,38,1
2263,5,422,424,2304,4,2,0,0,0,0,82,1
2281,5,6184,6183,6182,4,1,0,0,0,0,4,1
2351,5,422,424,2304,4,0,0,0,0,0,22,1
2434,5,422,424,2304,4,20,0,0,0,0,226,1
2468,5,422,424,2304,4,5,0,0,0,0,318,1
2498,5,422,424,2304,4,6,0,0,0,0,120,1
2571,5,422,424,2304,4,8,0,0,0,0,90,1
2599,5,2609,2606,2607,4,9,0,0,0,0,148,1
2606,5,422,424,2304,4,13,0,0,0,0,266,1
2625,5,0,0,0,0,15,0,0,0,0,298,1
2650,5,0,0,0,0,1,0,0,0,0,120,1
2695,5,422,424,2304,4,4,0,0,0,0,46,1
2699,5,422,424,2304,4,4,0,0,0,0,42,1
2712,5,711,1834,836,4,6,0,0,0,0,26,1
2744,5,2644,2645,2646,4,49,0,0,0,0,720,1
2838,5,422,424,2304,4,6,0,0,0,0,114,1
2850,5,422,424,2304,4,4,0,0,0,0,98,1
2878,5,0,0,0,0,2,0,0,0,0,26,1
2890,5,0,0,0,0,30,0,0,0,0,222,1
2968,5,0,0,0,0,4,0,0,0,0,42,1
3010,5,0,0,0,0,1,0,0,0,0,2,1
3041,5,422,424,2304,4,3,0,0,0,0,42,1
3062,5,422,424,2304,4,0,0,0,0,0,28,1
3079,5,0,0,0,0,1,0,0,0,0,10,1
3167,5,0,0,0,0,4,0,0,0,0,46,1
3175,5,0,0,0,0,4,0,0,0,0,46,1
3185,5,0,0,0,0,4,0,0,0,0,46,1
3195,5,422,424,2304,4,4,0,0,0,0,46,1
3184,5,0,0,0,0,4,0,0,0,0,46,1
3194,5,422,424,2304,4,4,0,0,0,0,46,1
1619,5,422,424,2304,4,5,0,0,0,0,152,50
1636,5,422,424,2304,4,4,0,0,0,0,86,30
1645,5,422,424,2304,4,8,0,0,0,0,132,45
1657,5,422,424,2304,4,1,0,0,0,0,16,5
2783,5,2731,2732,2733,4,17,0,0,0,0,364,90
1465,3,1383,1395,1384,4,7,0,1,0,0,164,1
3190,5,422,424,2304,4,4,0,0,0,0,46,1
3191,5,422,424,2304,4,4,0,0,0,0,46,1
3193,5,422,424,2304,4,4,0,0,0,0,46,1
3196,5,422,424,2304,4,4,0,0,0,0,46,1
3201,5,422,424,2304,4,6,0,0,0,0,110,1
3202,5,422,424,2304,4,6,0,0,0,0,110,1
3216,5,0,0,0,0,0,0,0,0,0,22,1
3219,5,422,424,2304,4,2,0,0,0,0,20,1
3220,5,422,424,2304,4,2,0,0,0,0,20,1
3221,5,422,424,2304,4,2,0,0,0,0,20,1
3223,5,422,424,2304,4,1,0,0,0,0,4,1
3224,5,422,424,2304,4,1,0,0,0,0,4,1
3225,5,422,424,2304,4,1,0,0,0,0,4,1
3226,5,422,424,2304,4,1,0,0,0,0,4,1
3227,5,422,424,2304,4,1,0,0,0,0,4,1
3228,5,422,424,2304,4,4,0,0,0,0,42,1
3229,5,422,424,2304,4,4,0,0,0,0,42,1
3230,5,422,424,2304,4,4,0,0,0,0,42,1
3231,5,422,424,2304,4,4,0,0,0,0,42,1
3232,5,422,424,2304,4,4,0,0,0,0,42,1
3233,5,422,424,2304,4,4,0,0,0,0,42,1
3234,5,422,424,2304,4,3,0,0,0,0,6,1
3238,5,422,424,2304,4,1,0,0,0,0,4,1
3239,5,422,424,2304,4,1,0,0,0,0,4,1
3240,5,422,424,2304,4,1,0,0,0,0,4,1
3241,5,422,424,2304,4,4,0,0,0,0,42,1
3242,5,422,424,2304,4,6,0,0,0,0,14,1
3243,5,422,424,2304,4,6,0,0,0,0,14,1
3244,5,422,424,2304,4,6,0,0,0,0,14,1
3245,5,422,424,2304,4,6,0,0,0,0,14,1
3246,5,422,424,2304,4,3,0,0,0,0,18,1
3247,5,422,424,2304,4,3,0,0,0,0,18,1
3248,5,422,424,2304,4,3,0,0,0,0,18,1
3249,5,422,424,2304,4,3,0,0,0,0,18,1
3250,5,422,424,2304,4,3,0,0,0,0,18,1
3251,5,422,424,2304,4,3,0,0,0,0,18,1
3252,5,422,424,2304,4,3,0,0,0,0,18,1
3253,5,422,424,2304,4,3,0,0,0,0,18,1
3255,5,422,424,2304,4,3,0,0,0,0,18,1
3256,5,422,424,2304,4,3,0,0,0,0,18,1
3257,5,422,424,2304,4,3,0,0,0,0,18,1
3258,5,422,424,2304,4,3,0,0,0,0,18,1
3259,5,422,424,2304,4,3,0,0,0,0,18,1
3260,5,422,424,2304,4,3,0,0,0,0,18,1
3261,5,422,424,2304,4,3,0,0,0,0,18,1
3262,5,422,424,2304,4,3,0,0,0,0,18,1
3263,5,422,424,2304,4,3,0,0,0,0,18,1
3264,5,6184,6183,6182,4,1,0,0,0,0,4,1
3265,5,6184,6183,6182,4,1,0,0,0,0,4,1
3266,5,6184,6183,6182,4,1,0,0,0,0,4,1
3267,5,6184,6183,6182,4,1,0,0,0,0,4,1
3268,5,422,424,2304,4,2,0,0,0,0,20,1
3269,5,422,424,2304,4,2,0,0,0,0,20,1
3270,5,422,424,2304,4,2,0,0,0,0,20,1
3271,5,422,424,2304,4,2,0,0,0,0,20,1
3272,5,422,424,2304,4,2,0,0,0,0,20,1
3273,5,422,424,2304,4,2,0,0,0,0,20,1
3274,5,422,424,2304,4,2,0,0,0,0,20,1
3275,5,422,424,2304,4,2,0,0,0,0,20,1
3276,5,422,424,2304,4,3,0,0,0,0,50,1
3277,5,422,424,2304,4,3,0,0,0,0,50,1
3278,5,422,424,2304,4,3,0,0,0,0,50,1
3279,5,422,424,2304,4,3,0,0,0,0,50,1
3291,5,422,424,2304,4,2,0,0,0,0,26,1
3294,5,0,0,0,0,2,0,0,0,0,20,1
3295,5,0,0,0,0,2,0,0,0,0,20,1
3300,5,0,0,0,0,1,0,0,0,0,10,1
3309,5,5849,5850,5851,4,1,0,0,0,0,4,1
3313,5,422,424,2304,4,11,0,0,0,0,222,1
3319,5,422,424,2304,4,5,0,0,0,0,90,1
3320,5,422,424,2304,4,5,0,0,0,0,90,1
3340,5,422,424,2304,4,21,0,0,0,0,460,1
3346,5,422,424,2304,4,8,0,0,0,0,148,1
3347,5,422,424,2304,4,8,0,0,0,0,148,1
3348,5,422,424,2304,4,6,0,0,0,0,72,1
3349,5,422,424,2304,4,6,0,0,0,0,72,1
3350,5,422,424,2304,4,6,0,0,0,0,72,1
3366,5,422,424,2304,4,5,0,0,0,0,318,1
3367,5,422,424,2304,4,5,0,0,0,0,318,1
3368,5,422,424,2304,4,5,0,0,0,0,318,1
3369,5,422,424,2304,4,5,0,0,0,0,318,1
3370,5,422,424,2304,4,5,0,0,0,0,318,1
3371,5,422,424,2304,4,5,0,0,0,0,318,1
3375,5,422,424,2304,4,5,0,0,0,0,318,1
3376,5,422,424,2304,4,11,0,0,0,0,166,1
3387,5,0,0,0,0,24,0,0,0,0,150,1
3400,5,422,424,2304,4,24,0,0,0,0,150,1
3406,5,422,424,2304,4,2,0,0,0,0,26,1
3422,5,422,424,2304,4,4,0,0,0,0,60,1
3423,5,422,424,2304,4,4,0,0,0,0,60,1
3476,5,422,424,2304,4,0,0,0,0,0,18,1
3477,5,0,0,0,0,0,0,0,0,0,18,1
3484,5,422,424,2304,4,14,0,0,0,0,168,1
3502,5,422,424,2304,4,9,0,0,0,0,260,1
3522,5,422,424,2304,4,5,0,0,0,0,100,1
3576,5,422,424,2304,4,6,0,0,0,0,118,1
3584,5,422,424,2304,4,23,0,0,0,0,182,1
3601,5,422,424,2304,4,6,0,0,0,0,160,1
3612,5,422,424,2304,4,8,0,0,0,0,160,1
3644,5,0,0,0,0,0,0,0,0,0,0,1
3655,5,422,424,2304,4,7,0,0,0,0,80,1
3661,5,422,424,2304,4,0,0,0,0,0,94,1
3697,5,422,424,2304,4,5,0,0,0,0,80,1
3707,5,422,424,2304,4,9,0,0,0,0,140,1
3720,5,422,424,2304,4,0,0,0,0,0,0,1
3841,5,422,424,2304,4,6,0,0,0,0,130,1
3485,5,0,0,0,0,24,0,0,0,0,150,1
3493,5,3501,3502,3503,6,16,0,0,0,0,292,1
3517,5,0,0,0,0,0,0,0,0,0,70,1
3524,5,422,424,2304,4,5,0,0,0,0,100,1
3538,5,422,424,2304,4,5,0,0,0,0,100,1
3586,5,422,424,2304,4,11,0,0,0,0,244,1
3607,5,0,0,0,0,0,0,0,0,0,60,1
3618,5,422,424,2304,4,12,0,0,0,0,198,1
3648,5,422,424,2304,4,5,0,0,0,0,94,1
3659,5,422,424,2304,4,0,0,0,0,0,0,1
3664,5,422,424,2304,4,4,0,0,0,0,94,1
3699,5,422,424,2304,4,5,0,0,0,0,80,1
3717,5,422,424,2304,4,0,0,0,0,0,0,1
3815,5,422,424,2304,4,1,0,0,0,0,10,1
3847,5,422,424,2304,4,37,0,0,0,0,340,1
3486,5,0,0,0,0,24,0,0,0,0,150,1
3496,5,3508,3507,3509,5,19,0,0,0,0,242,1
3519,5,0,0,0,0,0,0,0,0,0,70,1
3526,5,422,424,2304,4,5,0,0,0,0,100,1
3537,5,422,424,2304,4,5,0,0,0,0,100,1
3585,5,422,424,2304,4,9,0,0,0,0,162,1
3600,5,422,424,2304,4,6,0,0,0,0,160,1
3619,5,422,424,2304,4,20,0,0,0,0,280,1
3647,5,4933,4934,4935,4,0,0,0,0,0,90,1
3656,5,422,424,2304,4,7,0,0,0,0,80,1
3662,5,4933,4934,4935,4,0,0,0,0,0,90,1
3703,5,422,424,2304,4,5,0,0,0,0,80,1
3715,5,422,424,2304,4,4,0,0,0,0,42,1
3835,5,422,424,2304,4,31,0,0,0,0,666,1
3487,5,0,0,0,0,24,0,0,0,0,150,1
3492,5,0,0,0,0,24,0,0,0,0,150,1
3518,5,422,424,2304,4,0,0,0,0,0,70,1
3529,5,0,0,0,0,5,0,0,0,0,100,1
3580,5,0,0,0,0,12,0,0,0,0,198,1
3594,5,422,424,2304,4,11,0,0,0,0,194,1
3608,5,0,0,0,0,0,0,0,0,0,60,1
3621,5,422,424,2304,4,12,0,0,0,0,198,1
3652,5,422,424,2304,4,5,0,0,0,0,126,1
3672,5,422,424,2304,4,2,0,0,0,0,4,1
3700,5,422,424,2304,4,5,0,0,0,0,80,1
3716,5,422,424,2304,4,0,0,0,0,0,0,1
3840,5,422,424,2304,4,6,0,0,0,0,130,1
3488,5,0,0,0,0,24,0,0,0,0,150,1
3498,5,422,424,2304,4,9,0,0,0,0,260,1
3520,5,422,424,2304,4,5,0,0,0,0,100,1
3532,5,422,424,2304,4,4,0,0,0,0,90,1
3581,5,422,424,2304,4,2,0,0,0,0,26,1
3592,5,2628,2629,2630,4,13,0,0,0,0,180,1
3611,5,422,424,2304,4,0,0,0,0,0,60,1
3643,5,0,0,0,0,0,0,0,0,0,0,1
3653,5,422,424,2304,4,5,0,0,0,0,126,1
3663,5,422,424,2304,4,5,0,0,0,0,94,1
3698,5,422,424,2304,4,5,0,0,0,0,80,1
3718,5,422,424,2304,4,0,0,0,0,0,0,1
3819,5,422,424,2304,4,10,0,0,0,0,158,1
3845,5,422,424,2304,4,6,0,0,0,0,130,1
3489,5,0,0,0,0,24,0,0,0,0,150,1
3501,5,422,424,2304,4,9,0,0,0,0,260,1
3521,5,422,424,2304,4,5,0,0,0,0,100,1
3578,5,422,424,2304,4,6,0,0,0,0,118,1
3589,5,422,424,2304,4,8,0,0,0,0,170,1
3602,5,0,0,0,0,6,0,0,0,0,160,1
3617,5,422,424,2304,4,14,0,0,0,0,318,1
3646,5,422,424,2304,4,0,0,0,0,0,94,1
3657,5,422,424,2304,4,7,0,0,0,0,80,1
3673,5,422,424,2304,4,2,0,0,0,0,4,1
3701,5,422,424,2304,4,5,0,0,0,0,80,1
3713,5,422,424,2304,4,0,0,0,0,0,0,1
3808,5,422,424,2304,4,10,0,0,0,0,158,1
3844,5,422,424,2304,4,3,0,0,0,0,32,1
3490,5,0,0,0,0,24,0,0,0,0,150,1
3500,5,422,424,2304,4,9,0,0,0,0,260,1
3523,5,422,424,2304,4,5,0,0,0,0,100,1
3533,5,422,424,2304,4,4,0,0,0,0,90,1
3587,5,422,424,2304,4,7,0,0,0,0,106,1
3606,5,0,0,0,0,0,0,0,0,0,60,1
3613,5,422,424,2304,4,8,0,0,0,0,160,1
3650,5,422,424,2304,4,5,0,0,0,0,126,1
3658,5,422,424,2304,4,0,0,0,0,0,0,1
3666,5,422,424,2304,4,5,0,0,0,0,126,1
3706,5,422,424,2304,4,12,0,0,0,0,200,1
3726,5,6184,6183,6182,0,1,0,0,0,0,4,1
3842,5,422,424,2304,4,6,0,0,0,0,130,1
3515,5,0,0,0,0,5,0,0,0,0,100,1
3531,5,422,424,2304,4,4,0,0,0,0,90,1
3582,5,422,424,2304,4,5,0,0,0,0,88,1
3591,5,422,424,2304,4,11,0,0,0,0,176,1
3609,5,422,424,2304,4,0,0,0,0,0,60,1
3620,5,422,424,2304,4,20,0,0,0,0,280,1
3651,5,422,424,2304,4,5,0,0,0,0,126,1
3676,5,422,424,2304,4,5,0,0,0,0,62,1
3704,5,422,424,2304,4,5,0,0,0,0,80,1
3719,5,422,424,2304,4,0,0,0,0,0,0,1
3814,5,422,424,2304,4,2,0,0,0,0,10,1
3494,5,1750,1751,1752,6,13,0,0,0,0,298,1
3514,5,0,0,0,0,5,0,0,0,0,100,1
3528,5,0,0,0,0,5,0,0,0,0,100,1
3583,5,422,424,2304,4,6,0,0,0,0,56,1
3590,5,422,424,2304,4,22,0,0,0,0,492,1
3610,5,422,424,2304,4,0,0,0,0,0,60,1
3622,5,422,424,2304,4,2,0,0,0,0,26,1
3654,5,422,424,2304,4,5,0,0,0,0,126,1
3667,5,422,424,2304,4,7,0,0,0,0,80,1
3702,5,422,424,2304,4,5,0,0,0,0,80,1
3711,5,422,424,2304,4,3,0,0,0,0,54,1
3836,5,422,424,2304,4,31,0,0,0,0,666,1
3495,5,806,424,2304,4,7,0,0,0,0,272,1
3499,5,422,424,2304,4,9,0,0,0,0,260,1
3525,5,422,424,2304,4,5,0,0,0,0,100,1
3577,5,422,424,2304,4,6,0,0,0,0,118,1
3588,5,422,424,2304,4,5,0,0,0,0,96,1
3599,5,422,424,2304,4,6,0,0,0,0,160,1
3614,5,422,424,2304,4,8,0,0,0,0,160,1
3645,5,422,424,2304,4,4,0,0,0,0,94,1
3660,5,422,424,2304,4,0,0,0,0,0,0,1
3675,5,422,424,2304,4,5,0,0,0,0,62,1
3705,5,422,424,2304,4,5,0,0,0,0,80,1
3710,5,0,0,0,0,12,0,0,0,0,200,1
3816,5,422,424,2304,4,1,0,0,0,0,10,1
3843,5,422,424,2304,4,6,0,0,0,0,130,1
1813,2,1760,1758,1759,4,9,0,0,0,0,140,1
3491,5,451,424,2304,4,24,0,0,0,0,150,1
907,5,1162,404,836,4,2,0,1,0,0,0,1
1265,1,1312,1313,1314,4,1,0,1,0,0,26,1
181,3,422,424,2304,4,2,0,0,0,0,26,1
103,3,5540,5541,5542,4,2,0,0,0,0,38,1
90,3,5486,5489,5491,4,2,0,0,0,0,26,1
117,3,4652,4651,4653,4,4,0,0,0,0,56,1
124,3,393,397,2304,4,5,0,0,0,0,102,1
1183,4,426,1834,836,5,10,0,0,0,0,216,1
84,4,64,65,67,4,18,0,0,0,0,0,1
49,3,6579,6578,6576,4,11,0,0,0,0,244,1
78,3,4915,4916,4917,4,3,0,0,0,0,54,1
183,4,7182,7187,7185,4,4,0,0,0,0,46,1
2612,3,2610,2606,2607,4,15,0,0,0,0,298,1
6230,4,6953,6955,6956,4,16,0,0,0,0,120,63
6223,5,6952,6955,6956,5,16,0,1,0,0,286,1
2881,5,2855,2852,2856,5,30,0,1,0,0,606,1
3497,2,1341,1340,1342,4,9,0,0,0,0,260,1
3784,3,-1,-1,-1,5,1,0,0,0,0,0,1
911,3,69,65,68,4,19,0,1,0,0,0,1
910,3,729,404,714,4,19,0,1,0,0,0,1
908,5,132,129,133,4,19,0,1,0,0,0,1
909,3,5319,5320,5321,4,19,0,1,0,0,0,1
197,5,451,1834,2304,4,3,0,0,0,0,18,1
1604,4,9466,9468,9467,4,11,0,0,0,0,192,60
1613,3,9487,9489,9488,6,11,0,0,0,0,230,80
1615,3,1537,1536,1538,4,8,0,0,0,0,248,85
1618,4,9130,9132,9131,4,5,0,0,0,0,152,50
1656,3,9125,9127,9126,4,1,0,0,0,0,16,5
4353,3,4234,4235,4233,4,9,0,0,0,0,160,58
8349,5,10922,10923,10924,4,18,0,1,1,1,0,1
8127,5,-1,-1,10393,4,13,0,0,0,0,0,1
100494,5,103991,103990,103993,4,28,0,0,0,0,0,1
7133,4,8754,8755,8756,4,25,0,1,0,0,0,1
