npc_id,npc_bonus_defensive_stab,npc_bonus_defensive_slash,npc_bonus_defensive_crush,npc_bonus_defensive_ranged,npc_bonus_defensive_magic,npc_bonus_offensive_stab,npc_bonus_offensive_slash,npc_bonus_offensive_crush,npc_bonus_offensive_magic,npc_bonus_offensive_ranged,npc_bonus_offensive_attack,npc_bonus_offensive_strength
1,21,21,21,21,21,0,0,0,0,0,0,0
2,21,21,21,21,21,0,0,0,0,0,0,0
3,21,21,21,21,21,0,0,0,0,0,0,0
4,21,21,21,21,21,0,0,0,0,0,0,0
5,21,21,21,21,21,0,0,0,0,0,0,0
6,21,21,21,21,21,0,0,0,0,0,0,0
7,0,0,0,0,0,0,0,0,0,0,0,0
8,0,0,0,0,0,0,0,0,0,0,0,0
9,18,25,19,20,4,0,0,0,0,0,0,0
12,0,2,2,2,3,0,0,0,0,0,0,0
13,0,0,0,0,0,0,0,0,0,0,0,0
14,0,0,0,0,0,0,0,0,0,0,0,0
15,40,41,37,38,10,0,0,0,0,0,0,0
16,21,21,21,21,21,0,0,0,0,0,0,0
18,12,15,10,12,1,0,0,0,0,0,0,0
19,83,76,70,74,11,0,0,0,0,0,0,0
20,87,84,76,79,10,0,0,0,0,0,0,0
21,87,84,76,79,10,0,0,0,0,0,0,0
22,4,3,5,0,0,0,0,0,0,0,0,0
23,39,40,36,36,11,0,0,0,0,0,0,0
24,21,21,21,21,21,0,0,0,0,0,0,0
25,21,21,21,21,21,0,0,0,0,0,0,0
26,39,40,36,36,11,0,0,0,0,0,0,0
27,39,50,49,45,18,0,0,0,0,0,0,0
32,18,25,19,20,4,0,0,0,0,0,0,0
35,0,0,0,0,0,0,0,0,0,0,0,0
38,0,0,0,0,0,0,0,0,0,0,0,0
39,0,0,0,0,0,0,0,0,0,0,0,0
41,42,42,42,42,42,0,0,0,0,0,0,0
44,42,42,42,42,42,0,0,0,0,0,0,0
45,42,42,42,42,42,0,0,0,0,0,0,0
46,0,0,0,0,0,0,0,0,0,0,0,0
47,0,0,0,0,0,0,0,0,0,0,0,0
48,0,0,0,0,0,0,0,0,0,0,0,0
49,0,0,0,0,0,0,0,0,0,0,0,0
50,70,90,90,70,80,0,0,0,0,0,0,0
51,30,50,50,30,40,0,0,0,0,0,0,0
52,30,50,50,30,40,0,0,0,0,0,0,0
53,50,70,70,50,60,0,0,0,0,0,0,0
54,50,70,70,50,60,0,0,0,0,0,0,0
55,50,70,70,50,60,0,0,0,0,0,0,0
58,20,15,10,15,15,0,0,0,0,0,0,0
59,10,10,10,10,10,10,10,10,1,1,10,10
60,10,10,10,10,10,10,10,10,1,1,10,10
61,0,0,0,0,0,0,0,0,0,0,0,0
62,20,20,10,20,17,0,0,0,0,0,0,0
63,15,16,7,16,12,0,0,0,0,0,0,0
64,0,0,0,0,0,0,0,0,0,0,0,0
66,0,0,0,0,0,0,0,0,0,0,0,0
67,0,0,0,0,0,0,0,0,0,0,0,0
68,0,0,0,0,0,0,0,0,0,0,0,0
72,0,0,0,0,0,0,0,0,0,0,0,0
73,0,0,0,0,0,0,0,0,0,0,0,0
74,0,0,0,0,0,0,0,0,0,0,0,0
75,0,0,0,0,0,0,0,0,0,0,0,0
76,0,0,0,0,0,0,0,0,0,0,0,0
77,0,0,0,0,0,0,0,0,0,0,0,0
78,0,0,0,0,0,0,0,0,0,0,0,0
79,0,0,0,0,0,0,0,0,0,0,0,0
81,0,0,0,0,0,0,0,0,0,0,0,0
82,0,0,0,0,10,0,0,0,0,0,0,0
83,0,0,0,0,10,0,0,0,0,0,0,0
84,0,0,0,0,10,0,0,0,0,0,0,0
86,0,0,0,0,0,0,0,0,0,0,0,0
87,0,0,0,0,0,0,0,0,0,0,0,0
88,0,0,0,0,0,0,0,0,0,0,0,0
89,0,0,0,0,0,0,0,0,0,0,0,0
90,5,5,5,5,0,0,0,0,0,0,0,0
91,5,5,5,5,0,0,0,0,0,0,0,0
92,5,5,5,5,0,0,0,0,0,0,0,0
93,5,5,5,5,0,0,0,0,0,0,0,0
94,0,0,0,0,0,0,0,0,0,0,0,0
95,0,0,0,0,0,0,0,0,0,0,0,0
99,0,0,0,0,0,0,0,0,0,0,0,0
100,0,0,0,0,0,0,0,0,0,0,0,0
101,0,0,0,0,0,0,0,0,0,0,0,0
102,0,0,0,0,0,0,0,0,0,0,0,0
103,0,0,0,0,0,0,0,0,0,0,0,0
104,0,0,0,0,0,0,0,0,0,0,0,0
105,0,0,0,0,0,0,0,0,0,0,0,0
106,0,0,0,0,0,0,0,0,0,0,0,0
107,5,15,15,5,0,0,0,0,0,0,0,0
108,0,0,0,0,0,0,0,0,0,0,0,0
110,0,3,2,0,0,0,0,0,0,0,29,31
111,0,3,2,0,0,0,0,0,0,0,0,0
112,0,0,0,0,0,1,1,1,1,1,66,62
113,0,0,0,0,0,0,0,22,0,0,22,20
114,0,0,0,0,0,0,0,0,0,0,0,0
115,0,0,0,0,0,0,0,0,0,0,0,0
116,0,0,0,0,0,0,0,0,0,0,0,0
117,0,0,0,0,0,0,0,0,0,0,0,0
118,0,0,0,0,5,0,0,0,0,0,0,0
119,40,34,25,35,10,0,0,0,0,0,0,0
120,0,0,0,0,5,0,0,0,0,0,0,0
121,0,0,0,0,5,0,0,0,0,0,0,0
122,0,0,0,0,0,0,0,0,0,0,0,0
123,0,0,0,0,0,0,0,0,0,0,0,0
124,30,40,20,30,10,0,0,0,0,0,0,0
159,42,42,42,42,42,0,0,0,0,0,0,0
172,0,0,0,0,3,0,0,0,0,0,0,0
188,0,0,0,0,0,0,0,0,0,0,0,0
204,0,0,0,0,0,0,0,0,0,0,0,0
238,0,0,0,0,0,0,0,0,0,0,0,0
255,0,0,0,0,0,0,0,0,0,0,0,0
274,0,0,0,0,0,0,0,0,0,0,0,0
345,18,25,19,20,4,0,0,0,0,0,0,0
360,21,21,21,21,21,0,0,0,0,0,0,0
374,0,0,0,0,0,0,0,0,0,0,0,0
414,0,0,0,0,0,0,0,0,0,0,0,0
423,0,0,0,0,0,0,0,0,0,0,0,0
443,0,0,0,0,0,0,0,0,0,0,0,0
475,25,25,22,25,7,0,0,0,0,0,0,0
503,0,0,0,0,0,0,0,0,0,0,0,0
648,0,0,0,0,0,0,0,0,0,0,0,0
678,18,25,19,20,4,0,0,0,0,0,0,0
729,21,21,21,21,21,0,0,0,0,0,0,0
812,18,25,19,20,4,0,0,0,0,0,0,0
877,0,0,0,0,0,0,0,0,0,0,0,0
912,0,0,0,0,0,0,0,0,0,0,0,0
931,0,0,0,0,0,0,0,0,0,0,0,0
977,0,0,0,0,0,0,0,0,0,0,0,0
1002,0,0,0,0,0,0,0,0,0,0,0,0
1022,0,0,0,0,0,0,0,0,0,0,0,0
1047,0,0,0,0,0,0,0,0,0,0,0,0
1074,39,50,49,45,18,0,0,0,0,0,0,0
1101,0,0,0,200,200,0,0,0,0,0,0,0
1109,0,0,10,200,200,0,0,0,0,0,20,20
1123,0,0,10,200,200,0,0,0,0,0,20,20
1132,0,0,0,200,200,0,0,0,0,0,0,0
1150,18,25,19,20,4,0,0,0,0,0,0,0
1158,50,50,10,100,100,0,0,0,0,0,0,0
1195,0,0,0,0,0,0,0,0,0,0,0,0
1220,0,0,0,0,0,0,0,0,0,0,0,0
1264,0,0,0,0,30,0,0,0,0,0,0,0
1317,50,50,50,50,50,0,0,0,0,0,0,0
1344,10,10,90,150,200,0,0,0,0,0,0,0
1354,150,150,150,50,50,0,0,0,0,0,0,0
1403,0,0,0,0,0,0,0,0,0,0,0,0
1464,0,0,0,0,0,0,0,0,0,0,0,0
1476,0,0,0,0,0,0,0,0,0,0,0,0
1525,0,0,0,0,0,0,0,0,0,0,0,0
1559,0,0,0,0,0,0,0,0,0,0,0,0
1566,30,60,30,0,0,0,0,0,0,0,60,60
1585,0,3,2,0,0,0,0,0,0,0,29,31
1600,10,10,5,10,5,0,0,0,0,0,0,0
1609,0,20,20,0,0,0,0,0,0,0,0,0
1618,0,0,0,0,0,0,0,0,0,0,0,0
1628,0,20,20,0,0,0,0,0,0,0,0,0
1639,0,0,0,0,0,0,0,0,0,0,0,0
1650,0,0,0,0,0,0,0,0,0,0,0,0
1676,0,0,0,0,0,0,0,0,0,0,0,0
1758,0,0,0,0,0,0,0,0,0,0,0,0
1767,0,0,0,0,0,0,0,0,0,0,0,0
1802,50,50,5,50,5,0,0,0,0,0,10,0
1829,0,0,0,0,0,0,0,0,0,0,0,0
1884,0,0,0,0,0,0,0,0,0,0,0,0
1930,0,0,0,0,0,0,0,0,0,0,0,0
1953,0,0,0,0,0,0,0,0,0,0,0,0
1966,0,0,0,0,0,0,0,0,0,0,0,0
1991,0,0,0,0,0,0,0,0,0,0,0,0
2016,0,0,0,0,0,0,0,0,0,0,0,0
2032,0,0,0,0,0,0,0,0,0,0,0,0
2046,0,0,0,0,0,0,0,0,0,0,0,0
2056,0,0,0,0,0,0,0,0,0,0,0,0
2077,0,0,0,0,0,0,0,0,0,0,0,0
2132,0,0,0,0,0,0,0,0,0,0,0,0
2256,87,84,76,79,10,0,0,0,0,0,0,0
2280,0,0,0,0,0,0,0,0,0,0,0,0
2350,0,0,0,0,0,0,0,0,0,0,0,0
2417,0,0,0,0,0,0,0,0,0,0,0,0
2460,0,0,0,0,0,0,0,0,0,0,0,0
2472,0,0,0,0,0,0,0,0,0,0,0,0
2501,20,20,20,0,0,0,0,0,0,0,0,0
2596,0,0,0,0,0,0,0,0,0,0,0,0
2604,0,0,0,0,0,0,0,0,0,0,0,0
2615,0,0,0,0,0,0,0,0,0,0,0,0
2632,0,0,0,0,0,0,0,0,0,0,0,0
2681,0,0,0,0,0,0,0,0,0,0,0,0
2698,73,76,70,72,11,0,0,0,0,0,0,0
2705,18,25,19,20,4,0,0,0,0,0,0,0
2717,0,0,0,0,0,0,0,0,0,0,0,0
2746,0,0,0,100,100,0,0,0,0,0,0,0
2781,0,0,0,0,0,0,0,0,0,0,0,0
2838,0,0,0,0,0,0,0,0,0,0,0,0
2849,0,0,0,0,0,0,0,0,0,0,0,0
2882,255,255,255,10,255,0,0,0,0,0,0,0
2896,100,100,100,50,50,0,0,0,0,0,0,0
2969,18,25,19,20,4,0,0,0,0,0,0,0
3009,0,0,0,0,0,0,0,0,0,0,0,0
3028,300,1,300,300,300,0,0,0,0,0,0,0
3060,0,0,0,0,0,0,0,0,0,0,0,0
3073,30,40,20,30,10,0,0,0,0,0,0,0
3168,0,0,0,0,0,0,0,0,0,0,0,0
3178,0,0,0,0,0,0,0,0,0,0,0,0
125,30,40,20,30,10,0,0,0,0,0,0,0
158,43,31,19,38,15,0,0,0,0,0,20,26
173,0,0,0,0,0,0,0,0,0,0,0,0
185,0,0,0,0,0,0,0,0,0,0,0,0
201,0,0,0,0,0,0,0,0,0,0,0,0
231,4,3,5,0,0,0,0,0,0,0,0,0
244,0,0,0,0,0,0,0,0,0,0,0,0
271,0,0,0,0,0,0,0,0,0,0,0,0
298,0,0,0,0,0,0,0,0,0,0,0,0
351,21,21,21,21,21,0,0,0,0,0,0,0
363,21,21,21,21,21,0,0,0,0,0,0,0
394,0,0,0,0,0,0,0,0,0,0,0,0
417,0,0,0,0,0,0,0,0,0,0,0,0
429,0,0,0,0,0,0,0,0,0,0,0,0
442,0,0,0,0,0,0,0,0,0,0,0,0
459,5,5,5,5,0,0,0,0,0,0,0,0
505,0,0,0,0,0,0,0,0,0,0,0,0
663,21,21,21,21,21,0,0,0,0,0,0,0
718,0,0,0,0,0,0,0,0,0,0,0,0
749,0,3,2,2,3,0,0,0,0,0,9,15
827,0,0,0,0,0,0,0,0,0,0,0,0
887,18,25,19,20,4,0,0,0,0,0,0,0
917,8,9,10,9,4,0,0,0,0,0,0,0
941,20,40,40,20,30,0,0,0,0,0,0,0
999,0,0,0,0,0,0,0,0,0,0,0,0
1019,0,0,0,0,0,0,0,0,0,0,0,0
1064,0,0,0,0,0,0,0,0,0,0,0,0
1077,18,25,19,20,4,0,0,0,0,0,0,0
1097,25,25,40,200,200,0,0,0,0,0,40,70
1108,0,0,10,200,200,0,0,0,0,0,20,20
1120,0,0,10,200,200,0,0,0,0,0,20,20
1133,0,0,0,200,200,0,0,0,0,0,0,0
1147,18,25,19,20,4,0,0,0,0,0,0,0
1160,50,50,10,100,100,0,0,0,0,0,0,0
1201,50,70,70,50,60,0,0,0,0,0,0,0
1219,0,0,0,0,0,0,0,0,0,0,0,0
1248,0,0,0,0,0,0,0,0,0,0,0,0
1329,0,0,0,0,0,0,0,0,0,0,0,0
1345,10,10,90,150,200,0,0,0,0,0,0,0
1355,150,150,150,50,50,0,0,0,0,0,0,0
1401,42,42,42,42,42,0,0,0,0,0,0,0
1460,0,0,0,0,0,0,0,0,0,0,50,0
1473,0,0,0,0,0,0,0,0,0,0,0,0
1522,0,0,0,0,0,0,0,0,0,0,0,0
1558,0,0,0,0,0,0,0,0,0,0,0,0
1575,150,163,20,275,210,0,0,0,0,0,0,0
1584,0,3,2,0,0,0,0,0,0,0,29,31
1602,10,10,5,10,5,0,0,0,0,0,0,0
1611,20,20,0,20,20,0,0,0,0,0,0,0
1622,0,0,0,0,0,0,0,0,0,0,0,0
1635,10,10,10,10,0,0,0,0,0,0,0,0
1643,0,0,0,0,40,0,0,0,0,0,0,0
1654,0,0,0,0,0,0,0,0,0,0,0,0
1691,0,0,0,0,0,0,0,0,0,0,0,0
1760,0,0,0,0,0,0,0,0,0,0,0,0
1774,0,0,0,0,0,0,0,0,0,0,0,0
1824,0,0,0,0,0,0,0,0,0,0,0,0
1874,0,0,0,0,0,0,0,0,0,0,0,0
1913,35,60,35,0,0,0,0,0,0,0,60,100
1937,30,60,30,0,0,0,0,0,0,0,60,60
1952,0,0,0,0,0,0,0,0,0,0,0,0
1965,0,0,0,0,0,0,0,0,0,0,0,0
1974,60,60,60,60,60,0,0,0,0,0,0,80
2015,0,0,0,0,0,0,0,0,0,0,0,0
2030,227,230,221,225,0,68,0,82,0,0,0,72
2045,0,0,0,0,0,0,0,0,0,0,0,0
2055,0,0,0,0,0,0,0,0,0,0,0,0
2075,0,0,0,0,0,0,0,0,0,0,0,0
2133,0,0,0,0,0,0,0,0,0,0,0,0
2264,70,70,70,70,150,0,0,0,0,0,0,0
2301,0,0,0,0,0,0,0,0,0,0,0,0
2359,50,70,70,50,60,0,0,0,0,0,0,0
2423,40,34,25,35,10,0,0,0,0,0,0,0
2459,0,0,0,0,0,0,0,0,0,0,0,0
2469,0,0,0,0,0,0,0,0,0,0,0,0
2498,20,20,20,0,0,0,0,0,0,0,0,0
2594,0,0,0,0,0,0,0,0,0,0,0,0
2606,0,0,0,0,0,0,0,0,0,0,0,0
2613,0,0,0,0,0,0,0,0,0,0,0,0
2649,0,0,0,0,0,0,0,0,0,0,0,0
2685,0,0,0,0,0,0,0,0,0,0,0,0
2696,0,0,0,0,0,0,0,0,0,0,0,0
2707,42,42,42,42,42,0,0,0,0,0,0,0
2736,0,0,0,0,0,0,0,0,0,0,0,0
2745,0,0,0,0,0,0,0,0,0,60,0,0
2783,30,40,100,100,90,0,0,0,0,0,0,0
2837,0,0,0,0,0,0,0,0,0,0,0,0
2848,0,0,0,0,0,0,0,0,0,0,0,0
2880,0,0,0,0,0,0,0,0,0,0,0,0
2894,100,100,100,50,50,0,0,0,0,0,0,0
2971,18,25,19,20,4,0,0,0,0,0,0,0
3011,0,0,0,0,0,0,0,0,0,0,0,0
3041,18,25,19,20,4,0,0,0,0,0,4,5
3062,0,0,0,0,0,0,0,0,0,0,0,0
3070,140,90,90,140,80,0,0,0,0,0,0,0
3171,0,0,0,0,0,0,0,0,0,0,0,0
3181,0,0,0,0,0,0,0,0,0,0,0,0
126,15,10,20,15,5,0,0,0,0,0,0,0
140,0,0,0,0,0,0,0,0,0,0,0,0
170,21,21,21,21,21,0,0,0,0,0,0,0
182,0,0,0,0,0,0,0,0,0,0,0,0
194,0,0,0,0,0,0,0,0,0,0,0,0
221,18,27,18,1000,1000,0,0,0,0,0,27,22
247,0,0,0,0,0,0,0,0,0,0,0,0
269,0,0,0,0,0,0,0,0,0,0,0,0
344,18,25,19,20,4,0,0,0,0,0,0,0
353,21,21,21,21,21,0,0,0,0,0,0,0
368,18,25,19,20,4,0,0,0,0,0,0,0
395,0,0,0,0,0,0,0,0,0,0,0,0
419,0,0,0,0,0,0,0,0,0,0,0,0
422,0,0,0,0,0,0,0,0,0,0,0,0
439,0,0,0,0,0,0,0,0,0,0,0,0
449,8,9,10,9,4,0,0,0,0,0,0,0
502,0,0,0,0,0,0,0,0,0,0,0,0
649,39,50,49,45,18,0,0,0,0,0,0,0
677,0,0,0,0,10,0,0,0,0,0,0,0
730,21,21,21,21,21,0,0,0,0,0,0,0
803,0,0,0,0,0,0,0,0,0,0,0,0
878,0,0,0,0,0,0,0,0,0,0,0,0
901,0,0,0,0,0,0,0,0,0,0,0,0
930,0,0,0,0,0,0,0,0,0,0,0,3
955,0,0,0,0,0,0,0,0,0,0,0,0
1005,0,0,0,0,0,0,0,0,0,0,0,0
1021,0,0,0,0,0,0,0,0,0,0,0,0
1067,0,0,0,0,0,0,0,0,0,0,0,0
1087,0,0,0,0,0,0,0,0,0,0,0,0
1105,0,0,0,200,200,0,0,0,0,0,0,0
1116,35,60,35,200,200,0,0,0,0,0,60,100
1127,0,0,10,200,200,0,0,0,0,0,20,20
1144,18,25,19,20,4,0,0,0,0,0,0,0
1157,25,25,5,50,50,0,0,0,0,0,0,0
1192,0,0,0,0,0,0,0,0,0,0,0,0
1204,87,84,76,79,10,0,0,0,0,0,0,0
1239,0,0,0,0,0,0,0,0,0,0,0,0
1267,0,0,0,0,0,0,0,0,0,0,0,0
1330,0,0,0,0,0,0,0,0,0,0,0,0
1347,10,10,90,150,200,0,0,0,0,0,0,0
1374,18,25,19,20,4,0,0,0,0,0,0,0
1455,0,0,0,0,0,0,0,0,0,0,50,0
1470,0,0,0,0,0,0,0,0,0,0,0,0
1487,0,0,0,0,0,0,0,0,0,0,0,0
1536,0,0,0,0,0,0,0,0,0,0,0,0
1562,30,60,30,0,0,0,0,0,0,0,60,60
1586,0,3,2,0,0,0,0,0,0,0,29,31
1592,50,70,70,90,30,0,0,0,0,0,0,0
1607,20,20,20,15,0,0,0,0,0,0,0,0
1620,10,10,0,0,10,0,0,0,0,0,0,0
1630,0,20,20,0,0,0,0,0,0,0,0,0
1638,0,0,0,0,0,0,0,0,0,0,0,0
1649,0,0,0,0,0,0,0,0,0,0,0,0
1665,0,0,0,0,60,0,0,0,0,0,0,0
1757,0,0,0,0,0,0,0,0,0,0,0,0
1771,0,0,0,0,0,0,0,0,0,0,0,0
1813,10,10,10,20,10,0,0,0,0,0,5,10
1832,10,10,5,10,5,0,0,0,0,0,0,0
1915,10,150,150,0,0,0,0,0,0,0,50,50
1936,30,60,30,0,0,0,0,0,0,0,60,60
1942,30,60,30,0,0,0,0,0,0,0,60,60
1961,0,0,0,0,0,0,0,0,0,0,0,0
1975,60,60,60,60,60,0,0,0,0,0,0,80
2001,90,90,5,90,90,0,0,0,0,0,0,0
2029,221,235,222,221,0,68,0,82,0,0,0,72
2048,0,0,0,0,0,0,0,0,0,0,0,0
2058,0,0,0,0,0,0,0,0,0,0,0,0
2076,0,0,0,0,0,0,0,0,0,0,0,0
2236,50,50,50,50,50,0,0,0,0,0,0,0
2265,75,75,10,75,75,0,0,0,0,0,0,0
2281,0,0,0,0,0,0,0,0,0,0,0,0
2351,0,0,0,0,0,0,0,0,0,0,0,0
2418,0,0,0,0,0,0,0,0,0,0,0,0
2461,0,0,0,0,0,0,0,0,0,0,0,0
2473,0,0,0,0,0,0,0,0,0,0,0,0
2502,20,20,20,0,0,0,0,0,0,0,0,0
2599,0,0,0,0,0,0,0,0,0,0,0,0
2609,0,0,0,0,0,0,0,0,0,0,0,0
2627,0,0,0,0,0,0,0,0,0,0,0,0
2679,0,0,0,0,0,0,0,0,0,0,0,0
2687,0,0,0,0,0,0,0,0,0,0,0,0
2703,18,25,19,20,4,0,0,0,0,0,0,0
2711,0,0,0,0,15,0,0,0,0,0,0,0
2738,0,0,0,0,0,0,0,0,0,0,0,0
2776,21,21,21,21,21,0,0,0,0,0,0,0
2805,5,15,15,5,0,0,0,0,0,0,0,0
2844,0,0,0,0,0,0,0,0,0,0,0,0
2869,0,0,0,0,0,0,0,0,0,0,0,0
2890,35,60,35,200,200,0,0,0,0,0,60,100
2962,18,25,19,20,4,0,0,0,0,0,0,0
2972,18,25,19,20,4,0,0,0,0,0,0,0
3013,0,0,0,0,0,0,0,0,0,0,0,0
3058,0,0,0,0,0,0,0,0,0,0,0,0
3064,0,0,0,0,0,0,0,0,0,0,0,0
3154,2,1,3,0,0,0,0,0,0,0,0,0
3175,0,0,0,0,0,0,0,0,0,0,0,0
3184,0,0,0,0,0,0,0,0,0,0,0,0
127,10,5,15,10,5,0,0,0,0,0,0,0
139,0,0,0,0,0,0,0,0,0,0,0,0
164,0,0,0,0,0,0,0,0,0,0,0,0
183,0,0,0,0,0,0,0,0,0,0,0,0
193,13,17,14,14,4,0,0,0,0,0,0,0
205,0,0,0,0,0,0,0,0,0,0,0,0
241,0,0,0,0,0,0,0,0,0,0,0,0
256,0,0,0,0,0,0,0,0,0,0,0,0
277,0,0,0,0,0,0,0,0,0,0,0,0
347,0,0,0,0,0,0,0,0,0,0,0,0
362,21,21,21,21,21,0,0,0,0,0,0,0
391,0,0,0,0,0,0,0,0,0,0,0,0
415,0,0,0,0,0,0,0,0,0,0,0,0
427,0,0,0,0,0,0,0,0,0,0,0,0
440,0,0,0,0,0,0,0,0,0,0,0,0
453,0,0,0,0,0,0,0,0,0,0,0,0
643,0,0,0,0,0,0,0,0,0,0,0,0
671,0,0,0,0,0,0,0,0,0,0,0,0
709,42,42,42,42,42,0,0,0,0,0,0,0
742,20,40,40,20,30,0,0,0,0,0,0,0
852,10,21,16,0,0,0,0,0,0,0,5,7
891,0,0,0,0,0,0,0,0,0,0,0,0
929,0,0,0,0,0,0,0,0,0,0,0,3
938,38,40,36,38,0,0,0,0,0,0,45,44
1000,0,0,0,0,0,0,0,0,0,0,0,0
1016,0,0,0,0,0,0,0,0,0,0,0,0
1046,0,0,0,0,0,0,0,0,0,0,0,0
1069,0,0,0,0,0,0,0,0,0,0,0,0
1092,83,76,70,74,11,0,0,0,0,0,0,0
1106,0,0,10,200,200,0,0,0,0,0,20,20
1117,35,60,35,200,200,0,0,0,0,0,60,100
1128,0,0,10,200,200,0,0,0,0,0,20,20
1145,18,25,19,20,4,0,0,0,0,0,0,0
1153,5,5,1,10,10,0,0,0,0,0,0,0
1183,50,70,70,50,60,0,0,0,0,0,0,0
1205,87,84,76,79,10,0,0,0,0,0,0,0
1228,5,5,30,50,0,0,0,0,0,0,10,10
1297,18,25,19,20,4,0,0,0,0,0,0,0
1341,10,10,90,150,200,0,0,0,0,0,0,0
1350,150,150,150,50,50,0,0,0,0,0,0,0
1377,0,0,0,0,0,0,0,0,0,0,0,0
1447,0,0,0,0,0,0,0,0,0,0,50,0
1466,0,0,0,0,0,0,0,0,0,0,15,0
1479,0,0,0,0,0,0,0,0,0,0,0,0
1531,42,42,42,42,42,0,0,0,0,0,0,0
1560,30,60,30,0,0,0,0,0,0,0,60,60
1580,0,0,0,0,0,0,0,0,0,0,0,0
1589,30,50,50,30,40,0,0,0,0,0,0,0
1605,20,20,20,15,0,0,0,0,0,0,0,0
1614,20,20,20,20,0,0,0,0,0,0,0,0
1621,10,10,0,0,10,0,0,0,0,0,0,0
1632,0,20,20,0,0,0,0,0,0,0,0,0
1642,0,0,0,0,0,0,0,0,0,0,0,0
1652,0,0,0,0,0,0,0,0,0,0,0,0
1681,0,0,0,0,0,1,1,1,1,1,66,62
1761,0,0,0,0,0,0,0,0,0,0,0,0
1775,0,0,0,0,0,0,0,0,0,0,0,0
1823,0,0,0,0,0,0,0,0,0,0,0,0
1880,0,0,0,0,0,0,0,0,0,0,0,0
1914,10,150,150,0,0,0,0,0,0,0,50,50
1931,0,0,0,0,0,0,0,0,0,0,0,0
1955,0,0,0,0,0,0,0,0,0,0,0,0
1967,0,0,0,0,0,0,0,0,0,0,0,0
1976,0,0,0,0,0,0,0,0,0,0,0,0
2025,103,85,117,0,73,12,0,65,0,73,0,68
2035,0,0,0,0,0,0,0,0,0,0,0,0
2050,0,0,0,0,0,0,0,0,0,0,0,0
2071,0,0,0,0,0,0,0,0,0,0,0,0
2082,0,0,0,0,0,0,0,0,0,0,0,0
2251,0,0,0,0,0,0,0,0,0,0,0,0
2275,0,0,0,0,0,0,0,0,0,0,0,0
2313,42,42,42,42,42,0,0,0,0,0,0,0
2373,0,0,0,0,0,0,0,0,0,0,0,0
2454,0,0,0,0,0,0,0,0,0,0,0,0
2468,0,0,0,0,0,0,0,0,0,0,0,0
2492,20,20,10,20,17,0,0,0,0,0,0,0
2592,0,0,0,0,0,0,0,0,0,0,0,0
2602,0,0,0,0,0,0,0,0,0,0,0,0
2612,0,0,0,0,0,0,0,0,0,0,0,0
2629,0,0,0,0,0,0,0,0,0,0,0,0
2675,21,21,21,21,21,0,0,0,0,0,0,0
2693,42,42,42,42,42,0,0,0,0,0,0,0
2701,18,25,19,20,4,0,0,0,0,0,0,0
2714,0,0,0,0,0,0,0,0,0,0,0,0
2739,0,0,0,0,0,0,0,0,0,0,0,0
2750,0,0,0,0,0,0,0,0,0,0,0,0
2784,0,0,0,0,0,0,0,0,0,0,0,0
2840,0,0,0,0,0,0,0,0,0,0,0,0
2850,20,15,10,15,15,1,1,1,1,1,0,0
2884,100,150,175,10,250,0,0,0,0,0,0,0
2965,18,25,19,20,4,0,0,0,0,0,0,0
2973,18,25,19,20,4,0,0,0,0,0,0,0
3015,0,0,0,0,0,0,0,0,0,0,0,0
3042,18,25,19,20,4,0,0,0,0,0,4,5
3063,0,0,0,0,0,0,0,0,0,0,0,0
3167,0,0,0,0,0,0,0,0,0,0,0,0
3176,0,0,0,0,0,0,0,0,0,0,0,0
128,0,0,0,0,0,0,0,0,0,0,0,0
144,0,0,0,0,0,0,0,0,0,0,0,0
175,0,0,0,0,0,0,0,0,0,0,0,0
187,6,9,11,0,0,0,0,0,0,0,5,5
196,0,0,0,0,0,0,0,0,0,0,0,0
239,0,0,0,0,0,0,0,0,0,0,0,0
254,0,0,0,0,0,0,0,0,0,0,0,0
273,6,8,7,4,1,0,0,0,0,0,5,4
346,18,25,19,20,4,0,0,0,0,0,0,0
359,21,21,21,21,21,0,0,0,0,0,0,0
372,0,0,0,0,0,0,0,0,0,0,0,0
412,0,0,0,0,0,0,0,0,0,0,0,0
421,0,0,0,0,0,0,0,0,0,0,0,0
441,0,0,0,0,0,0,0,0,0,0,0,0
476,25,25,22,25,7,0,0,0,0,0,0,0
508,0,0,0,0,0,0,0,0,0,0,0,0
655,0,0,0,0,0,0,0,0,0,0,0,0
717,0,0,0,0,0,0,0,0,0,0,0,0
757,2,1,3,0,0,0,0,0,0,0,0,0
856,0,0,0,0,0,0,0,0,0,0,0,0
898,0,0,0,0,0,0,0,0,0,0,0,0
935,0,0,0,0,0,0,0,0,0,0,0,0
988,0,0,0,0,0,0,0,0,0,0,0,0
1004,0,0,0,0,0,0,0,0,0,0,0,0
1020,0,0,0,0,0,0,0,0,0,0,0,0
1068,0,0,0,0,0,0,0,0,0,0,0,0
1086,21,21,21,21,21,0,0,0,0,0,0,0
1107,0,0,10,200,200,0,0,0,0,0,20,20
1118,0,0,10,200,200,0,0,0,0,0,20,20
1126,0,0,10,200,200,0,0,0,0,0,20,20
1138,0,0,10,200,200,0,0,0,0,0,20,20
1154,25,25,5,50,50,0,0,0,0,0,0,0
1184,50,70,70,50,60,0,0,0,0,0,0,0
1218,0,0,0,0,0,0,0,0,0,0,0,0
1241,0,0,0,0,0,0,0,0,0,0,0,0
1265,0,0,0,0,0,0,0,0,0,0,0,0
1338,10,10,90,150,200,0,0,0,0,0,0,0
1348,150,150,150,50,50,0,0,0,0,0,0,0
1367,0,0,0,0,0,0,0,0,0,0,0,0
1441,100,100,100,100,250,0,0,0,150,0,160,90
1465,0,0,0,0,0,0,0,0,0,0,15,0
1478,20,20,10,20,17,0,0,0,0,0,0,0
1530,0,0,0,0,0,0,0,0,0,0,0,0
1561,30,60,30,0,0,0,0,0,0,0,60,60
1579,0,0,0,0,0,0,0,0,0,0,0,0
1590,50,70,70,90,30,0,0,0,0,0,0,0
1604,20,20,20,15,0,0,0,0,0,0,0,0
1615,20,20,20,20,0,0,0,0,0,0,0,0
1623,0,0,0,0,0,0,0,0,0,0,0,0
1634,10,10,10,10,0,0,0,0,0,0,0,0
1646,0,0,0,0,40,0,0,0,0,0,0,0
1653,0,0,0,0,0,0,0,0,0,0,0,0
1698,0,0,0,0,0,0,0,0,0,0,0,0
1770,0,0,0,0,0,0,0,0,0,0,0,0
1804,50,50,5,50,5,0,0,0,0,0,10,0
1828,0,0,0,0,0,0,0,0,0,0,0,0
1905,0,0,0,0,0,0,0,0,0,0,0,0
1919,0,0,0,0,0,0,0,0,0,0,0,0
1940,30,60,30,0,0,0,0,0,0,0,60,60
1958,0,0,0,0,0,0,0,0,0,0,0,0
1973,50,40,0,40,0,0,0,0,0,0,0,0
1996,0,0,0,0,0,0,0,0,0,0,0,0
2027,259,257,241,250,11,75,75,75,0,0,0,75
2037,5,5,5,5,0,0,0,0,0,0,0,0
2049,0,0,0,0,0,0,0,0,0,0,0,0
2069,0,0,0,0,0,0,0,0,0,0,0,0
2131,0,0,0,0,0,0,0,0,0,0,0,0
2246,25,25,22,25,7,0,0,0,0,0,0,0
2274,0,0,0,0,0,0,0,0,0,0,0,0
2314,42,42,42,42,42,0,0,0,0,0,0,0
2361,50,70,70,50,60,0,0,0,0,0,0,0
2455,10,10,90,150,200,0,0,0,0,0,0,0
2467,0,0,0,0,0,0,0,0,0,0,0,0
2497,0,0,0,0,0,0,0,0,0,0,0,0
2571,50,50,50,50,50,0,0,0,0,0,0,0
2600,0,0,0,0,0,0,0,0,0,0,0,0
2607,0,0,0,0,0,0,0,0,0,0,0,0
2624,0,0,0,0,0,0,0,0,0,0,0,0
2650,0,0,0,0,0,0,0,0,0,0,0,0
2694,42,42,42,42,42,0,0,0,0,0,0,0
2702,18,25,19,20,4,0,0,0,0,0,0,0
2715,5,5,5,5,0,0,0,0,0,0,0,0
2742,0,0,0,0,0,0,0,0,0,0,0,0
2777,73,76,70,72,11,0,0,0,0,0,0,0
2804,5,15,15,5,0,0,0,0,0,0,0,0
2842,0,0,0,0,0,0,0,0,0,0,0,0
2879,150,150,150,150,150,0,0,0,0,0,0,0
2885,225,200,175,250,10,0,0,0,0,0,0,0
2964,18,25,19,20,4,0,0,0,0,0,0,0
3007,0,0,0,0,0,0,0,0,0,0,0,0
3016,0,0,0,0,0,0,0,0,0,0,0,0
3047,0,0,0,0,0,0,0,0,0,0,0,0
3069,140,90,90,140,80,0,0,0,0,0,0,0
3080,0,0,0,0,0,0,0,0,0,0,0,0
3173,0,0,0,0,0,0,0,0,0,0,0,0
3186,0,0,0,0,0,0,0,0,0,0,0,0
3195,0,0,0,0,0,0,0,0,0,0,0,0
132,0,0,0,0,0,0,0,0,0,0,0,0
142,0,0,0,0,0,0,0,0,0,0,0,0
178,73,76,70,72,11,0,0,0,0,0,0,0
184,0,0,0,0,0,0,0,0,0,0,0,0
192,0,0,0,0,0,0,0,0,0,0,0,0
206,18,25,19,20,4,0,0,0,0,0,0,0
245,0,0,0,0,0,0,0,0,0,0,0,0
281,0,0,0,0,0,0,0,0,0,0,0,0
348,0,0,0,0,0,0,0,0,0,0,0,0
369,0,0,0,0,0,0,0,0,0,0,0,0
392,0,0,0,0,0,0,0,0,0,0,0,0
418,0,0,0,0,0,0,0,0,0,0,0,0
428,0,0,0,0,0,0,0,0,0,0,0,0
445,0,0,0,0,0,0,0,0,0,0,0,0
478,0,0,0,0,0,0,0,0,0,0,0,0
504,0,0,0,0,0,0,0,0,0,0,0,0
652,0,0,0,0,0,0,0,0,0,0,0,0
719,0,0,0,0,0,0,0,0,0,0,0,0
795,0,0,0,0,0,0,0,0,0,0,0,0
870,13,24,19,0,0,0,0,0,0,0,9,13
899,0,0,0,0,0,0,0,0,0,0,0,0
934,0,0,0,0,0,0,0,0,0,0,0,0
989,0,0,0,0,0,0,0,0,0,0,0,0
1015,0,0,0,0,0,0,0,0,0,0,0,0
1023,0,0,0,0,0,0,0,0,0,0,0,0
1065,0,0,0,0,0,0,0,0,0,0,0,0
1076,18,25,19,20,4,0,0,0,0,0,0,0
1102,0,0,0,200,200,0,0,0,0,0,0,0
1111,0,0,10,200,200,0,0,0,0,0,20,20
1122,0,0,10,200,200,0,0,0,0,0,20,20
1131,0,0,0,200,200,0,0,0,0,0,0,0
1149,18,25,19,20,4,0,0,0,0,0,0,0
1172,0,0,0,10000,10000,0,0,0,0,0,0,0
1203,87,84,76,79,10,0,0,0,0,0,0,0
1223,0,0,0,0,0,0,0,0,0,0,0,0
1263,0,0,0,0,0,0,0,0,0,0,0,0
1318,50,50,50,50,50,0,0,0,0,0,0,0
1346,10,10,90,150,200,0,0,0,0,0,0,0
1352,150,150,150,50,50,0,0,0,0,0,0,0
1402,42,42,42,42,42,0,0,0,0,0,0,0
1463,0,0,0,0,0,0,0,0,0,0,0,0
1472,0,50,0,0,50,0,0,0,0,0,50,50
1521,0,0,0,0,0,0,0,0,0,0,0,0
1540,5,5,5,5,5,0,0,0,0,0,0,0
1564,30,60,30,0,0,0,0,0,0,0,60,60
1583,0,3,2,0,0,0,0,0,0,0,29,31
1594,0,0,0,0,0,0,0,0,0,0,0,0
1608,0,20,20,0,0,0,0,0,0,0,0,0
1616,20,20,0,0,20,0,0,0,0,0,0,0
1627,0,20,20,0,0,0,0,0,0,0,0,0
1637,0,0,0,0,0,0,0,0,0,0,0,0
1647,0,0,0,0,40,0,0,0,0,0,0,0
1678,0,0,0,0,0,0,0,0,0,0,0,0
1712,0,0,0,0,0,0,0,0,0,0,0,0
1768,0,0,0,0,0,0,0,0,0,0,0,0
1812,10,10,10,20,10,0,0,0,0,0,5,10
1830,0,0,0,0,0,0,0,0,0,0,0,0
1885,0,0,0,0,0,0,0,0,0,0,0,0
1926,0,0,0,0,0,0,0,0,0,0,0,0
1938,30,60,30,0,0,0,0,0,0,0,60,60
1956,0,0,0,0,0,0,0,0,0,0,0,0
1969,15,15,15,15,15,0,0,0,0,0,0,0
1997,0,0,0,0,0,0,0,0,0,0,0,0
2028,79,71,90,100,106,0,0,0,134,0,0,0
2044,0,0,0,0,0,0,0,0,0,0,0,0
2051,0,0,0,0,0,0,0,0,0,0,0,0
2070,0,0,0,0,0,0,0,0,0,0,0,0
2078,0,0,0,0,0,0,0,0,0,0,0,0
2249,0,0,0,0,0,0,0,0,0,0,0,0
2276,0,0,0,0,0,0,0,0,0,0,0,0
2310,0,0,0,0,0,0,0,0,0,0,0,0
2362,50,70,70,50,60,0,0,0,0,0,0,0
2452,225,200,175,250,10,0,0,0,0,0,0,0
2464,0,0,0,0,0,0,0,0,0,0,0,0
2482,0,0,0,0,0,0,0,0,0,0,0,0
2591,0,0,0,0,0,0,0,0,0,0,0,0
2601,0,0,0,0,0,0,0,0,0,0,0,0
2610,0,0,0,0,0,0,0,0,0,0,0,0
2630,0,0,0,0,0,0,0,0,0,0,0,0
2674,0,0,0,0,0,0,0,0,0,0,0,0
2686,0,0,0,0,0,0,0,0,0,0,0,0
2700,18,25,19,20,4,0,0,0,0,0,0,0
2712,0,0,0,0,15,0,0,0,0,0,0,0
2737,0,0,0,0,0,0,0,0,0,0,0,0
2747,0,0,0,0,0,0,0,0,0,0,0,0
2807,0,5,5,0,0,0,0,0,0,0,0,0
2845,0,0,0,0,0,0,0,0,0,0,0,0
2878,0,0,0,0,0,0,0,0,0,0,0,0
2889,100,100,50,150,50,0,0,0,0,0,0,0
2966,18,25,19,20,4,0,0,0,0,0,0,0
2981,0,0,0,0,0,0,0,0,0,0,0,0
3017,0,0,0,0,0,0,0,0,0,0,0,0
3057,0,0,0,0,0,0,0,0,0,0,0,0
3065,0,0,0,0,0,0,0,0,0,0,0,0
3151,5,5,5,5,0,0,0,0,0,0,0,0
3177,0,0,0,0,0,0,0,0,0,0,0,0
133,0,0,0,0,0,0,0,0,0,0,0,0
141,0,0,0,0,0,0,0,0,0,0,0,0
174,0,0,0,0,3,0,0,0,0,0,0,0
186,2,3,3,0,0,0,0,0,0,0,0,0
195,0,0,0,0,0,0,0,0,0,0,0,0
222,0,0,0,0,0,0,0,0,0,0,0,0
243,0,0,0,0,0,0,0,0,0,0,0,0
275,0,0,0,0,0,0,0,0,0,0,0,0
288,42,42,42,42,42,0,0,0,0,0,0,0
357,0,0,0,0,0,0,0,0,0,0,0,0
371,0,0,0,0,0,0,0,0,0,0,0,0
397,0,0,0,0,0,0,0,0,0,0,0,0
426,0,0,0,0,0,0,0,0,0,0,0,0
444,0,0,0,0,0,0,0,0,0,0,0,0
477,0,0,0,0,0,0,0,0,0,0,0,0
509,0,0,0,0,0,0,0,0,0,0,0,0
650,50,50,50,50,50,0,0,0,0,0,0,0
708,42,42,42,42,42,0,0,0,0,0,0,0
750,0,3,2,2,3,0,0,0,0,0,9,15
862,0,0,0,0,0,0,0,0,0,0,0,0
900,0,0,0,0,0,0,0,0,0,0,0,0
937,27,31,29,29,1,0,0,0,0,0,29,31
990,0,0,0,0,0,0,0,0,0,0,0,0
1007,0,0,0,0,3,0,0,0,0,0,0,0
1045,0,0,0,0,0,0,0,0,0,0,0,0
1063,0,0,0,0,0,0,0,0,0,0,0,0
1095,35,60,35,200,200,0,0,0,0,0,60,100
1104,0,0,0,200,200,0,0,0,0,0,0,0
1115,35,60,35,200,200,0,0,0,0,0,60,100
1125,25,25,40,200,200,0,0,0,0,0,40,70
1142,18,25,19,20,4,0,0,0,0,0,0,0
1156,5,5,1,10,10,0,0,0,0,0,0,0
1194,0,0,0,0,0,0,0,0,0,0,0,0
1206,87,84,76,79,10,0,0,0,0,0,0,0
1244,0,0,0,0,0,0,0,0,0,0,0,0
1296,18,25,19,20,4,0,0,0,0,0,0,0
1340,10,10,90,150,200,0,0,0,0,0,0,0
1349,150,150,150,50,50,0,0,0,0,0,0,0
1389,0,0,0,0,0,0,0,0,0,0,0,0
1456,0,0,0,0,0,0,0,0,0,0,0,0
1467,0,0,0,0,0,0,0,0,0,0,15,0
1477,5,15,15,5,0,0,0,0,0,0,0,0
1541,0,0,0,0,0,0,0,0,0,0,0,0
1576,0,0,0,0,0,0,0,0,0,0,0,0
1581,0,0,0,0,0,0,0,0,0,0,0,0
1591,50,70,70,90,30,0,0,0,0,0,0,0
1613,20,20,20,20,0,0,0,0,0,0,0,0
1626,0,20,20,0,0,0,0,0,0,0,0,0
1633,10,10,10,10,0,0,0,0,0,0,0,0
1645,0,0,0,0,40,0,0,0,0,0,0,0
1656,0,0,0,0,0,0,0,0,0,0,0,0
1693,0,0,0,0,0,0,0,0,0,0,0,0
1766,0,0,0,0,0,0,0,0,0,0,0,0
1776,0,0,0,0,0,0,0,0,0,0,0,0
1827,0,0,0,0,0,0,0,0,0,0,0,0
1904,0,0,0,0,0,0,0,0,0,0,0,0
1927,0,0,0,0,0,0,0,0,0,0,0,0
1941,30,60,30,0,0,0,0,0,0,0,60,60
1963,0,0,0,0,0,0,0,0,0,0,0,0
1994,0,0,0,0,0,0,0,0,0,0,0,0
2017,0,0,0,0,0,0,0,0,0,0,0,0
2031,0,0,0,0,0,0,0,0,0,0,0,0
2052,0,0,0,0,0,0,0,0,0,0,0,0
2073,0,0,0,0,0,0,0,0,0,0,0,0
2083,0,0,0,0,0,0,0,0,0,0,0,0
2247,0,0,0,0,0,0,0,0,0,0,0,0
2279,0,0,0,0,0,0,0,0,0,0,0,0
2328,0,0,0,0,0,0,0,0,0,0,0,0
2434,0,0,0,0,0,0,0,0,0,0,0,0
2463,0,0,0,0,0,0,0,0,0,0,0,0
2471,0,0,0,0,0,0,0,0,0,0,0,0
2500,20,20,20,0,0,0,0,0,0,0,0,0
2595,0,0,0,0,0,0,0,0,0,0,0,0
2605,0,0,0,0,0,0,0,0,0,0,0,0
2616,0,0,0,0,0,0,0,0,0,0,0,0
2642,70,90,90,70,80,0,0,0,0,0,0,0
2682,0,0,0,0,0,0,0,0,0,0,0,0
2697,0,0,0,0,0,0,0,0,0,0,0,0
2708,42,42,42,42,42,0,0,0,0,0,0,0
2735,0,0,0,0,0,0,0,0,0,0,0,0
2744,0,0,0,0,0,0,0,0,0,60,0,0
2782,30,30,30,30,30,0,0,0,0,0,0,0
2839,0,0,0,0,0,0,0,0,0,0,0,0
2846,0,0,0,0,0,0,0,0,0,0,0,0
2881,10,10,10,255,255,0,0,0,0,0,0,0
2931,0,0,0,0,0,0,0,0,0,0,0,0
2968,18,25,19,20,4,0,0,0,0,0,0,0
3010,0,0,0,0,0,0,0,0,0,0,0,0
3027,1,300,300,300,300,0,0,0,0,0,0,0
3059,0,0,0,0,0,0,0,0,0,0,0,0
3071,140,90,90,140,80,0,0,0,0,0,0,0
3170,0,0,0,0,0,0,0,0,0,0,0,0
3179,0,0,0,0,0,0,0,0,0,0,0,0
3190,0,0,0,0,0,0,0,0,0,0,0,0
3202,10,10,10,20,20,0,0,0,0,0,30,0
3229,18,25,19,20,4,0,0,0,0,0,0,0
3240,10,10,10,10,10,0,0,0,0,0,0,0
134,20,17,10,14,14,0,0,0,0,0,0,0
160,42,42,42,42,42,0,0,0,0,0,0,0
180,0,3,2,2,0,0,0,0,0,0,0,0
190,0,0,0,0,0,0,0,0,0,0,0,0
202,0,0,0,0,0,0,0,0,0,0,0,0
237,0,0,0,0,0,0,0,0,0,0,0,0
246,0,0,0,0,0,0,0,0,0,0,0,0
257,0,0,0,0,0,0,0,0,0,0,0,0
282,0,0,0,0,0,0,0,0,0,0,0,0
361,21,21,21,21,21,0,0,0,0,0,0,0
382,0,0,0,0,5,0,0,0,0,0,0,0
413,0,0,0,0,0,0,0,0,0,0,0,0
425,0,0,0,0,0,0,0,0,0,0,0,0
446,0,0,0,0,0,0,0,0,0,0,0,0
480,0,0,0,0,0,0,0,0,0,0,0,0
507,0,0,0,0,0,0,0,0,0,0,0,0
675,0,0,0,0,0,0,0,0,0,0,0,0
727,21,21,21,21,21,0,0,0,0,0,0,0
745,0,0,0,0,0,0,0,0,0,0,0,0
839,0,0,0,0,0,0,0,0,0,0,0,0
879,0,0,0,0,0,0,0,0,0,0,0,0
914,0,0,0,0,0,0,0,0,0,0,0,0
951,42,42,42,42,42,0,0,0,0,0,0,0
998,0,0,0,0,0,0,0,0,0,0,0,0
1017,42,42,42,42,42,0,0,0,0,0,0,0
1052,0,0,0,0,0,0,0,0,0,0,0,0
1073,39,50,49,45,18,0,0,0,0,0,0,0
1098,25,25,40,200,200,0,0,0,0,0,40,70
1110,0,0,10,200,200,0,0,0,0,0,20,20
1121,0,0,10,200,200,0,0,0,0,0,20,20
1134,0,0,0,200,200,0,0,0,0,0,0,0
1148,18,25,19,20,4,0,0,0,0,0,0,0
1173,0,0,0,10000,10000,0,0,0,0,0,0,0
1200,87,84,76,79,10,0,0,0,0,0,0,0
1221,0,0,0,0,0,0,0,0,0,0,0,0
1246,0,0,0,0,0,0,0,0,0,0,0,0
1307,0,0,0,0,0,0,0,0,0,0,0,0
1342,10,10,90,150,200,0,0,0,0,0,0,0
1356,150,150,150,50,50,0,0,0,0,0,0,0
1404,0,0,0,0,0,0,0,0,0,0,0,0
1459,0,0,0,0,0,0,0,0,0,0,50,0
1475,0,0,0,0,0,0,0,0,0,0,0,0
1523,0,0,0,0,0,0,0,0,0,0,0,0
1555,35,60,35,200,200,0,0,0,0,0,60,100
1577,0,0,0,0,0,0,0,0,0,0,0,0
1582,0,3,2,0,0,0,0,0,0,0,29,31
1593,0,0,0,0,0,0,0,0,0,0,0,0
1606,20,20,20,15,0,0,0,0,0,0,0,0
1617,20,20,0,0,20,0,0,0,0,0,0,0
1631,0,20,20,0,0,0,0,0,0,0,0,0
1641,0,0,0,0,0,0,0,0,0,0,0,0
1648,0,0,0,0,0,0,0,0,0,0,0,0
1657,0,0,0,0,0,0,0,0,0,0,0,0
1710,0,0,0,0,0,0,0,0,0,0,0,0
1772,0,0,0,0,0,0,0,0,0,0,0,0
1806,18,25,19,20,4,0,0,0,0,0,0,0
1831,0,0,0,0,0,0,0,0,0,0,0,0
1883,0,0,0,0,0,0,0,0,0,0,0,0
1928,0,0,0,0,0,0,0,0,0,0,0,0
1939,30,60,30,0,0,0,0,0,0,0,60,60
1959,0,0,0,0,0,0,0,0,0,0,0,0
1968,0,0,0,0,0,0,0,0,0,0,0,0
1995,0,0,0,0,0,0,0,0,0,0,0,0
2026,252,250,244,249,11,0,103,95,0,0,0,105
2036,5,5,5,5,0,0,0,0,0,0,0,0
2053,0,0,0,0,0,0,0,0,0,0,0,0
2060,0,0,0,0,0,0,0,0,0,0,0,0
2090,0,0,0,0,0,0,0,0,0,0,0,0
2248,0,0,0,0,0,0,0,0,0,0,0,0
2278,0,0,0,0,0,0,0,0,0,0,0,0
2315,42,42,42,42,42,0,0,0,0,0,0,0
2371,0,0,0,0,0,0,0,0,0,0,0,0
2457,100,150,175,10,250,0,0,0,0,0,0,0
2466,0,0,0,0,0,0,0,0,0,0,0,0
2491,20,20,10,20,17,0,0,0,0,0,0,0
2503,20,20,20,0,0,0,0,0,0,0,0,0
2597,0,0,0,0,0,0,0,0,0,0,0,0
2608,0,0,0,0,0,0,0,0,0,0,0,0
2625,0,0,0,0,0,0,0,0,0,0,0,0
2678,0,0,0,0,0,0,0,0,0,0,0,0
2689,0,0,0,0,0,0,0,0,0,0,0,0
2699,18,25,19,20,4,0,0,0,0,0,0,0
2710,0,0,0,0,15,0,0,0,0,0,0,0
2740,0,0,0,0,0,0,0,0,0,0,0,0
2751,73,76,70,72,11,0,0,0,0,0,0,0
2801,0,0,0,0,0,0,0,0,0,0,0,0
2841,0,0,0,0,0,0,0,0,0,0,0,0
2866,0,0,0,0,0,0,0,0,0,0,0,0
2888,10,10,90,150,200,0,0,0,0,0,0,0
2963,18,25,19,20,4,0,0,0,0,0,0,0
3008,0,0,0,0,0,0,0,0,0,0,0,0
3018,0,0,0,0,0,0,0,0,0,0,0,0
3048,0,0,0,0,0,0,0,0,0,0,0,0
3067,0,0,0,0,0,0,0,0,0,0,0,0
3079,0,0,0,0,0,0,0,0,0,0,0,0
3172,0,0,0,0,0,0,0,0,0,0,0,0
3187,0,0,0,0,0,0,0,0,0,0,0,0
135,0,0,0,0,0,0,0,0,0,0,0,0
163,0,0,0,0,0,0,0,0,0,0,0,0
179,73,76,70,72,11,0,0,0,0,0,0,0
191,0,0,0,0,0,0,0,0,0,0,0,0
203,0,0,0,0,0,0,0,0,0,0,0,0
240,0,0,0,0,0,0,0,0,0,0,0,0
253,0,0,0,0,0,0,0,0,0,0,0,0
270,0,0,0,0,0,0,0,0,0,0,0,0
301,0,0,10,200,200,0,0,0,0,0,20,20
354,21,21,21,21,21,0,0,0,0,0,0,0
370,0,0,0,0,0,0,0,0,0,0,0,0
396,0,0,0,0,0,0,0,0,0,0,0,0
420,0,0,0,0,0,0,0,0,0,0,0,0
430,0,0,0,0,0,0,0,0,0,0,0,0
447,8,9,10,9,4,0,0,0,0,0,0,0
479,0,0,0,0,0,0,0,0,0,0,0,0
582,0,0,0,0,5,0,0,0,0,0,0,0
674,0,0,0,0,0,0,0,0,0,0,0,0
726,21,21,21,21,21,0,0,0,0,0,0,0
792,0,0,0,0,0,0,0,0,0,0,0,0
871,0,0,0,0,0,0,0,0,0,0,0,0
893,0,0,0,0,0,0,0,0,0,0,0,0
913,0,0,0,0,0,0,0,0,0,0,0,0
950,0,0,0,0,0,0,0,0,0,0,0,0
997,0,0,0,0,0,0,0,0,0,0,0,0
1018,0,0,0,0,0,0,0,0,0,0,0,0
1053,0,0,0,0,0,0,0,0,0,0,0,0
1075,39,50,49,45,18,0,0,0,0,0,0,0
1096,30,30,50,200,200,0,0,0,0,0,50,80
1112,0,0,10,200,200,0,0,0,0,0,20,20
1124,0,0,10,200,200,0,0,0,0,0,20,20
1130,0,0,0,200,200,0,0,0,0,0,0,0
1146,18,25,19,20,4,0,0,0,0,0,0,0
1159,50,50,10,100,100,0,0,0,0,0,0,0
1198,0,0,0,0,0,0,0,0,0,0,0,0
1225,0,0,0,0,0,0,0,0,0,0,0,0
1250,0,0,0,0,0,0,0,0,0,0,0,0
1328,0,0,0,0,0,0,0,0,0,0,0,0
1343,10,10,90,150,200,0,0,0,0,0,0,0
1353,150,150,150,50,50,0,0,0,0,0,0,0
1391,0,0,0,0,0,0,0,0,0,0,0,0
1458,0,0,0,0,0,0,0,0,0,0,0,0
1474,0,0,0,0,0,0,0,0,0,0,0,0
1524,0,0,0,0,0,0,0,0,0,0,0,0
1556,35,60,35,200,200,0,0,0,0,0,60,100
1565,30,60,30,0,0,0,0,0,0,0,60,60
1588,0,0,0,0,0,1,1,1,1,1,66,62
1601,10,10,5,10,5,0,0,0,0,0,0,0
1610,20,20,0,20,20,0,0,0,0,0,0,0
1619,0,0,0,0,0,0,0,0,0,0,0,0
1629,0,20,20,0,0,0,0,0,0,0,0,0
1640,0,0,0,0,0,0,0,0,0,0,0,0
1651,0,0,0,0,0,0,0,0,0,0,0,0
1677,0,0,0,0,0,0,0,0,0,0,0,0
1711,0,0,0,0,0,0,0,0,0,0,0,0
1769,0,0,0,0,0,0,0,0,0,0,0,0
1805,18,25,19,20,4,0,0,0,0,0,0,0
1825,0,0,0,0,0,0,0,0,0,0,0,0
1881,0,0,0,0,0,0,0,0,0,0,0,0
1929,0,0,0,0,0,0,0,0,0,0,0,0
1951,0,0,0,0,0,0,0,0,0,0,0,0
1964,0,0,0,0,0,0,0,0,0,0,0,0
1993,0,0,0,0,0,0,0,0,0,0,0,0
2018,0,0,0,0,0,0,0,0,0,0,0,0
2034,0,0,0,0,0,0,0,0,0,0,0,0
2054,0,0,0,0,0,0,0,0,0,0,0,0
2072,0,0,0,0,0,0,0,0,0,0,0,0
2130,0,0,0,0,0,0,0,0,0,0,0,0
2250,0,0,0,0,0,0,0,0,0,0,0,0
2277,0,0,0,0,0,0,0,0,0,0,0,0
2312,0,0,0,0,0,0,0,0,0,0,0,0
2360,50,70,70,50,60,0,0,0,0,0,0,0
2456,10,10,90,150,200,0,0,0,0,0,0,0
2465,0,0,0,0,0,0,0,0,0,0,0,0
2496,0,0,0,0,0,0,0,0,0,0,0,0
2590,0,0,0,0,0,0,0,0,0,0,0,0
2598,0,0,0,0,0,0,0,0,0,0,0,0
2611,0,0,0,0,0,0,0,0,0,0,0,0
2628,0,0,0,0,0,0,0,0,0,0,0,0
2677,0,3,2,2,0,0,0,0,0,0,0,0
2688,0,0,0,0,0,0,0,0,0,0,0,0
2704,18,25,19,20,4,0,0,0,0,0,0,0
2716,0,0,0,0,0,0,0,0,0,0,0,0
2741,0,0,0,0,0,0,0,0,0,0,0,0
2778,73,76,70,72,11,0,0,0,0,0,0,0
2806,5,15,15,5,0,0,0,0,0,0,0,0
2843,0,0,0,0,0,0,0,0,0,0,0,0
2863,0,0,0,0,0,0,0,0,0,0,0,0
2887,10,10,90,150,200,0,0,0,0,0,0,0
2967,18,25,19,20,4,0,0,0,0,0,0,0
2980,0,0,0,0,0,0,0,0,0,0,0,0
3014,0,0,0,0,0,0,0,0,0,0,0,0
3043,18,25,19,20,4,0,0,0,0,0,4,5
3068,140,90,90,140,80,0,0,0,0,0,0,0
3153,10,5,10,10,5,0,0,0,0,0,0,0
3174,0,0,0,0,0,0,0,0,0,0,0,0
3183,0,0,0,0,0,0,0,0,0,0,0,0
136,0,0,0,0,0,0,0,0,0,0,0,0
161,42,42,42,42,42,0,0,0,0,0,0,0
181,0,0,0,0,0,0,0,0,0,0,0,0
189,0,0,0,0,0,0,0,0,0,0,0,0
199,0,0,0,0,0,0,0,0,0,0,0,0
224,0,0,0,0,0,0,0,0,0,0,0,0
242,0,0,0,0,0,0,0,0,0,0,0,0
272,6,8,7,4,1,0,0,0,0,0,5,4
299,0,0,0,0,0,0,0,0,0,0,0,0
352,21,21,21,21,21,0,0,0,0,0,0,0
365,87,84,76,79,10,0,0,0,0,0,0,0
393,0,0,0,0,0,0,0,0,0,0,0,0
416,0,0,0,0,0,0,0,0,0,0,0,0
424,0,0,0,0,0,0,0,0,0,0,0,0
438,0,0,0,0,0,0,0,0,0,0,0,0
448,8,9,10,9,4,0,0,0,0,0,0,0
489,0,0,0,0,0,0,0,0,0,0,0,0
645,0,0,0,0,0,0,0,0,0,0,0,0
667,0,0,0,0,0,0,0,0,0,0,0,0
728,21,21,21,21,21,0,0,0,0,0,0,0
753,0,0,0,0,0,0,0,0,0,0,0,0
840,0,0,0,0,0,0,0,0,0,0,0,0
897,0,0,0,0,0,0,0,0,0,0,0,0
936,18,22,20,20,1,0,0,0,0,0,16,17
987,0,0,0,0,0,0,0,0,0,0,0,0
1009,20,17,10,14,14,0,0,0,0,0,0,0
1044,0,0,0,0,0,0,0,0,0,0,0,0
1066,0,0,0,0,0,0,0,0,0,0,0,0
1085,0,0,0,0,0,0,0,0,0,0,0,0
1103,0,0,0,200,200,0,0,0,0,0,0,0
1119,0,0,10,200,200,0,0,0,0,0,20,20
1129,0,0,10,200,200,0,0,0,0,0,20,20
1143,18,25,19,20,4,0,0,0,0,0,0,0
1155,25,25,5,50,50,0,0,0,0,0,0,0
1193,0,0,0,0,0,0,0,0,0,0,0,0
1217,0,0,0,0,0,0,0,0,0,0,0,0
1233,5,5,30,50,0,0,0,0,0,0,10,10
1279,0,0,0,0,0,0,0,0,0,0,0,0
1339,10,10,90,150,200,0,0,0,0,0,0,0
1351,150,150,150,50,50,0,0,0,0,0,0,0
1368,0,0,0,0,0,0,0,0,0,0,0,0
1457,0,0,0,0,0,0,0,0,0,0,0,0
1508,4,3,5,0,0,0,0,0,0,0,0,0
1549,0,0,0,0,0,0,0,0,0,0,0,0
1563,30,60,30,0,0,0,0,0,0,0,60,60
1587,0,0,0,0,0,1,1,1,1,1,66,62
1603,10,10,5,10,5,0,0,0,0,0,0,0
1612,5,5,5,5,0,0,0,0,0,0,0,0
1624,0,0,0,0,0,0,0,0,0,0,0,0
1636,10,10,10,10,0,0,0,0,0,0,0,0
1644,0,0,0,0,40,0,0,0,0,0,0,0
1655,0,0,0,0,0,0,0,0,0,0,0,0
1692,0,0,0,0,0,0,0,0,0,0,0,0
1759,0,0,0,0,0,0,0,0,0,0,0,0
1773,0,0,0,0,0,0,0,0,0,0,0,0
1822,0,0,0,0,0,0,0,0,0,0,0,0
1875,0,0,0,0,0,0,0,0,0,0,0,0
1906,0,0,0,0,0,0,0,0,0,0,0,0
1935,30,60,30,0,0,0,0,0,0,0,60,60
1954,0,0,0,0,0,0,0,0,0,0,0,0
1962,0,0,0,0,0,0,0,0,0,0,0,0
1977,100,100,100,0,0,0,0,0,0,0,0,120
2019,0,0,0,0,0,0,0,0,0,0,0,0
2033,0,0,0,0,0,0,0,0,0,0,0,0
2047,0,0,0,0,0,0,0,0,0,0,0,0
2057,0,0,0,0,0,0,0,0,0,0,0,0
2074,0,0,0,0,0,0,0,0,0,0,0,0
2245,25,25,22,25,7,0,0,0,0,0,0,0
2263,50,50,100,10,50,0,0,0,0,0,0,0
2285,0,0,0,0,0,0,0,0,0,0,0,0
2349,0,0,0,0,0,0,0,0,0,0,0,0
2374,0,0,0,0,0,0,0,0,0,0,0,0
2462,0,0,0,0,0,0,0,0,0,0,0,0
2470,0,0,0,0,0,0,0,0,0,0,0,0
2499,20,20,20,0,0,0,0,0,0,0,0,0
2593,0,0,0,0,0,0,0,0,0,0,0,0
2603,0,0,0,0,0,0,0,0,0,0,0,0
2614,0,0,0,0,0,0,0,0,0,0,0,0
2631,0,0,0,0,0,0,0,0,0,0,0,0
2680,0,0,0,0,0,0,0,0,0,0,0,0
2695,0,0,0,0,0,0,0,0,0,0,0,0
2709,0,0,0,0,15,0,0,0,0,0,0,0
2734,0,0,0,0,0,0,0,0,0,0,0,0
2743,0,0,0,0,0,0,0,0,0,60,0,0
2780,0,0,0,0,0,0,0,0,0,0,0,0
2808,0,5,5,0,0,0,0,0,0,0,0,0
2847,0,0,0,0,0,0,0,0,0,0,0,0
2883,255,255,255,255,10,0,0,0,0,0,0,0
2892,100,100,100,50,50,0,0,0,0,0,0,0
2970,18,25,19,20,4,0,0,0,0,0,0,0
3012,0,0,0,0,0,0,0,0,0,0,0,0
3026,300,300,1,300,300,0,0,0,0,0,0,0
3061,0,0,0,0,0,0,0,0,0,0,0,0
3072,0,3,2,0,0,0,0,0,0,0,0,0
3169,0,0,0,0,0,0,0,0,0,0,0,0
3180,0,0,0,0,0,0,0,0,0,0,0,0
3182,0,0,0,0,0,0,0,0,0,0,0,0
3193,0,0,0,0,0,0,0,0,0,0,0,0
3225,21,21,21,21,21,0,0,0,0,0,0,0
3238,5,5,5,5,5,0,0,0,0,0,0,0
3244,0,0,0,0,3,0,0,0,0,0,0,0
3255,0,2,2,2,3,0,0,0,0,0,0,0
3265,0,0,0,0,0,0,0,0,0,0,0,0
3275,0,0,0,0,5,0,0,0,0,0,0,0
3313,0,0,0,0,0,0,0,0,0,0,0,0
3369,0,0,0,0,0,0,0,0,0,0,0,0
3477,0,0,0,0,0,0,0,0,0,0,0,0
3492,10,10,10,10,10,0,0,0,0,0,0,0
3502,150,150,150,50,50,0,0,0,0,0,0,0
3525,0,0,0,0,0,0,0,0,0,0,0,0
3577,0,0,0,0,0,0,0,0,0,0,0,0
3587,0,0,0,0,0,0,0,0,0,0,0,0
3607,0,0,0,0,0,0,0,0,0,0,0,0
3614,0,0,0,0,0,0,0,0,0,0,0,0
3645,0,0,0,0,0,0,0,0,0,0,0,0
3656,0,0,0,0,0,0,0,0,0,0,0,0
3672,0,0,0,0,0,0,0,0,0,0,0,0
3707,0,0,0,0,0,0,0,0,0,0,0,0
3719,0,0,0,0,0,0,0,0,0,0,0,0
3842,0,0,0,0,0,0,0,0,0,0,0,0
3915,21,21,21,21,21,0,0,0,0,0,0,0
4257,18,25,19,20,4,0,0,0,0,0,0,0
4265,0,0,0,0,0,0,0,0,0,0,0,0
4275,0,0,0,0,0,0,0,0,0,0,0,0
4304,18,25,19,20,4,0,0,0,0,0,0,0
4311,18,25,19,20,4,0,0,0,0,0,0,0
4347,2,2,5,0,2,0,0,0,0,0,0,0
4363,0,0,0,0,0,0,0,0,0,0,0,0
4388,0,0,0,0,0,0,0,0,0,0,0,0
4398,50,40,30,50,30,0,0,0,0,0,0,0
4409,0,0,0,0,0,0,0,0,0,0,0,0
4447,0,0,0,0,0,0,0,0,0,0,0,0
4478,18,25,19,20,4,0,0,0,0,0,4,5
4485,0,0,0,0,0,0,0,0,0,0,0,0
4528,50,70,70,50,90,0,0,0,0,0,0,0
4548,0,0,0,0,0,0,0,0,0,0,0,0
4661,0,0,0,0,3,0,0,0,0,0,0,0
4673,50,70,70,50,60,0,0,0,0,0,0,0
4684,50,70,70,50,60,0,0,0,0,0,0,0
4691,0,0,0,0,0,0,0,0,0,0,0,0
4700,0,0,0,0,10,0,0,0,0,0,0,0
4777,0,0,0,0,0,0,0,0,0,0,0,0
4806,0,0,0,0,0,0,0,0,0,0,0,0
4819,0,0,0,0,0,0,0,0,0,0,0,0
4830,0,0,0,0,0,0,0,0,0,0,0,0
4839,0,0,0,0,0,0,0,0,0,0,0,0
4851,0,0,0,0,0,0,0,0,0,0,0,0
4920,0,0,0,0,0,0,0,0,0,0,0,0
4930,10,10,0,10,0,0,0,0,0,0,29,10
4942,0,0,0,0,0,0,0,0,0,0,0,0
4996,18,25,19,20,4,0,0,0,0,0,0,0
5048,10,10,10,10,10,0,0,0,0,0,0,0
5181,0,0,0,0,0,0,0,0,0,0,0,0
5247,0,0,0,0,0,0,0,0,0,0,0,0
5253,70,99,99,149,159,0,0,0,0,0,0,0
5297,0,0,0,0,0,0,0,0,0,0,0,0
5311,0,0,0,0,0,0,0,0,0,0,0,0
5319,0,0,0,0,0,0,0,0,0,0,0,0
5330,0,0,0,0,0,0,0,0,0,0,0,0
5338,5,5,5,5,0,0,0,0,0,0,0,0
5347,0,0,0,0,0,0,0,0,0,0,0,0
5357,0,0,0,0,0,0,0,0,0,0,0,0
5370,0,0,0,0,0,0,0,0,0,0,0,0
5386,5,5,5,5,0,0,0,0,0,0,0,0
5392,5,5,5,5,0,0,0,0,0,0,0,0
5400,0,0,0,0,0,0,0,0,0,0,0,0
5410,0,0,0,0,0,0,0,0,0,0,0,0
5452,0,0,0,0,0,0,0,0,0,0,0,0
5489,18,25,19,20,4,0,0,0,0,0,0,0
5564,0,0,0,0,0,0,0,0,0,0,0,0
5596,0,0,0,0,0,0,0,0,0,0,0,0
5619,0,0,0,0,0,0,0,0,0,0,0,0
5633,0,0,0,0,0,0,0,0,0,0,0,0
5645,0,0,0,0,0,0,0,0,0,0,0,0
5659,0,0,0,0,0,0,0,0,0,0,0,0
5665,0,0,0,0,0,0,0,0,0,0,0,0
5685,0,0,0,0,0,0,0,0,0,0,0,0
5698,0,0,0,0,0,0,0,0,0,0,0,0
5709,0,0,0,0,0,0,0,0,0,0,0,0
5719,0,0,0,0,0,0,0,0,0,0,0,0
5729,0,0,0,0,0,0,0,0,0,0,0,0
5739,0,0,0,0,0,0,0,0,0,0,0,0
5752,0,0,0,0,0,0,0,0,0,0,0,0
5760,0,0,0,0,0,0,0,0,0,0,0,0
5785,0,0,0,0,0,0,0,0,0,0,0,0
5848,0,0,0,0,0,0,0,0,0,0,0,0
5874,0,0,0,0,0,0,0,0,0,0,0,0
5903,0,0,0,0,0,0,0,0,0,0,0,0
5923,21,21,21,21,21,0,0,0,0,0,0,0
5996,105,110,130,100,125,0,0,0,0,0,0,0
6012,0,0,0,0,60,0,0,0,0,0,0,0
6024,0,0,0,0,60,0,0,0,0,0,0,0
6051,0,0,0,0,0,0,0,0,0,0,0,0
3185,0,0,0,0,0,0,0,0,0,0,0,0
3192,0,0,0,0,0,0,0,0,0,0,0,0
3220,0,0,0,0,5,0,0,0,0,0,0,0
3231,18,25,19,20,4,0,0,0,0,0,0,0
3248,0,2,2,2,3,0,0,0,0,0,0,0
3257,0,2,2,2,3,0,0,0,0,0,0,0
3269,0,0,0,0,5,0,0,0,0,0,0,0
3291,5,5,5,5,0,0,0,0,0,0,0,0
3347,10,10,10,20,20,0,0,0,0,0,30,0
3367,0,0,0,0,0,0,0,0,0,0,0,0
3406,0,0,0,0,0,0,0,0,0,0,0,0
3491,10,10,10,10,10,0,0,0,0,0,0,0
3499,150,150,150,50,50,0,0,0,0,0,0,0
3523,0,0,0,0,0,0,0,0,0,0,0,0
3538,0,0,0,0,0,0,0,0,0,0,0,0
3582,0,0,0,0,0,0,0,0,0,0,0,0
3592,0,0,0,0,0,0,0,0,0,0,0,0
3610,0,0,0,0,0,0,0,0,0,0,0,0
3621,0,0,0,0,0,0,0,0,0,0,0,0
3652,0,0,0,0,0,0,0,0,0,0,0,0
3663,0,0,0,0,0,0,0,0,0,0,0,0
3698,14,18,15,15,4,0,0,0,0,0,8,13
3713,0,0,0,0,0,0,0,0,0,0,0,0
3815,30,30,30,30,30,0,0,0,0,0,0,0
3845,0,0,0,0,0,0,0,0,0,0,0,0
4229,0,20,20,0,0,0,0,0,0,0,0,0
4261,0,0,0,0,0,0,0,0,0,0,0,0
4270,0,0,0,0,0,0,0,0,0,0,0,0
4283,50,25,19,400,400,0,0,0,0,0,0,0
4309,18,25,19,20,4,0,0,0,0,0,0,0
4335,0,0,0,0,0,0,0,0,0,0,0,0
4349,0,0,0,0,0,0,0,0,0,0,0,0
4381,0,0,0,0,0,0,0,0,0,0,0,0
4391,15,15,15,15,15,0,0,0,0,0,0,0
4401,0,0,0,0,0,0,0,0,0,0,0,0
4413,0,0,0,0,0,0,0,0,0,0,0,0
4470,0,0,0,0,0,0,0,0,0,0,0,0
4482,0,0,0,0,0,0,0,0,0,0,0,0
4499,0,0,0,0,0,0,0,0,0,0,0,0
4529,50,70,70,50,90,0,0,0,0,0,0,0
4634,0,0,0,0,0,0,0,0,0,0,0,0
4669,50,70,70,50,60,0,0,0,0,0,0,0
4676,50,70,70,50,60,0,0,0,0,0,0,0
4688,0,0,0,0,0,1,1,1,1,1,66,62
4697,0,0,0,0,10,0,0,0,0,0,0,0
4706,0,0,0,0,0,1,1,1,1,1,66,62
4794,0,0,0,0,0,0,0,0,0,0,0,0
4813,0,0,0,0,0,0,0,0,0,0,0,0
4822,0,0,0,0,0,0,0,0,0,0,0,0
4836,0,0,0,0,0,0,0,0,0,0,0,0
4849,0,0,0,0,0,0,0,0,0,0,0,0
4923,0,0,0,0,0,0,0,0,0,0,0,0
4933,10,10,0,10,0,0,0,0,0,0,29,10
4944,0,0,0,0,0,0,0,0,0,0,0,0
4998,18,25,19,20,4,0,0,0,0,0,0,0
5145,3,3,3,0,0,0,0,0,0,0,0,0
5187,0,0,0,0,0,0,0,0,0,0,0,0
5196,0,0,0,0,0,0,0,0,0,0,0,0
5252,50,90,50,66,34,0,0,0,80,0,0,0
5299,0,0,0,0,0,0,0,0,0,0,0,0
5307,0,0,0,0,0,0,0,0,0,0,0,0
5317,0,0,0,0,0,0,0,0,0,0,0,0
5329,0,0,0,0,0,0,0,0,0,0,0,0
5341,5,5,5,5,0,0,0,0,0,0,0,0
5349,0,0,0,0,0,0,0,0,0,0,0,0
5363,50,100,70,90,30,0,0,0,0,0,0,0
5372,0,0,0,0,0,0,0,0,0,0,0,0
5381,5,5,5,5,0,0,0,0,0,0,0,0
5391,5,5,5,5,0,0,0,0,0,0,0,0
5401,0,0,0,0,0,0,0,0,0,0,0,0
5412,5,5,5,5,0,0,0,0,0,0,0,0
5454,0,0,0,0,0,0,0,0,0,0,0,0
5490,18,25,19,20,4,0,0,0,0,0,0,0
5526,30,60,30,0,0,0,0,0,0,0,60,60
5597,0,0,0,0,0,0,0,0,0,0,0,0
5627,0,0,0,0,0,0,0,0,0,0,0,0
5638,0,0,0,0,0,0,0,0,0,0,0,0
5644,0,0,0,0,0,0,0,0,0,0,0,0
5657,0,0,0,0,0,0,0,0,0,0,0,0
5679,0,0,0,0,0,0,0,0,0,0,0,0
5690,0,0,0,0,0,0,0,0,0,0,0,0
5699,0,0,0,0,0,0,0,0,0,0,0,0
5713,0,0,0,0,0,0,0,0,0,0,0,0
5723,0,0,0,0,0,0,0,0,0,0,0,0
5733,0,0,0,0,0,0,0,0,0,0,0,0
5745,0,0,0,0,0,0,0,0,0,0,0,0
5758,0,0,0,0,0,0,0,0,0,0,0,0
5767,0,0,0,0,0,0,0,0,0,0,0,0
5844,0,0,0,0,0,0,0,0,0,0,0,0
5850,0,0,0,0,0,0,0,0,0,0,0,0
5877,0,0,0,0,0,0,0,0,0,0,0,0
5904,0,0,0,0,0,0,0,0,0,0,0,0
5928,0,0,0,0,0,0,0,0,0,0,0,0
6008,0,0,0,0,60,0,0,0,0,0,0,0
6020,0,0,0,0,60,0,0,0,0,0,0,0
6078,0,0,0,0,0,0,0,0,0,0,0,0
6095,0,0,0,0,0,0,0,0,0,0,0,0
3188,0,0,0,0,0,0,0,0,0,0,0,0
3219,0,0,0,0,5,0,0,0,0,0,0,0
3227,21,21,21,21,21,0,0,0,0,0,0,0
3239,15,15,15,15,15,0,0,0,0,0,0,0
3249,0,2,2,2,3,0,0,0,0,0,0,0
3260,0,2,2,2,3,0,0,0,0,0,0,0
3266,0,0,0,0,0,0,0,0,0,0,0,0
3274,0,0,0,0,5,0,0,0,0,0,0,0
3346,10,10,10,20,20,0,0,0,0,0,30,0
3370,0,0,0,0,0,0,0,0,0,0,0,0
3476,0,0,0,0,0,0,0,0,0,0,0,0
3493,100,100,100,100,100,0,0,0,0,0,100,0
3520,0,0,0,0,0,0,0,0,0,0,0,0
3526,0,0,0,0,0,0,0,0,0,0,0,0
3576,0,0,0,0,0,0,0,0,0,0,0,0
3588,30,50,50,30,40,0,0,0,0,0,0,0
3601,0,0,0,0,0,0,0,0,0,0,0,0
3618,0,0,0,0,0,0,0,0,0,0,0,0
3654,0,0,0,0,0,0,0,0,0,0,0,0
3662,0,0,0,0,0,0,0,0,0,0,0,0
3667,0,0,0,0,0,0,0,0,0,0,0,0
3702,14,18,15,15,4,0,0,0,0,0,8,13
3717,0,0,0,0,0,0,0,0,0,0,0,0
3841,0,0,0,0,0,0,0,0,0,0,0,0
3939,0,0,0,0,0,0,0,0,0,0,0,0
4230,20,20,20,20,0,0,0,0,0,0,0,0
4266,0,0,0,0,0,0,0,0,0,0,0,0
4280,50,25,25,400,400,0,0,0,0,0,4,5
4303,18,25,19,20,4,0,0,0,0,0,0,0
4331,0,0,0,0,0,0,0,0,0,0,0,0
4345,0,0,0,0,0,0,0,0,0,0,0,0
4357,0,0,0,0,0,0,0,0,0,0,0,0
4389,15,15,15,15,15,0,0,0,0,0,0,0
4400,10,10,10,10,10,10,10,10,1,1,10,10
4408,0,0,0,0,0,0,0,0,0,0,0,0
4440,0,0,0,0,0,0,0,0,0,0,0,0
4475,0,0,0,0,0,0,0,0,0,0,0,0
4488,0,0,0,0,0,0,0,0,0,0,0,0
4500,90,90,5,90,90,0,0,0,0,0,0,0
4546,0,0,0,0,0,0,0,0,0,0,0,0
4659,0,0,0,0,3,0,0,0,0,0,0,0
4671,50,70,70,50,60,0,0,0,0,0,0,0
4680,20,40,40,20,30,0,0,0,0,0,0,0
4692,0,0,0,0,0,0,0,0,0,0,0,0
4704,0,0,0,0,10,0,0,0,0,0,0,0
4792,0,0,0,0,0,0,0,0,0,0,0,0
4817,0,0,0,0,0,0,0,0,0,0,0,0
4826,0,0,0,0,0,0,0,0,0,0,0,0
4838,0,0,0,0,0,0,0,0,0,0,0,0
4862,0,0,0,0,0,0,0,0,0,0,0,0
4921,0,0,0,0,0,0,0,0,0,0,0,0
4934,10,10,0,10,0,0,0,0,0,0,29,10
4945,0,0,0,0,0,0,0,0,0,0,0,0
4997,18,25,19,20,4,0,0,0,0,0,0,0
5168,0,0,0,0,0,0,0,0,0,0,0,0
5182,0,0,0,0,0,0,0,0,0,0,0,0
5195,0,0,0,0,0,0,0,0,0,0,0,0
5256,50,90,50,66,34,0,0,0,80,0,0,0
5298,0,0,0,0,0,0,0,0,0,0,0,0
5310,0,0,0,0,0,0,0,0,0,0,0,0
5320,0,0,0,0,0,0,0,0,0,0,0,0
5331,0,0,0,0,0,0,0,0,0,0,0,0
5339,5,5,5,5,0,0,0,0,0,0,0,0
5353,0,0,0,0,0,0,0,0,0,0,0,0
5362,50,70,70,50,60,0,0,0,0,0,0,0
5374,0,0,0,0,0,0,0,0,0,0,0,0
5384,50,40,0,40,0,0,0,0,0,0,0,0
5395,0,0,0,0,0,0,0,0,0,0,0,0
5403,0,0,0,0,0,0,0,0,0,0,0,0
5413,0,0,0,0,0,0,0,0,0,0,0,0
5453,0,0,0,0,0,0,0,0,0,0,0,0
5475,30,60,30,0,0,0,0,0,0,0,60,60
5522,30,60,30,0,0,0,0,0,0,0,60,60
5594,0,0,0,0,0,0,0,0,0,0,0,0
5622,0,0,0,0,0,0,0,0,0,0,0,0
5639,0,0,0,0,0,0,0,0,0,0,0,0
5647,0,0,0,0,0,0,0,0,0,0,0,0
5653,0,0,0,0,0,0,0,0,0,0,0,0
5663,0,0,0,0,0,0,0,0,0,0,0,0
5684,0,0,0,0,0,0,0,0,0,0,0,0
5694,0,0,0,0,0,0,0,0,0,0,0,0
5705,0,0,0,0,0,0,0,0,0,0,0,0
5716,0,0,0,0,0,0,0,0,0,0,0,0
5724,0,0,0,0,0,0,0,0,0,0,0,0
5736,0,0,0,0,0,0,0,0,0,0,0,0
5743,0,0,0,0,0,0,0,0,0,0,0,0
5757,0,0,0,0,0,0,0,0,0,0,0,0
5768,0,0,0,0,0,0,0,0,0,0,0,0
5801,18,25,19,20,4,0,0,0,0,0,0,0
5849,0,0,0,0,0,0,0,0,0,0,0,0
5878,0,0,0,0,0,0,0,0,0,0,0,0
5907,0,0,0,0,0,0,0,0,0,0,0,0
5993,0,0,0,0,0,0,0,0,0,0,0,0
6009,0,0,0,0,60,0,0,0,0,0,0,0
6018,0,0,0,0,60,0,0,0,0,0,0,0
6052,0,0,0,0,0,0,0,0,0,0,0,0
6089,0,0,0,0,0,0,0,0,0,0,0,0
3189,0,0,0,0,0,0,0,0,0,0,0,0
3216,0,0,0,0,0,0,0,0,0,0,0,0
3230,18,25,19,20,4,0,0,0,0,0,0,0
3241,18,25,19,20,4,0,0,0,0,0,0,0
3251,0,2,2,2,3,0,0,0,0,0,0,0
3263,0,2,2,2,3,0,0,0,0,0,0,0
3273,0,0,0,0,5,0,0,0,0,0,0,0
3294,0,0,0,0,5,0,0,0,0,0,0,0
3349,83,76,70,74,11,0,0,0,0,0,0,0
3387,10,10,10,10,10,0,0,0,0,0,0,0
3487,10,10,10,10,10,0,0,0,0,0,0,0
3495,150,150,150,150,150,50,50,50,134,0,0,0
3515,0,0,0,0,0,0,0,0,0,0,0,0
3529,0,0,0,0,0,0,0,0,0,0,0,0
3580,0,0,0,0,0,0,0,0,0,0,0,0
3591,10,10,90,150,200,0,0,0,0,0,0,0
3606,0,0,0,0,0,0,0,0,0,0,0,0
3617,0,0,0,0,0,0,0,0,0,0,0,0
3648,0,0,0,0,0,0,0,0,0,0,0,0
3657,0,0,0,0,0,0,0,0,0,0,0,0
3676,0,0,0,0,0,0,0,0,0,0,0,0
3705,14,18,15,15,4,0,0,0,0,0,8,13
3720,0,0,0,0,0,0,0,0,0,0,0,0
3840,0,0,0,0,0,0,0,0,0,0,0,0
3941,18,25,19,20,4,0,0,0,0,0,0,0
4234,50,50,10,100,100,0,0,0,0,0,0,0
4267,0,0,0,0,0,0,0,0,0,0,0,0
4278,50,25,19,400,400,0,0,0,0,0,0,0
4302,18,25,19,20,4,0,0,0,0,0,0,0
4316,0,0,0,0,5,0,0,0,0,0,0,0
4348,0,0,0,0,0,0,0,0,0,0,0,0
4354,0,0,0,0,0,0,0,0,0,0,0,0
4386,5,5,5,5,0,0,0,0,0,0,0,0
4396,0,0,0,0,0,0,0,0,0,0,0,0
4407,0,0,0,0,0,0,0,0,0,0,0,0
4456,12,14,13,13,5,0,0,0,0,0,19,4
4472,0,0,0,0,0,0,0,0,0,0,0,0
4484,0,0,0,0,0,0,0,0,0,0,0,0
4509,0,0,0,0,0,0,0,0,0,0,0,0
4534,0,0,0,0,0,1,1,1,1,1,66,62
4649,87,84,76,79,10,0,0,0,0,0,0,0
4670,50,70,70,50,60,0,0,0,0,0,0,0
4681,50,70,70,50,60,0,0,0,0,0,0,0
4694,0,0,0,0,10,0,0,0,0,0,0,0
4705,0,0,0,0,10,0,0,0,0,0,0,0
4795,0,0,0,0,0,0,0,0,0,0,0,0
4814,0,0,0,0,0,0,0,0,0,0,0,0
4825,0,0,0,0,0,0,0,0,0,0,0,0
4835,0,0,0,0,0,0,0,0,0,0,0,0
4844,0,0,0,0,0,0,0,0,0,0,0,0
4910,0,0,0,0,0,0,0,0,0,0,0,0
4929,0,0,0,0,0,0,0,0,0,0,0,0
4939,0,0,0,0,0,0,0,0,0,0,0,0
5000,18,25,19,20,4,0,0,0,0,0,0,0
5137,0,0,0,0,0,0,0,0,0,0,0,0
5178,50,70,70,50,60,0,0,0,0,0,0,0
5194,0,0,0,0,0,0,0,0,0,0,0,0
5255,50,90,50,66,34,0,0,0,80,0,0,0
5302,0,0,0,0,0,0,0,0,0,0,0,0
5313,0,0,0,0,0,0,0,0,0,0,0,0
5318,0,0,0,0,0,0,0,0,0,0,0,0
5333,5,5,5,5,0,0,0,0,0,0,0,0
5340,5,5,5,5,0,0,0,0,0,0,0,0
5352,0,0,0,0,0,0,0,0,0,0,0,0
5359,50,40,0,40,0,0,0,0,0,0,0,0
5373,0,0,0,0,0,0,0,0,0,0,0,0
5385,5,5,5,5,0,0,0,0,0,0,0,0
5394,0,0,0,0,0,0,0,0,0,0,0,0
5404,0,0,0,0,0,0,0,0,0,0,0,0
5418,0,0,0,0,0,0,0,0,0,0,0,10
5455,0,0,0,0,0,0,0,0,0,0,0,0
5491,18,25,19,20,4,0,0,0,0,0,0,0
5527,30,60,30,0,0,0,0,0,0,0,60,60
5608,0,0,0,0,0,0,0,0,0,0,0,0
5628,0,0,0,0,0,0,0,0,0,0,0,0
5636,0,0,0,0,0,0,0,0,0,0,0,0
5648,0,0,0,0,0,0,0,0,0,0,0,0
5654,0,0,0,0,0,0,0,0,0,0,0,0
5666,0,0,0,0,0,0,0,0,0,0,80,80
5688,0,0,0,0,0,0,0,0,0,0,0,0
5700,0,0,0,0,0,0,0,0,0,0,0,0
5711,0,0,0,0,0,0,0,0,0,0,0,0
5721,0,0,0,0,0,0,0,0,0,0,0,0
5730,0,0,0,0,0,0,0,0,0,0,0,0
5741,0,0,0,0,0,0,0,0,0,0,0,0
5753,0,0,0,0,0,0,0,0,0,0,0,0
5763,0,0,0,0,0,0,0,0,0,0,0,0
5829,0,0,0,0,0,0,0,0,0,0,0,0
5852,0,0,0,0,0,0,0,0,0,0,0,0
5883,0,0,0,0,5,0,0,0,0,0,0,0
5909,0,2,2,2,3,0,0,0,0,0,0,0
5995,0,0,0,0,0,0,0,0,0,0,0,0
6013,0,0,0,0,60,0,0,0,0,0,0,0
6021,0,0,0,0,60,0,0,0,0,0,0,0
6049,0,0,0,0,0,0,0,0,0,0,0,0
6088,0,0,0,0,0,0,0,0,0,0,0,0
6098,0,0,0,0,0,0,0,0,0,0,0,0
3191,0,0,0,0,0,0,0,0,0,0,0,0
3200,70,70,70,70,70,0,0,0,0,0,0,0
3228,18,25,19,20,4,0,0,0,0,0,0,0
3242,0,0,0,0,3,0,0,0,0,0,0,0
3253,0,2,2,2,3,0,0,0,0,0,0,0
3267,0,0,0,0,0,0,0,0,0,0,0,0
3279,0,0,0,0,0,0,0,0,0,0,0,0
3320,0,0,0,0,0,0,0,0,0,0,0,0
3375,0,0,0,0,0,0,0,0,0,0,0,0
3488,10,10,10,10,10,0,0,0,0,0,0,0
3494,50,50,5,50,5,0,0,0,0,0,100,0
3517,0,0,0,0,0,0,0,0,0,0,0,0
3528,0,0,0,0,0,0,0,0,0,0,0,0
3578,0,0,0,0,0,0,0,0,0,0,0,0
3589,25,25,5,50,50,0,0,0,0,0,0,0
3599,0,0,0,0,0,0,0,0,0,0,0,0
3643,0,0,0,0,0,0,0,0,0,0,0,0
3651,0,0,0,0,0,0,0,0,0,0,0,0
3661,0,0,0,0,0,0,0,0,0,0,0,0
3675,0,0,0,0,0,0,0,0,0,0,0,0
3706,0,0,0,0,0,0,0,0,0,0,0,0
3726,0,0,0,0,0,0,0,0,0,0,0,0
3835,50,50,10,100,100,0,0,0,0,0,0,0
3850,0,0,0,0,0,0,0,0,0,0,0,0
3943,0,0,0,0,0,0,0,0,0,0,0,0
4259,18,25,19,20,4,0,0,0,0,0,0,0
4269,0,0,0,0,0,0,0,0,0,0,0,0
4284,50,25,19,400,400,0,0,0,0,0,0,0
4306,18,25,19,20,4,0,0,0,0,0,0,0
4334,0,0,0,0,0,0,0,0,0,0,0,0
4353,0,0,0,0,0,0,0,0,0,0,0,0
4385,5,5,5,5,0,0,0,0,0,0,0,0
4392,0,0,0,0,0,0,0,0,0,0,0,0
4405,21,21,21,21,21,0,0,0,0,0,0,0
4411,0,0,0,0,0,0,0,0,0,0,0,0
4457,12,14,13,13,5,0,0,0,0,0,19,4
4479,0,0,0,0,0,0,0,0,0,0,0,0
4489,0,0,0,0,0,0,0,0,0,0,0,0
4533,50,70,70,50,90,0,0,0,0,0,0,0
4633,0,0,0,0,0,0,0,0,0,0,0,0
4665,30,50,50,30,40,0,0,0,0,0,0,0
4675,50,70,70,50,60,0,0,0,0,0,0,0
4689,0,0,0,0,0,0,0,0,0,0,0,0
4699,0,0,0,0,10,0,0,0,0,0,0,0
4776,0,0,0,0,0,0,0,0,0,0,0,0
4796,0,0,0,0,0,0,0,0,0,0,0,0
4815,0,0,0,0,0,0,0,0,0,0,0,0
4824,0,0,0,0,0,0,0,0,0,0,0,0
4832,0,0,0,0,0,0,0,0,0,0,0,0
4843,0,0,0,0,0,0,0,0,0,0,0,0
4892,0,0,0,0,0,0,0,0,0,0,0,0
4927,0,0,0,0,0,0,0,0,0,0,0,0
4938,0,0,0,0,0,0,0,0,0,0,0,0
4973,30,30,30,30,30,0,0,0,0,0,0,0
5025,10,10,10,10,10,0,0,0,0,0,0,0
5176,0,0,0,0,0,0,0,0,0,0,0,0
5191,0,0,0,0,0,0,0,0,0,0,0,0
5250,40,90,90,0,34,0,0,0,0,70,0,0
5296,0,0,0,0,0,0,0,0,0,0,0,0
5304,0,0,0,0,0,0,0,0,0,0,0,0
5314,0,0,0,0,0,0,0,0,0,0,0,0
5325,0,0,0,0,0,0,0,0,0,0,0,0
5335,5,5,5,5,0,0,0,0,0,0,0,0
5344,0,0,0,0,0,0,0,0,0,0,0,0
5355,0,0,0,0,0,0,0,0,0,0,0,0
5367,5,5,5,5,0,0,0,0,0,0,0,0
5376,0,0,0,0,0,0,0,0,0,0,0,0
5389,5,5,5,5,0,0,0,0,0,0,0,0
5398,0,0,0,0,0,0,0,0,0,0,0,0
5409,0,0,0,0,0,0,0,0,0,0,0,0
5420,0,0,0,0,0,0,0,0,0,0,0,0
5474,30,60,30,0,0,0,0,0,0,0,60,60
5521,30,60,30,0,0,0,0,0,0,0,60,60
5572,0,0,0,0,0,0,0,0,0,0,0,0
5610,0,0,0,0,0,0,0,0,0,0,0,0
5630,0,0,0,0,0,0,0,0,0,0,0,0
5640,0,0,0,0,0,0,0,0,0,0,0,0
5651,0,0,0,0,0,0,0,0,0,0,0,0
5662,0,0,0,0,0,0,0,0,0,0,0,0
5682,0,0,0,0,0,0,0,0,0,0,0,0
5693,0,0,0,0,0,0,0,0,0,0,0,0
5701,0,0,0,0,0,0,0,0,0,0,0,0
5708,0,0,0,0,0,0,0,0,0,0,0,0
5718,0,0,0,0,0,0,0,0,0,0,0,0
5727,0,0,0,0,0,0,0,0,0,0,0,0
5740,0,0,0,0,0,0,0,0,0,0,0,0
5750,10,10,5,10,5,0,0,0,0,0,0,0
5759,0,0,0,0,0,0,0,0,0,0,0,0
5800,18,25,19,20,4,0,0,0,0,0,0,0
5845,0,0,0,0,0,0,0,0,0,0,0,0
5875,0,0,0,0,0,0,0,0,0,0,0,0
5885,0,0,0,0,5,0,0,0,0,0,0,0
5920,18,25,19,20,4,0,0,0,0,0,0,0
5994,0,0,0,0,0,0,0,0,0,0,0,0
6011,0,0,0,0,60,0,0,0,0,0,0,0
6022,0,0,0,0,60,0,0,0,0,0,0,0
6050,0,0,0,0,0,0,0,0,0,0,0,0
3194,0,0,0,0,0,0,0,0,0,0,0,0
3224,21,21,21,21,21,0,0,0,0,0,0,0
3233,18,25,19,20,4,0,0,0,0,0,0,0
3246,0,2,2,2,3,0,0,0,0,0,0,0
3259,0,2,2,2,3,0,0,0,0,0,0,0
3270,0,0,0,0,5,0,0,0,0,0,0,0
3277,0,0,0,0,0,0,0,0,0,0,0,0
3340,60,80,100,60,80,0,0,0,0,0,0,0
3371,0,0,0,0,0,0,0,0,0,0,0,0
3484,0,0,0,0,0,0,0,0,0,0,66,62
3496,10,150,150,0,0,0,0,0,0,0,50,50
3514,0,0,0,0,0,0,0,0,0,0,0,0
3524,0,0,0,0,0,0,0,0,0,0,0,0
3586,0,0,0,0,0,0,0,0,0,0,0,0
3608,0,0,0,0,0,0,0,0,0,0,0,0
3622,0,0,0,0,0,0,0,0,0,0,0,0
3650,0,0,0,0,0,0,0,0,0,0,0,0
3660,0,0,0,0,0,0,0,0,0,0,0,0
3700,14,18,15,15,4,0,0,0,0,0,8,13
3711,0,0,0,0,0,0,0,0,0,0,0,0
3816,30,30,30,30,30,0,0,0,0,0,0,0
3851,0,0,0,0,0,0,0,0,0,0,0,0
4228,20,20,0,0,20,0,0,0,0,0,0,0
4264,0,0,0,0,0,0,0,0,0,0,0,0
4272,0,0,0,0,0,0,0,0,0,0,0,0
4281,0,0,0,0,0,0,0,0,0,0,0,0
4305,18,25,19,20,4,0,0,0,0,0,0,0
4332,0,0,0,0,0,0,0,0,0,0,0,0
4351,0,0,0,0,0,0,0,0,0,0,0,0
4383,0,0,0,0,0,0,0,0,0,0,0,0
4393,0,0,0,0,0,0,0,0,0,0,0,0
4404,21,21,21,21,21,0,0,0,0,0,0,0
4412,0,0,0,0,0,0,0,0,0,0,0,0
4458,12,14,13,13,5,0,0,0,0,0,19,4
4480,0,0,0,0,0,0,0,0,0,0,0,0
4491,0,0,0,0,0,0,0,0,0,0,0,0
4531,50,70,70,50,90,0,0,0,0,0,0,0
4636,0,0,0,0,0,0,0,0,0,0,0,0
4666,30,50,50,30,40,0,0,0,0,0,0,0
4679,20,40,40,20,30,0,0,0,0,0,0,0
4686,0,3,2,0,0,0,0,0,0,0,0,0
4698,0,0,0,0,10,0,0,0,0,0,0,0
4774,0,0,0,0,0,0,0,0,0,0,0,0
4793,0,0,0,0,0,0,0,0,0,0,0,0
4808,0,0,0,0,0,0,0,0,0,0,0,0
4828,0,0,0,0,0,0,0,0,0,0,0,0
4834,0,0,0,0,0,0,0,0,0,0,0,0
4850,0,0,0,0,0,0,0,0,0,0,0,0
4924,0,0,0,0,0,0,0,0,0,0,0,0
4932,10,10,0,10,0,0,0,0,0,0,29,10
4971,0,0,0,0,0,0,0,0,0,0,0,0
4994,18,25,19,20,4,0,0,0,0,0,0,0
5169,0,0,0,0,0,0,0,0,0,0,0,0
5185,0,0,0,0,0,0,0,0,0,0,0,0
5197,0,0,0,0,0,0,0,0,0,0,0,0
5293,0,0,0,0,0,0,0,0,0,0,0,0
5303,0,0,0,0,0,0,0,0,0,0,0,0
5312,0,0,0,0,0,0,0,0,0,0,0,0
5323,0,0,0,0,0,0,0,0,0,0,0,0
5327,0,0,0,0,0,0,0,0,0,0,0,0
5342,0,0,0,0,0,0,0,0,0,0,0,0
5351,0,0,0,0,0,0,0,0,0,0,0,0
5358,0,0,0,0,0,0,0,0,0,0,0,0
5369,0,0,0,0,0,0,0,0,0,0,0,0
5379,0,0,0,0,0,0,0,0,0,0,0,0
5390,5,5,5,5,0,0,0,0,0,0,0,0
5406,0,0,0,0,0,0,0,0,0,0,0,0
5411,5,5,5,5,0,0,0,0,0,0,0,0
5462,0,0,0,0,0,0,0,0,0,0,0,0
5514,0,0,0,0,0,0,0,0,0,0,0,0
5523,30,60,30,0,0,0,0,0,0,0,60,60
5593,0,0,0,0,0,0,0,0,0,0,0,0
5620,0,0,0,0,0,0,0,0,0,0,0,0
5635,0,0,0,0,0,0,0,0,0,0,0,0
5643,0,0,0,0,0,0,0,0,0,0,0,0
5658,0,0,0,0,0,0,0,0,0,0,0,0
5678,0,0,0,0,0,0,0,0,0,0,0,0
5689,0,0,0,0,0,0,0,0,0,0,0,0
5697,0,0,0,0,0,0,0,0,0,0,0,0
5707,0,0,0,0,0,0,0,0,0,0,0,0
5717,0,0,0,0,0,0,0,0,0,0,0,0
5728,0,0,0,0,0,0,0,0,0,0,0,0
5738,0,0,0,0,0,0,0,0,0,0,0,0
5751,45,45,35,55,30,0,0,0,0,0,0,0
5762,0,0,0,0,0,0,0,0,0,0,0,0
5783,0,0,0,0,0,0,0,0,0,0,0,0
5846,0,0,0,0,0,0,0,0,0,0,0,0
5876,0,0,0,0,0,0,0,0,0,0,0,0
5884,0,0,0,0,5,0,0,0,0,0,0,0
5926,0,0,0,0,0,0,0,0,0,0,0,0
6004,0,0,0,0,0,0,0,0,0,0,0,0
6015,0,0,0,0,60,0,0,0,0,0,0,0
6023,0,0,0,0,60,0,0,0,0,0,0,0
6047,0,0,0,0,0,0,0,0,0,0,0,0
6090,0,0,0,0,0,0,0,0,0,0,0,0
6099,0,0,0,0,0,0,0,0,0,0,0,0
6219,0,0,0,0,0,0,0,0,0,0,0,0
3196,0,0,0,0,0,0,0,0,0,0,0,0
3221,0,0,0,0,5,0,0,0,0,0,0,0
3232,18,25,19,20,4,0,0,0,0,0,0,0
3245,0,0,0,0,3,0,0,0,0,0,0,0
3256,0,2,2,2,3,0,0,0,0,0,0,0
3268,0,0,0,0,5,0,0,0,0,0,0,0
3278,0,0,0,0,0,0,0,0,0,0,0,0
3309,0,0,0,0,0,0,0,0,0,0,0,0
3366,0,0,0,0,0,0,0,0,0,0,0,0
3422,0,0,0,0,0,0,0,0,0,0,0,0
3489,10,10,10,10,10,0,0,0,0,0,0,0
3500,150,150,150,50,50,0,0,0,0,0,0,0
3522,0,0,0,0,0,0,0,0,0,0,0,0
3533,0,0,0,0,0,0,0,0,0,0,0,0
3584,0,0,0,0,0,0,0,0,0,0,0,0
3594,0,0,0,0,0,0,0,0,0,0,0,0
3611,0,0,0,0,0,0,0,0,0,0,0,0
3619,0,0,0,0,0,0,0,0,0,0,0,0
3646,0,0,0,0,0,0,0,0,0,0,0,0
3659,0,0,0,0,0,0,0,0,0,0,0,0
3673,0,0,0,0,0,0,0,0,0,0,0,0
3704,14,18,15,15,4,0,0,0,0,0,8,13
3716,0,0,0,0,0,0,0,0,0,0,0,0
3814,30,30,30,30,30,0,0,0,0,0,0,0
3844,0,0,0,0,0,0,0,0,0,0,0,0
3942,18,25,19,20,4,0,0,0,0,0,0,0
4260,18,25,19,20,4,0,0,0,0,0,0,0
4273,0,0,0,0,0,0,0,0,0,0,0,0
4282,50,25,19,400,400,0,0,0,0,0,0,0
4308,18,25,19,20,4,0,0,0,0,0,0,0
4336,18,25,19,20,4,0,0,0,0,0,0,0
4350,0,0,0,0,0,0,0,0,0,0,0,0
4382,0,0,0,0,0,0,0,0,0,0,0,0
4395,0,0,0,0,0,0,0,0,0,0,0,0
4402,5,15,15,5,0,0,0,0,0,0,0,0
4414,0,0,0,0,0,0,0,0,0,0,0,0
4459,12,14,13,13,5,0,0,0,0,0,19,4
4481,0,0,0,0,0,0,0,0,0,0,0,0
4492,0,0,0,0,0,0,0,0,0,0,0,0
4530,50,70,70,50,90,0,0,0,0,0,0,0
4635,0,0,0,0,0,0,0,0,0,0,0,0
4667,30,50,50,30,40,0,0,0,0,0,0,0
4677,20,40,40,20,30,0,0,0,0,0,0,0
4685,0,3,2,0,0,0,0,0,0,0,0,0
4695,0,0,0,0,10,0,0,0,0,0,0,0
4703,0,0,0,0,10,0,0,0,0,0,0,0
4791,0,0,0,0,0,0,0,0,0,0,0,0
4816,0,0,0,0,0,0,0,0,0,0,0,0
4823,0,0,0,0,0,0,0,0,0,0,0,0
4833,0,0,0,0,0,0,0,0,0,0,0,0
4841,0,0,0,0,0,0,0,0,0,0,0,0
4893,0,0,0,0,0,0,0,0,0,0,0,0
4926,0,0,0,0,0,0,0,0,0,0,0,0
4936,0,0,0,0,0,0,0,0,0,0,0,0
4972,0,0,0,0,150,0,0,0,0,0,0,0
5002,18,25,19,20,4,0,0,0,0,0,0,0
5177,0,0,0,0,0,0,0,0,0,0,0,0
5190,0,0,0,0,0,0,0,0,0,0,0,0
5248,0,0,0,0,0,0,0,0,0,0,0,0
5294,0,0,0,0,0,0,0,0,0,0,0,0
5306,0,0,0,0,0,0,0,0,0,0,0,0
5316,0,0,0,0,0,0,0,0,0,0,0,0
5324,0,0,0,0,0,0,0,0,0,0,0,0
5336,5,5,5,5,0,0,0,0,0,0,0,0
5346,0,0,0,0,0,0,0,0,0,0,0,0
5354,0,0,0,0,0,0,0,0,0,0,0,0
5366,5,5,5,5,0,0,0,0,0,0,0,0
5378,0,0,0,0,0,0,0,0,0,0,0,0
5388,5,5,5,5,0,0,0,0,0,0,0,0
5399,0,0,0,0,0,0,0,0,0,0,0,0
5408,0,0,0,0,0,0,0,0,0,0,0,0
5422,5,5,5,5,0,0,0,0,0,0,0,0
5473,30,60,30,0,0,0,0,0,0,0,60,60
5516,0,0,0,0,0,0,0,0,0,0,0,0
5566,0,0,0,0,0,0,0,0,0,0,0,0
5609,0,0,0,0,0,0,0,0,0,0,0,0
5632,0,0,0,0,0,0,0,0,0,0,0,0
5641,0,0,0,0,0,0,0,0,0,0,0,0
5652,0,0,0,0,0,0,0,0,0,0,0,0
5661,0,0,0,0,0,0,0,0,0,0,0,0
5683,0,0,0,0,0,0,0,0,0,0,0,0
5692,0,0,0,0,0,0,0,0,0,0,0,0
5702,0,0,0,0,0,0,0,0,0,0,0,0
5712,0,0,0,0,0,0,0,0,0,0,0,0
5720,0,0,0,0,0,0,0,0,0,0,0,0
5731,0,0,0,0,0,0,0,0,0,0,0,0
5737,0,0,0,0,0,0,0,0,0,0,0,0
5747,0,0,0,0,0,0,0,0,0,0,0,0
5761,0,0,0,0,0,0,0,0,0,0,0,0
5769,0,0,0,0,0,0,0,0,0,0,0,0
5847,0,0,0,0,0,0,0,0,0,0,0,0
5873,0,0,0,0,0,0,0,0,0,0,0,0
5902,0,0,0,0,0,0,0,0,0,0,0,0
5924,21,21,21,21,21,0,0,0,0,0,0,0
6002,0,0,0,0,0,0,0,0,0,0,0,0
6016,0,0,0,0,60,0,0,0,0,0,0,0
6028,0,0,0,0,0,0,0,0,0,0,0,0
3201,10,10,10,20,20,0,0,0,0,0,30,0
3226,21,21,21,21,21,0,0,0,0,0,0,0
3243,0,0,0,0,3,0,0,0,0,0,0,0
3258,0,2,2,2,3,0,0,0,0,0,0,0
3264,0,0,0,0,0,0,0,0,0,0,0,0
3276,0,0,0,0,0,0,0,0,0,0,0,0
3319,0,0,0,0,0,0,0,0,0,0,0,0
3368,0,0,0,0,0,0,0,0,0,0,0,0
3423,0,0,0,0,0,0,0,0,0,0,0,0
3490,10,10,10,10,10,0,0,0,0,0,0,0
3501,150,150,150,50,50,0,0,0,0,0,0,0
3521,0,0,0,0,0,0,0,0,0,0,0,0
3537,0,0,0,0,0,0,0,0,0,0,0,0
3583,0,0,0,0,0,0,0,0,0,0,0,0
3602,0,0,0,0,0,0,0,0,0,0,0,0
3620,0,0,0,0,0,0,0,0,0,0,0,0
3653,0,0,0,0,0,0,0,0,0,0,0,0
3658,0,0,0,0,0,0,0,0,0,0,0,0
3697,14,18,15,15,4,0,0,0,0,0,8,13
3703,14,18,15,15,4,0,0,0,0,0,8,13
3718,0,0,0,0,0,0,0,0,0,0,0,0
3836,50,50,10,100,100,0,0,0,0,0,0,0
3847,20,40,40,0,40,0,0,0,0,0,100,40
4226,0,0,0,0,0,0,0,0,0,0,0,0
4262,0,0,0,0,0,0,0,0,0,0,0,0
4274,0,0,0,0,0,0,0,0,0,0,0,0
4292,0,0,0,0,0,0,0,0,0,0,0,0
4310,18,25,19,20,4,0,0,0,0,0,0,0
4343,0,0,0,0,0,0,0,0,0,0,0,0
4356,0,0,0,0,0,0,0,0,0,0,0,0
4390,15,15,15,15,15,0,0,0,0,0,0,0
4399,50,40,30,50,30,0,0,0,0,0,0,0
4410,0,0,0,0,0,0,0,0,0,0,0,0
4448,0,0,0,0,0,0,0,0,0,0,0,0
4473,0,0,0,0,0,0,0,0,0,0,0,0
4486,0,0,0,0,0,0,0,0,0,0,0,0
4527,50,70,70,50,90,0,0,0,0,0,0,0
4552,0,0,0,0,0,0,0,0,0,0,0,0
4660,0,0,0,0,3,0,0,0,0,0,0,0
4674,50,70,70,50,60,0,0,0,0,0,0,0
4683,50,70,70,50,60,0,0,0,0,0,0,0
4690,0,0,0,0,0,0,0,0,0,0,0,0
4701,0,0,0,0,10,0,0,0,0,0,0,0
4782,0,0,0,0,0,0,0,0,0,0,0,0
4805,0,0,0,0,0,0,0,0,0,0,0,0
4820,0,0,0,0,0,0,0,0,0,0,0,0
4829,0,0,0,0,0,0,0,0,0,0,0,0
4840,0,0,0,0,0,0,0,0,0,0,0,0
4890,0,0,0,0,0,0,0,0,0,0,0,0
4925,0,0,0,0,0,0,0,0,0,0,0,0
4935,10,10,0,10,0,0,0,0,0,0,29,10
4940,0,0,0,0,0,0,0,0,0,0,0,0
4999,18,25,19,20,4,0,0,0,0,0,0,0
5170,0,0,0,0,0,0,0,0,0,0,0,0
5179,0,0,0,0,0,0,0,0,0,0,0,0
5193,0,0,0,0,0,0,0,0,0,0,0,0
5254,40,90,90,0,34,0,0,0,0,70,0,0
5301,0,0,0,0,0,0,0,0,0,0,0,0
5308,0,0,0,0,0,0,0,0,0,0,0,0
5321,0,0,0,0,0,0,0,0,0,0,0,0
5332,5,5,5,5,0,0,0,0,0,0,0,0
5343,0,0,0,0,0,0,0,0,0,0,0,0
5348,0,0,0,0,0,0,0,0,0,0,0,0
5365,5,5,5,5,0,0,0,0,0,0,0,0
5371,0,0,0,0,0,0,0,0,0,0,0,0
5382,50,25,25,400,400,0,0,0,0,0,4,5
5393,0,0,0,0,0,0,0,0,0,0,0,0
5402,0,0,0,0,0,0,0,0,0,0,0,0
5419,0,0,0,0,0,0,0,0,0,0,0,0
5464,0,0,0,0,0,0,0,0,0,0,0,0
5515,0,0,0,0,0,0,0,0,0,0,0,0
5525,30,60,30,0,0,0,0,0,0,0,60,60
5603,0,0,0,0,0,0,0,0,0,0,0,0
5621,0,0,0,0,0,0,0,0,0,0,0,0
5634,0,0,0,0,0,0,0,0,0,0,0,0
5646,0,0,0,0,0,0,0,0,0,0,0,0
5655,0,0,0,0,0,0,0,0,0,0,0,0
5664,0,0,0,0,0,0,0,0,0,0,0,0
5686,0,0,0,0,0,0,0,0,0,0,0,0
5696,0,0,0,0,0,0,0,0,0,0,0,0
5706,0,0,0,0,0,0,0,0,0,0,0,0
5715,0,0,0,0,0,0,0,0,0,0,0,0
5725,0,0,0,0,0,0,0,0,0,0,0,0
5734,0,0,0,0,0,0,0,0,0,0,0,0
5742,0,0,0,0,0,0,0,0,0,0,0,0
5755,0,0,0,0,0,0,0,0,0,0,0,0
5765,0,0,0,0,0,0,0,0,0,0,0,0
5838,0,0,0,0,0,0,0,0,0,0,0,0
5856,0,0,0,0,0,0,0,0,0,0,0,0
5880,0,0,0,0,5,0,0,0,0,0,0,0
5905,0,0,0,0,0,0,0,0,0,0,0,0
5929,0,0,0,0,0,0,0,0,0,0,0,0
6010,0,0,0,0,60,0,0,0,0,0,0,0
6019,0,0,0,0,60,0,0,0,0,0,0,0
6046,0,0,0,0,0,0,0,0,0,0,0,0
6081,0,0,0,0,0,0,0,0,0,0,0,0
6096,0,0,0,0,0,0,0,0,0,0,0,0
3223,21,21,21,21,21,0,0,0,0,0,0,0
3234,0,0,0,0,0,0,0,0,0,0,0,0
3247,0,2,2,2,3,0,0,0,0,0,0,0
3252,0,2,2,2,3,0,0,0,0,0,0,0
3262,0,2,2,2,3,0,0,0,0,0,0,0
3272,0,0,0,0,5,0,0,0,0,0,0,0
3300,0,0,0,0,0,0,0,0,0,0,0,0
3348,83,76,70,74,11,0,0,0,0,0,0,0
3376,30,50,50,30,40,0,0,0,0,0,0,0
3486,10,10,10,10,10,0,0,0,0,0,0,0
3497,150,150,150,50,50,0,0,0,0,0,0,0
3519,0,0,0,0,0,0,0,0,0,0,0,0
3532,0,0,0,0,0,0,0,0,0,0,0,0
3585,0,0,0,0,0,0,0,0,0,0,0,0
3600,0,0,0,0,0,0,0,0,0,0,0,0
3612,0,0,0,0,0,0,0,0,0,0,0,0
3644,0,0,0,0,0,0,0,0,0,0,0,0
3655,0,0,0,0,0,0,0,0,0,0,0,0
3666,0,0,0,0,0,0,0,0,0,0,0,0
3701,14,18,15,15,4,0,0,0,0,0,8,13
3715,18,25,19,20,4,0,0,0,0,0,0,0
3819,0,0,0,0,0,0,0,0,0,0,0,0
3914,0,0,0,0,0,0,0,0,0,0,0,0
4227,10,10,0,0,10,0,0,0,0,0,0,0
4263,0,0,0,0,0,0,0,0,0,0,0,0
4271,0,0,0,0,0,0,0,0,0,0,0,0
4291,0,0,0,0,0,0,0,0,0,0,0,0
4307,18,25,19,20,4,0,0,0,0,0,0,0
4333,0,0,0,0,0,0,0,0,0,0,0,0
4352,0,0,0,0,0,0,0,0,0,0,0,0
4384,5,5,5,5,0,0,0,0,0,0,0,0
4394,0,0,0,0,0,0,0,0,0,0,0,0
4403,5,15,15,5,0,0,0,0,0,0,0,0
4415,0,0,0,0,0,0,0,0,0,0,0,0
4471,0,0,0,0,0,0,0,0,0,0,0,0
4483,0,0,0,0,0,0,0,0,0,0,0,0
4490,0,0,0,0,0,0,0,0,0,0,0,0
4532,50,70,70,50,90,0,0,0,0,0,0,0
4637,0,0,0,0,0,0,0,0,0,0,0,0
4668,30,50,50,30,40,0,0,0,0,0,0,0
4678,20,40,40,20,30,0,0,0,0,0,0,0
4687,0,3,2,0,0,0,0,0,0,0,0,0
4696,0,0,0,0,10,0,0,0,0,0,0,0
4775,0,0,0,0,0,0,0,0,0,0,0,0
4790,0,0,0,0,0,0,0,0,0,0,0,0
4807,0,0,0,0,0,0,0,0,0,0,0,0
4821,0,0,0,0,0,0,0,0,0,0,0,0
4831,0,0,0,0,0,0,0,0,0,0,0,0
4842,0,0,0,0,0,0,0,0,0,0,0,0
4898,0,0,0,0,0,0,0,0,0,0,0,0
4928,0,0,0,0,0,0,0,0,0,0,0,0
4937,0,0,0,0,0,0,0,0,0,0,0,0
4993,18,25,19,20,4,0,0,0,0,0,0,0
5001,18,25,19,20,4,0,0,0,0,0,0,0
5174,10,21,16,0,0,0,0,0,0,0,5,7
5188,0,0,0,0,0,0,0,0,0,0,0,0
5251,50,90,50,66,34,0,0,0,80,0,0,0
5295,0,0,0,0,0,0,0,0,0,0,0,0
5305,0,0,0,0,0,0,0,0,0,0,0,0
5315,0,0,0,0,0,0,0,0,0,0,0,0
5326,0,0,0,0,0,0,0,0,0,0,0,0
5334,5,5,5,5,0,0,0,0,0,0,0,0
5345,0,0,0,0,0,0,0,0,0,0,0,0
5356,0,0,0,0,0,0,0,0,0,0,0,0
5368,5,5,5,5,0,0,0,0,0,0,0,0
5377,0,0,0,0,0,0,0,0,0,0,0,0
5387,5,5,5,5,0,0,0,0,0,0,0,0
5397,0,0,0,0,0,0,0,0,0,0,0,0
5407,0,0,0,0,0,0,0,0,0,0,0,0
5421,50,50,50,50,50,0,0,0,0,0,0,0
5472,45,45,45,2000,2000,0,0,0,0,0,60,60
5517,0,0,0,0,0,0,0,0,0,0,0,0
5565,0,0,0,0,0,0,0,0,0,0,0,0
5611,0,0,0,0,0,0,0,0,0,0,0,0
5631,0,0,0,0,0,0,0,0,0,0,0,0
5642,0,0,0,0,0,0,0,0,0,0,0,0
5650,0,0,0,0,0,0,0,0,0,0,0,0
5660,0,0,0,0,0,0,0,0,0,0,0,0
5681,0,0,0,0,0,0,0,0,0,0,0,0
5691,0,0,0,0,0,0,0,0,0,0,0,0
5703,0,0,0,0,0,0,0,0,0,0,0,0
5710,0,0,0,0,0,0,0,0,0,0,0,0
5722,0,0,0,0,0,0,0,0,0,0,0,0
5735,0,0,0,0,0,0,0,0,0,0,0,0
5744,0,0,0,0,0,0,0,0,0,0,0,0
5756,0,0,0,0,0,0,0,0,0,0,0,0
5766,0,0,0,0,0,0,0,0,0,0,0,0
5842,0,0,0,0,0,0,0,0,0,0,0,0
5851,0,0,0,0,0,0,0,0,0,0,0,0
5882,0,0,0,0,5,0,0,0,0,0,0,0
5919,18,25,19,20,4,0,0,0,0,0,0,0
6006,0,0,0,0,60,0,0,0,0,0,0,0
6014,0,0,0,0,60,0,0,0,0,0,0,0
6025,0,0,0,0,60,0,0,0,0,0,0,0
6080,0,0,0,0,0,0,0,0,0,0,0,0
6094,0,0,0,0,0,0,0,0,0,0,0,0
6220,0,0,0,0,0,0,0,0,0,0,0,0
3250,0,2,2,2,3,0,0,0,0,0,0,0
3261,0,2,2,2,3,0,0,0,0,0,0,0
3271,0,0,0,0,5,0,0,0,0,0,0,0
3295,0,0,0,0,5,0,0,0,0,0,0,0
3350,83,76,70,74,11,0,0,0,0,0,0,0
3400,10,10,10,10,10,0,0,0,0,0,0,0
3485,10,10,10,10,10,0,0,0,0,0,0,0
3498,150,150,150,50,50,0,0,0,0,0,0,0
3518,0,0,0,0,0,0,0,0,0,0,0,0
3531,0,0,0,0,0,0,0,0,0,0,0,0
3581,5,5,5,5,0,0,0,0,0,0,0,0
3590,50,70,70,90,30,0,0,0,0,0,0,0
3609,0,0,0,0,0,0,0,0,0,0,0,0
3613,0,0,0,0,0,0,0,0,0,0,0,0
3647,0,0,0,0,0,0,0,0,0,0,0,0
3664,0,0,0,0,0,0,0,0,0,0,0,0
3699,14,18,15,15,4,0,0,0,0,0,8,13
3710,0,0,0,0,0,0,0,0,0,0,0,0
3808,0,0,0,0,0,0,0,0,0,0,0,0
3843,0,0,0,0,0,0,0,0,0,0,0,0
3940,0,0,0,0,0,0,0,0,0,0,0,0
4258,18,25,19,20,4,0,0,0,0,0,0,0
4268,0,0,0,0,0,0,0,0,0,0,0,0
4276,0,0,0,0,0,0,0,0,0,0,0,0
4301,18,25,19,20,4,0,0,0,0,0,0,0
4328,0,0,0,0,0,0,0,0,0,0,0,0
4344,0,0,0,0,0,0,0,0,0,0,0,0
4355,0,0,0,0,0,0,0,0,0,0,0,0
4387,0,0,0,0,0,0,0,0,0,0,0,0
4397,50,40,30,50,30,0,0,0,0,0,0,0
4406,21,21,21,21,21,0,0,0,0,0,0,0
4418,0,0,0,0,0,0,0,0,0,0,0,0
4474,0,0,0,0,0,0,0,0,0,0,0,0
4487,0,0,0,0,0,0,0,0,0,0,0,0
4510,0,0,0,0,0,0,0,0,0,0,0,0
4608,0,0,0,0,0,0,0,0,0,0,0,0
4658,0,0,0,0,3,0,0,0,0,0,0,0
4672,50,70,70,50,60,0,0,0,0,0,0,0
4682,50,70,70,50,60,0,0,0,0,0,0,0
4693,0,0,0,0,0,0,0,0,0,0,0,0
4702,0,0,0,0,10,0,0,0,0,0,0,0
4789,0,0,0,0,0,0,0,0,0,0,0,0
4818,0,0,0,0,0,0,0,0,0,0,0,0
4827,0,0,0,0,0,0,0,0,0,0,0,0
4837,0,0,0,0,0,0,0,0,0,0,0,0
4852,0,0,0,0,0,0,0,0,0,0,0,0
4922,0,0,0,0,0,0,0,0,0,0,0,0
4931,10,10,0,10,0,0,0,0,0,0,29,10
4943,0,0,0,0,0,0,0,0,0,0,0,0
4995,18,25,19,20,4,0,0,0,0,0,0,0
5144,3,3,3,0,0,0,0,0,0,0,0,0
5184,0,0,0,0,0,0,0,0,0,0,0,0
5211,0,0,0,0,0,0,0,0,0,0,0,0
5292,70,99,99,149,159,0,0,0,0,0,0,0
5300,0,0,0,0,0,0,0,0,0,0,0,0
5309,0,0,0,0,0,0,0,0,0,0,0,0
5322,0,0,0,0,0,0,0,0,0,0,0,0
5328,0,0,0,0,0,0,0,0,0,0,0,0
5337,5,5,5,5,0,0,0,0,0,0,0,0
5350,0,0,0,0,0,0,0,0,0,0,0,0
5361,100,100,10,100,100,0,0,0,0,0,0,0
5375,0,0,0,0,0,0,0,0,0,0,0,0
5380,0,0,0,0,0,0,0,0,0,0,0,0
5396,0,0,0,0,0,0,0,0,0,0,0,0
5405,0,0,0,0,0,0,0,0,0,0,0,0
5417,0,0,0,0,0,0,0,0,0,0,0,10
5463,0,0,0,0,0,0,0,0,0,0,0,0
5492,18,25,19,20,4,0,0,0,0,0,0,0
5529,0,0,0,0,0,0,0,0,0,0,0,0
5595,0,0,0,0,0,0,0,0,0,0,0,0
5629,0,0,0,0,0,0,0,0,0,0,0,0
5637,0,0,0,0,0,0,0,0,0,0,0,0
5649,0,0,0,0,0,0,0,0,0,0,0,0
5656,0,0,0,0,0,0,0,0,0,0,0,0
5680,0,0,0,0,0,0,0,0,0,0,0,0
5687,0,0,0,0,0,0,0,0,0,0,0,0
5695,0,0,0,0,0,0,0,0,0,0,0,0
5704,0,0,0,0,0,0,0,0,0,0,0,0
5714,0,0,0,0,0,0,0,0,0,0,0,0
5726,0,0,0,0,0,0,0,0,0,0,0,0
5732,0,0,0,0,0,0,0,0,0,0,0,0
5746,0,0,0,0,0,0,0,0,0,0,0,0
5754,0,0,0,0,0,0,0,0,0,0,0,0
5764,0,0,0,0,0,0,0,0,0,0,0,0
5843,0,0,0,0,0,0,0,0,0,0,0,0
5855,0,0,0,0,0,0,0,0,0,0,0,0
5881,0,0,0,0,5,0,0,0,0,0,0,0
5906,0,0,0,0,0,0,0,0,0,0,0,0
5927,0,0,0,0,0,0,0,0,0,0,0,0
6007,0,0,0,0,60,0,0,0,0,0,0,0
6017,0,0,0,0,60,0,0,0,0,0,0,0
6048,0,0,0,0,0,0,0,0,0,0,0,0
6087,20,40,40,20,30,0,0,0,0,0,0,0
6097,0,0,0,0,0,0,0,0,0,0,0,0
6208,0,0,0,0,10,0,0,0,0,0,0,0
6241,0,0,0,0,0,0,0,0,0,0,0,0
6248,12,14,13,13,5,0,0,0,0,0,0,0
6079,0,0,0,0,0,0,0,0,0,0,0,0
6093,5,5,5,5,0,0,0,0,0,0,0,0
6206,0,0,0,0,5,0,0,0,0,0,0,0
6231,0,0,0,0,0,0,0,0,0,0,0,0
6247,100,100,100,100,100,0,0,0,0,0,0,0
6261,0,0,0,0,0,0,0,0,0,0,0,0
6091,5,5,5,5,0,0,0,0,0,0,0,0
6203,80,80,80,80,130,0,0,0,0,0,0,0
6225,0,0,0,0,0,0,0,0,0,0,0,0
6243,0,0,0,0,0,0,0,0,0,0,0,0
6260,90,90,90,90,65,0,0,0,0,0,0,0
8133,25,200,100,230,150,0,0,0,0,0,50,0
6092,5,5,5,5,0,0,0,0,0,0,0,0
6101,0,0,0,0,10,0,0,0,0,0,0,0
6221,0,0,0,0,0,0,0,0,0,0,0,0
6232,0,0,0,0,0,0,0,0,0,0,0,0
6252,12,14,14,5,18,0,0,0,0,0,0,0
6100,0,0,0,0,0,0,0,0,0,0,0,0
6210,0,0,0,0,0,0,0,0,0,0,0,0
6229,0,0,0,0,0,0,0,0,0,0,0,0
6246,0,0,0,0,0,0,0,0,0,0,0,0
6263,0,0,0,0,0,0,0,0,0,0,0,0
6204,0,0,0,0,5,0,0,0,0,0,0,0
6227,0,0,0,0,0,0,0,0,0,0,0,0
6245,0,0,0,0,0,0,0,0,0,0,0,0
6265,0,0,0,0,0,0,0,0,0,0,0,0
6222,180,180,180,200,200,0,0,0,0,0,0,0
6239,0,0,0,0,0,0,0,0,0,0,0,0
6255,0,0,0,0,0,0,0,0,0,0,0,0
6277,0,0,0,0,0,0,0,0,0,0,0,0
6223,0,0,0,0,0,0,0,0,0,0,0,0
6242,0,0,0,0,0,0,0,0,0,0,0,0
6256,0,0,0,0,0,0,0,0,0,0,0,0
6240,0,0,0,0,0,0,0,0,0,0,0,0
6250,12,14,14,5,18,0,0,0,0,0,0,0
6276,0,0,0,0,0,0,0,0,0,0,0,0
6244,0,0,0,0,0,0,0,0,0,0,0,0
6257,0,0,0,0,0,0,0,0,0,0,0,0
6278,0,0,0,0,0,0,0,0,0,0,0,0
8349,0,0,0,0,0,0,0,0,40,43,43,29
8127,10,10,10,10,-5,0,0,0,0,0,0,0
258,100,100,100,100,100,150,150,150,150,150,150,150
1471,0,0,0,0,0,0,0,0,0,0,50,0
100494,0,0,0,300,130,0,0,0,0,0,0,0
7133,90,90,90,90,65,0,0,0,0,0,0,0
