id,id_interface,id_interface_child,combat_type,animation_stand,animation_walk,animation_run,animation_block,animation_accurate,animation_aggressive,animation_defensive,animation_controlled,special_energy,speed_accurate,speed_aggressive,speed_defensive,speed_controlled
11696,82,12,MELEE,7047,7046,7039,7050,7041,7042,7049,7048,100,6,6,6,6
18349,89,12,MELEE,808,819,824,424,400,400,400,400,0,4,4,4,4
18357,79,10,RANGED,4591,4226,4228,424,4230,4230,4230,4230,0,6,5,6,6
18351,81,12,MELEE,808,819,824,404,451,451,451,412,0,4,4,4,4
18355,90,10,MELEE,813,1146,1210,420,393,393,393,393,0,4,4,4,4
15507,85,10,MELEE,813,1146,1210,420,393,393,393,393,0,5,5,5,5
859,77,10,RANGED,808,819,824,424,422,423,422,422,55,6,6,6,6
861,77,10,RANGED,808,819,824,424,426,426,426,426,55,4,3,4,4
1540,0,0,MELEE,0,0,0,1156,-1,-1,-1,-1,0,0,0,0,0
11230,91,12,RANGED,808,819,824,424,6600,582,6600,6600,0,3,2,3,3
1215,89,12,MELEE,808,819,824,403,402,402,402,402,25,4,4,4,4
1231,89,12,MELEE,808,819,824,424,402,402,402,402,25,4,4,4,4
807,91,12,RANGED,808,819,824,424,6600,582,6600,6600,0,3,2,3,3
1305,89,12,MELEE,809,819,824,404,412,390,390,390,25,5,5,5,5
1434,88,12,MELEE,808,819,824,424,451,451,451,412,25,5,5,5,5
4151,93,10,MELEE,10080,1660,1661,1659,1658,1658,1658,1658,50,4,4,4,4
4153,76,10,MELEE,1662,1663,1664,1666,1665,1665,1665,1665,50,6,6,6,6
4178,93,10,MELEE,11973,11975,11976,11974,1658,1658,1658,1658,50,4,4,4,4
4587,81,12,MELEE,808,819,824,404,451,451,451,412,55,4,4,4,4
5680,89,12,MELEE,808,819,824,424,402,402,402,402,25,4,4,4,4
5698,89,12,MELEE,808,819,824,403,402,402,402,395,25,4,4,4,4
10887,88,12,MELEE,5869,5867,5868,5866,5865,5865,5865,5865,50,6,6,6,6
11235,77,10,RANGED,808,819,824,424,426,426,426,426,55,7,6,7,7
11694,82,12,MELEE,7047,7046,7039,7050,7041,7041,7049,7048,50,6,6,6,6
11698,82,12,MELEE,7047,7046,7039,7050,7041,7042,7049,7048,50,6,6,6,6
11700,82,12,MELEE,7047,7046,7039,7050,7041,7042,7049,7048,55,6,6,6,6
13444,93,10,MELEE,11973,11975,11976,11974,1658,1658,1658,1658,50,4,4,4,4
13445,76,10,MELEE,1662,1663,1664,1666,422,423,422,422,55,7,7,7,7
13450,89,12,MELEE,7047,7046,7039,424,7041,7048,7041,7041,50,4,4,4,4
13452,89,12,MELEE,7047,7046,7039,424,7041,7048,7041,7041,50,4,4,4,4
13453,89,12,MELEE,7047,7046,7039,424,7041,7048,7041,7041,55,4,4,4,4
13465,89,12,MELEE,808,819,824,424,402,402,402,402,25,4,4,4,4
13466,89,12,MELEE,808,819,824,424,402,402,402,402,25,4,4,4,4
13467,89,12,MELEE,808,819,824,424,402,402,402,402,25,4,4,4,4
13468,89,12,MELEE,808,819,824,424,402,402,402,402,25,4,4,4,4
13475,89,12,MELEE,809,819,824,424,451,451,451,451,25,5,5,5,5
13477,89,12,MELEE,809,819,824,12030,12029,12029,12029,12028,55,4,4,4,4
13479,3796,3799,MELEE,808,819,824,424,422,423,422,422,25,5,5,5,5
13527,77,10,RANGED,808,819,824,424,422,423,422,422,55,6,6,6,6
13528,77,10,RANGED,808,819,824,424,422,423,422,422,55,4,3,4,4
13899,89,12,MELEE,808,819,824,424,451,451,451,451,26,5,5,5,5
13901,89,12,MELEE,808,819,824,424,451,451,451,451,26,5,5,5,5
13902,76,10,MELEE,808,819,824,397,401,401,401,401,26,6,6,6,6
13923,89,12,MELEE,808,819,824,424,451,451,451,451,26,5,5,5,5
13925,89,12,MELEE,808,819,824,424,451,451,451,451,26,5,5,5,5
13926,76,10,MELEE,808,819,824,397,401,401,401,401,26,6,6,6,6
13928,76,10,MELEE,808,819,824,424,422,423,422,422,26,6,6,6,6
13976,89,12,MELEE,808,819,824,424,402,402,402,402,25,4,4,4,4
13978,89,12,MELEE,808,819,824,424,402,402,402,402,25,4,4,4,4
13979,89,12,MELEE,809,819,824,12030,12029,12029,12029,12028,55,4,4,4,4
13981,89,12,MELEE,809,819,824,12030,12029,12029,12029,12028,55,4,4,4,4
13982,89,12,MELEE,809,819,824,424,451,451,451,451,25,5,5,5,5
13984,89,12,MELEE,809,819,824,424,451,451,451,451,25,5,5,5,5
13985,3796,3799,MELEE,808,819,824,424,422,423,422,422,25,5,5,5,5
13987,3796,3799,MELEE,808,819,824,424,422,423,422,422,25,5,5,5,5
14484,78,12,MELEE,808,819,824,424,451,451,451,451,50,4,4,4,4
14661,93,10,MELEE,11973,11975,11976,11974,1658,1658,1658,1658,50,4,4,4,4
35,88,12,MELEE,808,819,824,424,422,423,422,422,0,5,5,5,5
466,75,10,MELEE,808,819,824,424,422,423,422,422,0,5,5,5,5
468,75,10,MELEE,808,819,824,424,422,423,422,422,0,5,5,5,5
470,75,10,MELEE,808,819,824,424,422,423,422,422,0,5,5,5,5
472,75,10,MELEE,808,819,824,424,422,423,422,422,0,5,5,5,5
474,75,10,MELEE,808,819,824,424,422,423,422,422,0,5,5,5,5
476,75,10,MELEE,808,819,824,424,422,423,422,422,0,5,5,5,5
478,75,10,MELEE,808,819,824,424,422,423,422,422,0,5,5,5,5
492,88,12,MELEE,808,819,824,424,422,423,422,422,0,5,5,5,5
494,88,12,MELEE,808,819,824,424,422,423,422,422,0,5,5,5,5
496,88,12,MELEE,808,819,824,424,422,423,422,422,0,5,5,5,5
498,88,12,MELEE,808,819,824,424,422,423,422,422,0,5,5,5,5
500,88,12,MELEE,808,819,824,424,422,423,422,422,0,5,5,5,5
502,88,12,MELEE,808,819,824,424,422,423,422,422,0,5,5,5,5
504,88,12,MELEE,808,819,824,424,422,423,422,422,0,5,5,5,5
506,88,12,MELEE,808,819,824,424,422,423,422,422,0,5,5,5,5
667,89,12,MELEE,808,819,824,424,422,423,422,422,0,4,4,4,4
732,88,12,MELEE,808,819,824,424,422,423,422,422,0,5,5,5,5
746,89,12,MELEE,808,819,824,424,400,400,400,400,0,4,4,4,4
747,89,12,MELEE,808,819,824,424,400,400,400,400,0,4,4,4,4
767,77,10,RANGED,808,819,824,424,4230,4230,4230,4230,0,4,3,4,4
772,90,10,MELEE,813,1146,1210,424,422,423,422,422,0,4,4,4,4
800,75,10,RANGED,808,819,824,424,806,806,806,806,0,5,5,5,5
801,75,10,RANGED,808,819,824,424,806,806,806,806,0,5,5,5,5
802,75,10,RANGED,808,819,824,424,806,806,806,806,0,5,5,5,5
803,75,10,RANGED,808,819,824,424,806,806,806,806,0,5,5,5,5
804,75,10,RANGED,808,819,824,424,806,806,806,806,0,5,5,5,5
805,75,10,RANGED,808,819,824,424,806,806,806,806,0,5,5,5,5
806,91,12,RANGED,808,819,824,424,806,806,806,806,0,3,2,3,3
18353,76,10,MELEE,1662,1663,1664,1666,2661,2661,2661,2661,0,6,6,6,6
808,91,12,RANGED,808,819,824,424,806,806,806,806,0,3,2,3,3
809,91,12,RANGED,808,819,824,424,806,806,806,806,0,3,2,3,3
810,91,12,RANGED,808,819,824,424,806,806,806,806,0,3,2,3,3
812,91,12,RANGED,808,819,824,424,806,806,806,806,0,3,2,3,3
813,91,12,RANGED,808,819,824,424,806,806,806,806,0,3,2,3,3
814,91,12,RANGED,808,819,824,424,806,806,806,806,0,3,2,3,3
815,91,12,RANGED,808,819,824,424,806,806,806,806,0,3,2,3,3
816,91,12,RANGED,808,819,824,424,806,806,806,806,0,3,2,3,3
817,91,12,RANGED,808,819,824,424,806,806,806,806,0,3,2,3,3
818,91,12,RANGED,808,819,824,424,806,806,806,806,0,3,2,3,3
825,91,12,RANGED,808,819,824,424,806,806,806,806,0,6,1,6,6
826,91,12,RANGED,808,819,824,424,806,806,806,806,0,6,6,6,6
827,91,12,RANGED,808,819,824,424,806,806,806,806,0,6,6,6,6
828,91,12,RANGED,808,819,824,424,806,806,806,806,0,6,6,6,6
829,91,12,RANGED,808,819,824,424,806,806,806,806,0,6,6,6,6
830,91,12,RANGED,808,819,824,424,806,806,806,806,0,6,6,6,6
831,91,12,RANGED,808,819,824,424,806,806,806,806,0,6,6,6,6
832,91,12,RANGED,808,819,824,424,806,806,806,806,0,6,6,6,6
833,91,12,RANGED,808,819,824,424,806,806,806,806,0,6,6,6,6
834,91,12,RANGED,808,819,824,424,806,806,806,806,0,6,6,6,6
835,91,12,RANGED,808,819,824,424,806,806,806,806,0,6,6,6,6
836,91,12,RANGED,808,819,824,424,806,806,806,806,0,6,6,6,6
837,77,10,RANGED,808,819,824,424,4230,4230,4230,4230,0,4,3,4,4
839,77,10,RANGED,808,819,824,424,422,423,422,422,0,6,6,6,6
841,77,10,RANGED,808,819,824,424,426,426,426,426,0,4,3,4,4
843,77,10,RANGED,808,819,824,424,426,426,426,426,0,4,3,4,4
845,77,10,RANGED,808,819,824,424,422,423,422,422,0,6,6,6,6
847,77,10,RANGED,808,819,824,424,422,423,422,422,0,6,6,6,6
849,77,10,RANGED,808,819,824,424,426,426,426,426,0,4,3,4,4
851,77,10,RANGED,808,819,824,424,422,423,422,422,0,6,6,6,6
853,77,10,RANGED,808,819,824,424,426,426,426,426,0,4,3,4,4
855,77,10,RANGED,808,819,824,424,422,423,422,422,0,6,6,6,6
857,77,10,RANGED,808,819,824,424,426,426,426,426,0,4,3,4,4
863,91,12,RANGED,808,819,824,424,806,806,806,806,0,3,2,3,3
864,91,12,RANGED,808,819,824,424,806,806,806,806,0,3,2,3,3
865,91,12,RANGED,808,819,824,424,806,806,806,806,0,3,2,3,3
866,91,12,RANGED,808,819,824,424,806,806,806,806,0,3,2,3,3
867,91,12,RANGED,808,819,824,424,806,806,806,806,0,3,2,3,3
868,91,12,RANGED,808,819,824,424,806,806,806,806,0,3,2,3,3
869,91,12,RANGED,808,819,824,424,806,806,806,806,0,3,2,3,3
870,91,12,RANGED,808,819,824,424,806,806,806,806,0,3,2,3,3
871,91,12,RANGED,808,819,824,424,806,806,806,806,0,3,2,3,3
872,91,12,RANGED,808,819,824,424,806,806,806,806,0,3,2,3,3
873,91,12,RANGED,808,819,824,424,806,806,806,806,0,3,2,3,3
874,91,12,RANGED,808,819,824,424,806,806,806,806,0,3,2,3,3
875,91,12,RANGED,808,819,824,424,806,806,806,806,0,3,2,3,3
876,91,12,RANGED,808,819,824,424,806,806,806,806,0,3,2,3,3
877,0,0,MELEE,0,0,0,0,-1,-1,-1,-1,0,0,0,0,0
882,0,0,MELEE,0,0,0,0,-1,-1,-1,-1,0,0,0,0,0
883,0,0,MELEE,0,0,0,0,-1,-1,-1,-1,0,0,0,0,0
884,0,0,MELEE,0,0,0,0,-1,-1,-1,-1,0,0,0,0,0
811,91,12,RANGED,808,819,824,424,6600,582,6600,6600,0,3,2,3,3
885,0,0,MELEE,0,0,0,0,-1,-1,-1,-1,0,0,0,0,0
886,0,0,MELEE,0,0,0,0,-1,-1,-1,-1,0,0,0,0,0
887,0,0,MELEE,0,0,0,0,-1,-1,-1,-1,0,0,0,0,0
888,0,0,MELEE,0,0,0,0,-1,-1,-1,-1,0,0,0,0,0
889,0,0,MELEE,0,0,0,0,-1,-1,-1,-1,0,0,0,0,0
890,0,0,MELEE,0,0,0,0,-1,-1,-1,-1,0,0,0,0,0
891,0,0,MELEE,0,0,0,0,-1,-1,-1,-1,0,0,0,0,0
892,0,0,MELEE,0,0,0,0,-1,-1,-1,-1,0,0,0,0,0
893,0,0,MELEE,0,0,0,0,-1,-1,-1,-1,0,0,0,0,0
975,88,12,MELEE,808,819,824,424,422,423,422,422,0,5,5,5,5
1173,0,0,MELEE,0,0,0,1156,-1,-1,-1,-1,0,0,0,0,0
1175,0,0,MELEE,0,0,0,1156,-1,-1,-1,-1,0,0,0,0,0
1177,0,0,MELEE,0,0,0,1156,-1,-1,-1,-1,0,0,0,0,0
1179,0,0,MELEE,0,0,0,1156,-1,-1,-1,-1,0,0,0,0,0
1181,0,0,MELEE,0,0,0,1156,-1,-1,-1,-1,0,0,0,0,0
1183,0,0,MELEE,0,0,0,1156,-1,-1,-1,-1,0,0,0,0,0
1185,0,0,MELEE,0,0,0,1156,-1,-1,-1,-1,0,0,0,0,0
1187,0,0,MELEE,0,0,0,1156,-1,-1,-1,-1,0,0,0,0,0
1189,0,0,MELEE,0,0,0,1156,-1,-1,-1,-1,0,0,0,0,0
1191,0,0,MELEE,0,0,0,1156,-1,-1,-1,-1,0,0,0,0,0
1193,0,0,MELEE,0,0,0,1156,-1,-1,-1,-1,0,0,0,0,0
1195,0,0,MELEE,0,0,0,1156,-1,-1,-1,-1,0,0,0,0,0
1197,0,0,MELEE,0,0,0,1156,-1,-1,-1,-1,0,0,0,0,0
1199,0,0,MELEE,0,0,0,1156,-1,-1,-1,-1,0,0,0,0,0
1201,0,0,MELEE,0,0,0,1156,-1,-1,-1,-1,0,0,0,0,0
1203,89,12,MELEE,808,819,824,424,400,400,400,400,0,4,4,4,4
1205,89,12,MELEE,808,819,824,424,400,400,400,400,0,4,4,4,4
1207,89,12,MELEE,808,819,824,424,400,400,400,400,0,4,4,4,4
1209,89,12,MELEE,808,819,824,424,400,400,400,400,0,4,4,4,4
1211,89,12,MELEE,808,819,824,424,400,400,400,400,0,4,4,4,4
1213,89,12,MELEE,808,819,824,424,400,400,400,400,0,4,4,4,4
1217,89,12,MELEE,808,819,824,424,400,400,400,400,0,4,4,4,4
1219,89,12,MELEE,808,819,824,424,400,400,400,400,0,4,4,4,4
1221,89,12,MELEE,808,819,824,424,400,400,400,400,0,4,4,4,4
1223,89,12,MELEE,808,819,824,424,400,400,400,400,0,4,4,4,4
1225,89,12,MELEE,808,819,824,424,400,400,400,400,0,4,4,4,4
1227,89,12,MELEE,808,819,824,424,400,400,400,400,0,4,4,4,4
1229,89,12,MELEE,808,819,824,424,400,400,400,400,0,4,4,4,4
1233,89,12,MELEE,808,819,824,424,400,400,400,400,0,4,4,4,4
1235,89,12,MELEE,808,819,824,424,400,400,400,400,0,4,4,4,4
1237,87,10,MELEE,809,1146,1210,424,422,423,422,422,0,5,5,5,5
1239,87,10,MELEE,809,1146,1210,424,422,423,422,422,0,5,5,5,5
1241,87,10,MELEE,809,1146,1210,424,422,423,422,422,0,5,5,5,5
1243,87,10,MELEE,809,1146,1210,424,422,423,422,422,0,5,5,5,5
1245,87,10,MELEE,809,1146,1210,424,422,423,422,422,0,5,5,5,5
1247,87,10,MELEE,809,1146,1210,424,422,423,422,422,0,5,5,5,5
1251,87,10,MELEE,809,1146,1210,424,422,423,422,422,0,5,5,5,5
1253,87,10,MELEE,809,1146,1210,424,422,423,422,422,0,5,5,5,5
1255,87,10,MELEE,809,1146,1210,424,422,423,422,422,0,5,5,5,5
1257,87,10,MELEE,809,1146,1210,424,422,423,422,422,0,5,5,5,5
1259,87,10,MELEE,809,1146,1210,424,422,423,422,422,0,5,5,5,5
1261,87,10,MELEE,809,1146,1210,424,422,423,422,422,0,5,5,5,5
1263,87,10,MELEE,809,1146,1210,424,422,423,422,422,0,5,5,5,5
1265,75,10,MELEE,808,819,824,424,422,423,422,422,0,5,5,5,5
1267,75,10,MELEE,808,819,824,424,422,423,422,422,0,5,5,5,5
1269,75,10,MELEE,808,819,824,424,422,423,422,422,0,5,5,5,5
1271,75,10,MELEE,808,819,824,424,422,423,422,422,0,5,5,5,5
1273,75,10,MELEE,808,819,824,424,422,423,422,422,0,5,5,5,5
1275,75,10,MELEE,808,819,824,424,422,423,422,422,0,5,5,5,5
1277,89,12,MELEE,808,819,824,424,422,423,422,422,0,4,4,4,4
1279,89,12,MELEE,808,819,824,424,422,423,422,422,0,4,4,4,4
1281,89,12,MELEE,808,819,824,424,422,423,422,422,0,4,4,4,4
1283,89,12,MELEE,808,819,824,424,422,423,422,422,0,4,4,4,4
1285,89,12,MELEE,808,819,824,424,422,423,422,422,0,4,4,4,4
1287,89,12,MELEE,808,819,824,424,422,423,422,422,0,4,4,4,4
1289,89,12,MELEE,808,819,824,424,422,423,422,422,0,4,4,4,4
1291,89,12,MELEE,808,819,824,424,451,451,451,451,0,5,5,5,5
1293,89,12,MELEE,808,819,824,424,451,451,451,451,0,5,5,5,5
1295,89,12,MELEE,808,819,824,424,451,451,451,451,0,5,5,5,5
1297,89,12,MELEE,808,819,824,424,451,451,451,451,0,5,5,5,5
1299,89,12,MELEE,808,819,824,424,451,451,451,451,0,5,5,5,5
1301,89,12,MELEE,808,819,824,424,451,451,451,451,0,5,5,5,5
1303,89,12,MELEE,808,819,824,424,451,451,451,451,0,5,5,5,5
1307,89,12,MELEE,7047,7046,7039,424,7041,7048,7041,7041,0,7,7,7,7
1309,89,12,MELEE,7047,7046,7039,424,7048,7041,7048,7048,0,7,7,7,7
1311,89,12,MELEE,7047,7046,7039,424,7048,7041,7048,7048,0,7,7,7,7
1313,89,12,MELEE,7047,7046,7039,424,7048,7041,7048,7048,0,7,7,7,7
1315,89,12,MELEE,7047,7046,7039,424,7048,7041,7048,7048,0,7,7,7,7
1317,89,12,MELEE,7047,7046,7039,424,7048,7041,7048,7048,0,7,7,7,7
1319,89,12,MELEE,7047,7046,7039,424,7048,7041,7048,7048,0,7,7,7,7
1321,81,12,MELEE,808,819,824,404,451,451,451,412,0,4,4,4,4
1323,81,12,MELEE,808,819,824,404,451,451,451,412,0,4,4,4,4
1325,81,12,MELEE,808,819,824,404,451,451,451,412,0,4,4,4,4
1327,81,12,MELEE,808,819,824,424,451,451,451,412,0,4,4,4,4
1329,81,12,MELEE,808,819,824,404,451,451,451,412,0,4,4,4,4
1331,81,12,MELEE,808,819,824,404,451,451,451,412,0,4,4,4,4
1333,81,12,MELEE,808,819,824,404,451,451,451,412,0,4,4,4,4
1335,76,10,MELEE,808,819,824,424,422,423,422,422,0,6,6,6,6
1337,76,10,MELEE,808,819,824,424,422,423,422,422,0,6,6,6,6
1339,76,10,MELEE,808,819,824,424,422,423,422,422,0,6,6,6,6
1341,76,10,MELEE,808,819,824,424,422,423,422,422,0,6,6,6,6
1343,76,10,MELEE,808,819,824,424,422,423,422,422,0,6,6,6,6
1345,76,10,MELEE,808,819,824,424,422,423,422,422,0,6,6,6,6
1347,76,10,MELEE,808,819,824,424,422,423,422,422,0,6,6,6,6
1349,75,12,MELEE,808,819,824,424,422,423,422,422,0,5,5,5,5
1351,75,12,MELEE,808,819,824,424,422,423,422,422,0,5,5,5,5
1353,75,12,MELEE,808,819,824,424,422,423,422,422,0,5,5,5,5
1355,75,12,MELEE,808,819,824,424,422,423,422,422,0,5,5,5,5
1357,75,12,MELEE,808,819,824,424,422,423,422,422,0,5,5,5,5
1359,75,12,MELEE,808,819,824,424,422,423,422,422,0,5,5,5,5
1361,75,12,MELEE,808,819,824,424,422,423,422,422,0,5,5,5,5
1363,75,10,MELEE,808,819,824,424,422,423,422,422,0,6,6,6,6
1365,75,10,MELEE,808,819,824,424,422,423,422,422,0,6,6,6,6
1367,75,10,MELEE,808,819,824,424,422,423,422,422,0,6,6,6,6
1369,75,10,MELEE,808,819,824,424,422,423,422,422,0,6,6,6,6
1371,75,10,MELEE,808,819,824,424,422,423,422,422,0,6,6,6,6
1373,75,10,MELEE,808,819,824,424,422,423,422,422,0,6,6,6,6
1375,75,10,MELEE,808,819,824,424,422,423,422,422,0,6,6,6,6
1377,75,10,MELEE,808,819,824,424,422,423,422,422,0,6,6,6,6
1379,90,10,MELEE,809,1146,1210,424,422,423,422,422,0,4,4,4,4
1381,90,10,MELEE,813,1146,1210,420,393,393,393,393,0,4,4,4,4
1383,90,10,MELEE,813,1146,1210,420,393,393,393,393,0,4,4,4,4
1385,90,10,MELEE,813,1146,1210,420,393,393,393,393,0,4,4,4,4
1387,90,10,MELEE,813,1146,1210,420,393,393,393,393,0,4,4,4,4
1389,90,10,MELEE,809,1146,1210,424,393,393,393,393,0,4,4,4,4
1391,90,10,MELEE,809,1146,1210,424,422,423,422,422,0,4,4,4,4
1393,90,10,MELEE,809,1146,1210,424,422,423,422,422,0,4,4,4,4
1395,90,10,MELEE,809,1146,1210,424,422,423,422,422,0,4,4,4,4
1397,90,10,MELEE,809,1146,1210,424,422,423,422,422,0,4,4,4,4
1399,90,10,MELEE,809,1146,1210,424,422,423,422,422,0,4,4,4,4
1401,90,10,MELEE,809,1146,1210,424,422,423,422,422,0,4,4,4,4
1403,90,10,MELEE,809,1146,1210,424,422,423,422,422,0,4,4,4,4
1405,90,10,MELEE,809,1146,1210,424,422,423,422,422,0,4,4,4,4
1407,90,10,MELEE,809,1146,1210,424,422,423,422,422,0,4,4,4,4
1409,90,10,MELEE,809,1146,1210,424,422,423,422,422,0,4,4,4,4
1419,88,12,MELEE,808,819,824,424,422,423,422,422,0,5,5,5,5
1420,88,12,MELEE,808,819,824,424,422,423,422,422,0,5,5,5,5
1422,88,12,MELEE,808,819,824,424,422,423,422,422,0,5,5,5,5
1424,88,12,MELEE,808,819,824,424,422,423,422,422,0,5,5,5,5
1426,88,12,MELEE,808,819,824,424,422,423,422,422,0,5,5,5,5
1428,88,12,MELEE,808,819,824,424,422,423,422,422,0,5,5,5,5
1430,88,12,MELEE,808,819,824,424,422,423,422,422,0,5,5,5,5
1432,88,12,MELEE,808,819,824,424,422,423,422,422,0,5,5,5,5
2402,88,12,MELEE,808,819,824,424,422,423,422,422,0,5,5,5,5
2415,90,10,MELEE,813,1146,1210,420,393,393,393,393,0,4,4,4,4
2416,90,10,MELEE,813,1146,1210,420,393,393,393,393,0,4,4,4,4
2417,90,10,MELEE,813,1146,1210,420,393,393,393,393,0,4,4,4,4
2460,88,12,MELEE,808,819,824,424,422,423,422,422,0,5,5,5,5
2462,88,12,MELEE,808,819,824,424,422,423,422,422,0,5,5,5,5
2464,88,12,MELEE,808,819,824,424,422,423,422,422,0,5,5,5,5
2466,88,12,MELEE,808,819,824,424,422,423,422,422,0,5,5,5,5
2468,88,12,MELEE,808,819,824,424,422,423,422,422,0,5,5,5,5
2470,88,12,MELEE,808,819,824,424,422,423,422,422,0,5,5,5,5
2472,88,12,MELEE,808,819,824,424,422,423,422,422,0,5,5,5,5
2474,88,12,MELEE,808,819,824,424,422,423,422,422,0,5,5,5,5
2476,88,12,MELEE,808,819,824,424,422,423,422,422,0,5,5,5,5
2883,77,10,RANGED,808,819,824,424,422,423,422,422,0,5,5,5,5
2890,88,12,MELEE,808,819,824,424,422,423,422,422,0,5,5,5,5
2952,88,12,MELEE,808,819,824,424,422,423,422,422,0,5,5,5,5
2961,88,12,MELEE,808,819,824,424,422,423,422,422,0,5,5,5,5
2963,88,12,MELEE,808,819,824,424,422,423,422,422,0,5,5,5,5
3053,90,10,MELEE,809,1146,1210,424,422,423,422,422,0,4,4,4,4
3054,90,10,MELEE,809,1146,1210,424,422,423,422,422,0,4,4,4,4
3093,91,12,RANGED,808,819,824,424,806,806,806,806,0,3,2,3,3
3094,91,12,RANGED,808,819,824,424,806,806,806,806,0,3,2,3,3
3170,87,10,MELEE,809,1146,1210,424,422,423,422,422,0,5,5,5,5
3171,87,10,MELEE,809,1146,1210,424,422,423,422,422,0,5,5,5,5
3172,87,10,MELEE,809,1146,1210,424,422,423,422,422,0,5,5,5,5
3173,87,10,MELEE,809,1146,1210,424,422,423,422,422,0,5,5,5,5
3174,87,10,MELEE,809,1146,1210,424,422,423,422,422,0,5,5,5,5
3175,87,10,MELEE,809,1146,1210,424,422,423,422,422,0,5,5,5,5
3176,87,10,MELEE,809,1146,1210,424,422,423,422,422,0,5,5,5,5
3190,84,8463,MELEE,809,1146,1210,424,440,440,440,440,0,5,5,5,5
3192,84,8463,MELEE,809,1146,1210,424,440,440,440,440,0,5,5,5,5
3194,84,8463,MELEE,809,1146,1210,424,440,440,440,440,0,5,5,5,5
3196,84,8463,MELEE,809,1146,1210,424,440,440,440,440,0,5,5,5,5
3198,84,8463,MELEE,809,1146,1210,424,440,440,440,440,0,5,5,5,5
3200,84,8463,MELEE,809,1146,1210,424,440,440,440,440,0,5,5,5,5
3202,84,8463,MELEE,809,1146,1210,424,440,440,440,440,0,5,5,5,5
3204,84,10,MELEE,809,1146,1210,424,412,440,440,440,0,5,5,5,5
3695,88,12,MELEE,808,819,824,424,422,423,422,422,0,5,5,5,5
3757,88,12,MELEE,808,819,824,424,422,423,422,422,0,5,5,5,5
3758,88,12,MELEE,808,819,824,424,422,423,422,422,0,5,5,5,5
3839,88,12,MELEE,808,819,824,424,422,423,422,422,0,5,5,5,5
3840,88,12,MELEE,808,819,824,404,422,423,422,422,0,5,5,5,5
3841,88,12,MELEE,808,819,824,424,422,423,422,422,0,5,5,5,5
3842,88,12,MELEE,808,819,824,404,422,423,422,422,0,5,5,5,5
3843,88,12,MELEE,808,819,824,424,422,423,422,422,0,5,5,5,5
3844,88,12,MELEE,808,819,824,404,422,423,422,422,0,5,5,5,5
3899,88,12,MELEE,808,819,824,424,422,423,422,422,0,5,5,5,5
4037,88,12,MELEE,808,819,824,424,422,423,422,422,0,5,5,5,5
4039,88,12,MELEE,808,819,824,424,422,423,422,422,0,5,5,5,5
4068,89,12,MELEE,808,819,824,424,422,423,422,422,0,4,4,4,4
4072,88,12,MELEE,808,819,824,424,422,423,422,422,0,5,5,5,5
4086,88,12,MELEE,808,819,824,424,422,423,422,422,0,5,5,5,5
4156,88,12,MELEE,808,819,824,424,422,423,422,422,0,5,5,5,5
4158,87,10,MELEE,809,1146,1210,424,422,423,422,422,0,5,5,5,5
4159,87,10,MELEE,809,1146,1210,424,422,423,422,422,0,5,5,5,5
4170,90,10,MELEE,813,1146,1210,420,422,423,422,422,0,4,4,4,4
4212,77,10,RANGED,808,819,824,424,426,426,426,426,0,6,5,6,6
4214,77,10,RANGED,808,819,824,424,426,426,426,426,0,6,5,6,6
4215,77,10,RANGED,808,819,824,424,426,426,426,426,0,6,5,6,6
4216,77,10,RANGED,808,819,824,424,426,426,426,426,0,6,5,6,6
4217,77,10,RANGED,808,819,824,424,426,426,426,426,0,6,5,6,6
4218,77,10,RANGED,808,819,824,424,426,426,426,426,0,6,5,6,6
4219,77,10,RANGED,808,819,824,424,426,426,426,426,0,6,5,6,6
4220,77,10,RANGED,808,819,824,424,426,426,426,426,0,6,5,6,6
4221,77,10,RANGED,808,819,824,424,426,426,426,426,0,6,5,6,6
4222,77,10,RANGED,808,819,824,424,426,426,426,426,0,6,5,6,6
4223,77,10,RANGED,808,819,824,424,426,426,426,426,0,6,5,6,6
4224,88,12,MELEE,808,819,824,424,422,423,422,422,0,5,5,5,5
4225,88,12,MELEE,808,819,824,424,422,423,422,422,0,5,5,5,5
4226,88,12,MELEE,808,819,824,424,422,423,422,422,0,5,5,5,5
4227,88,12,MELEE,808,819,824,424,422,423,422,422,0,5,5,5,5
4228,88,12,MELEE,808,819,824,424,422,423,422,422,0,5,5,5,5
4229,88,12,MELEE,808,819,824,424,422,423,422,422,0,5,5,5,5
4230,88,12,MELEE,808,819,824,424,422,423,422,422,0,5,5,5,5
4231,88,12,MELEE,808,819,824,424,422,423,422,422,0,5,5,5,5
4232,88,12,MELEE,808,819,824,424,422,423,422,422,0,5,5,5,5
4233,88,12,MELEE,808,819,824,424,422,423,422,422,0,5,5,5,5
4234,88,12,MELEE,808,819,824,424,422,423,422,422,0,5,5,5,5
4236,77,10,RANGED,808,819,824,424,422,423,422,422,0,5,5,5,5
4503,89,12,MELEE,808,819,824,424,422,423,422,422,0,4,4,4,4
4507,88,12,MELEE,808,819,824,424,422,423,422,422,0,5,5,5,5
4508,89,12,MELEE,808,819,824,424,422,423,422,422,0,4,4,4,4
4512,88,12,MELEE,808,819,824,424,422,423,422,422,0,5,5,5,5
4565,88,12,MELEE,808,819,824,424,422,423,422,422,0,5,5,5,5
4566,88,12,MELEE,808,819,824,424,422,423,422,422,0,5,5,5,5
4580,87,10,MELEE,809,1146,1210,424,422,423,422,422,0,5,5,5,5
4582,87,10,MELEE,809,1146,1210,424,422,423,422,422,0,5,5,5,5
4584,87,10,MELEE,809,1146,1210,424,422,423,422,422,0,5,5,5,5
4599,88,12,MELEE,808,819,824,424,422,423,422,422,0,5,5,5,5
4600,88,12,MELEE,808,819,824,424,422,423,422,422,0,5,5,5,5
4675,90,10,MELEE,813,1146,1210,420,393,393,393,393,0,4,4,4,4
4710,85,10,MELEE,813,1146,1210,2079,393,393,393,393,0,6,6,6,6
4718,75,10,MELEE,2065,2064,1664,12004,2067,2067,2066,2067,0,7,7,7,7
4726,87,10,MELEE,809,1146,1210,2079,2080,2081,2080,2082,0,5,5,5,5
4734,77,10,RANGED,2074,2076,2077,424,2075,2075,2075,2075,0,4,3,4,4
4740,88,12,MELEE,808,819,824,424,422,423,422,422,0,5,5,5,5
4747,88,12,MELEE,808,819,824,424,2068,2068,2068,2068,0,5,5,5,5
4755,88,12,MELEE,808,1830,1831,2063,2062,2062,2062,2062,0,5,5,5,5
4773,88,12,MELEE,808,819,824,424,422,423,422,422,0,5,5,5,5
4778,88,12,MELEE,808,819,824,424,422,423,422,422,0,5,5,5,5
4783,88,12,MELEE,808,819,824,424,422,423,422,422,0,5,5,5,5
4788,88,12,MELEE,808,819,824,424,422,423,422,422,0,5,5,5,5
4793,88,12,MELEE,808,819,824,424,422,423,422,422,0,5,5,5,5
4798,88,12,MELEE,808,819,824,424,422,423,422,422,0,5,5,5,5
4803,88,12,MELEE,808,819,824,424,422,423,422,422,0,5,5,5,5
4827,77,10,RANGED,808,819,824,424,422,423,422,422,0,5,5,5,5
4862,90,10,MELEE,809,1146,1210,424,422,423,422,422,0,6,6,6,6
4863,90,10,MELEE,809,1146,1210,424,422,423,422,422,0,6,6,6,6
4864,90,10,MELEE,809,1146,1210,424,422,423,422,422,0,6,6,6,6
4865,90,10,MELEE,809,1146,1210,424,422,423,422,422,0,6,6,6,6
4886,75,10,MELEE,2065,2064,1664,12004,2066,2066,2067,2066,0,7,7,7,7
4887,75,10,MELEE,2065,2064,1664,12004,2066,2066,2067,2066,0,7,7,7,7
4888,75,10,MELEE,2065,2064,1664,12004,2066,2066,2067,2066,0,7,7,7,7
4889,75,10,MELEE,2065,2064,1664,12004,2066,2066,2067,2066,0,7,7,7,7
4890,75,10,MELEE,2065,2064,1664,12004,2066,2066,2067,2066,0,7,7,7,7
4910,87,10,MELEE,809,1146,1210,2079,2080,2081,2080,2082,0,5,5,5,5
4911,87,10,MELEE,809,1146,1210,2079,2080,2081,2080,2082,0,5,5,5,5
4912,87,10,MELEE,809,1146,1210,2079,2080,2081,2080,2082,0,5,5,5,5
4913,87,10,MELEE,809,1146,1210,2079,2080,2081,2080,2082,0,5,5,5,5
4934,77,10,RANGED,2074,2076,2077,424,2075,2075,2075,2075,0,4,3,4,4
4935,77,10,RANGED,2074,2076,2077,424,2075,2075,2075,2075,0,4,3,4,4
4936,77,10,RANGED,2074,2076,2077,424,2075,2075,2075,2075,0,4,3,4,4
4937,77,10,RANGED,2074,2076,2077,424,2075,2075,2075,2075,0,4,3,4,4
4958,88,12,MELEE,808,819,824,424,2068,2068,2068,2068,0,5,5,5,5
4959,88,12,MELEE,808,819,824,424,2068,2068,2068,2068,0,5,5,5,5
4960,88,12,MELEE,808,819,824,424,2068,2068,2068,2068,0,5,5,5,5
4961,88,12,MELEE,808,819,824,424,2068,2068,2068,2068,0,5,5,5,5
4982,88,12,MELEE,808,1830,1831,424,2062,2062,2062,2062,0,5,5,5,5
4983,88,12,MELEE,808,1830,1831,424,2062,2062,2062,2062,0,5,5,5,5
4984,88,12,MELEE,808,1830,1831,424,2062,2062,2062,2062,0,5,5,5,5
4985,88,12,MELEE,808,1830,1831,424,2062,2062,2062,2062,0,5,5,5,5
5016,87,10,MELEE,809,1146,1210,424,422,423,422,422,0,5,5,5,5
5018,88,12,MELEE,808,819,824,424,422,423,422,422,0,5,5,5,5
5056,75,10,MELEE,808,819,824,424,422,423,422,422,0,6,6,6,6
5057,75,10,MELEE,808,819,824,424,422,423,422,422,0,6,6,6,6
5058,75,10,MELEE,808,819,824,424,422,423,422,422,0,6,6,6,6
5059,75,10,MELEE,808,819,824,424,422,423,422,422,0,6,6,6,6
5628,91,12,RANGED,808,819,824,424,806,806,806,806,0,3,2,3,3
5629,91,12,RANGED,808,819,824,424,806,806,806,806,0,3,2,3,3
5630,91,12,RANGED,808,819,824,424,806,806,806,806,0,3,2,3,3
5631,91,12,RANGED,808,819,824,424,806,806,806,806,0,3,2,3,3
5632,91,12,RANGED,808,819,824,424,806,806,806,806,0,3,2,3,3
5633,91,12,RANGED,808,819,824,424,806,806,806,806,0,3,2,3,3
5634,91,12,RANGED,808,819,824,424,806,806,806,806,0,3,2,3,3
5635,91,12,RANGED,808,819,824,424,806,806,806,806,0,3,2,3,3
5636,91,12,RANGED,808,819,824,424,806,806,806,806,0,3,2,3,3
5637,91,12,RANGED,808,819,824,424,806,806,806,806,0,3,2,3,3
5638,91,12,RANGED,808,819,824,424,806,806,806,806,0,3,2,3,3
5639,91,12,RANGED,808,819,824,424,806,806,806,806,0,3,2,3,3
5640,91,12,RANGED,808,819,824,424,806,806,806,806,0,3,2,3,3
5641,91,12,RANGED,808,819,824,424,806,806,806,806,0,3,2,3,3
5642,91,12,RANGED,808,819,824,424,806,806,806,806,0,6,1,6,6
5643,91,12,RANGED,808,819,824,424,806,806,806,806,0,6,6,6,6
5644,91,12,RANGED,808,819,824,424,806,806,806,806,0,6,6,6,6
5645,91,12,RANGED,808,819,824,424,806,806,806,806,0,6,6,6,6
5646,91,12,RANGED,808,819,824,424,806,806,806,806,0,6,6,6,6
5647,91,12,RANGED,808,819,824,424,806,806,806,806,0,6,6,6,6
5648,88,12,MELEE,808,819,824,424,422,423,422,422,0,5,5,5,5
5649,91,12,RANGED,808,819,824,424,806,806,806,806,0,6,6,6,6
5650,91,12,RANGED,808,819,824,424,806,806,806,806,0,6,6,6,6
5651,91,12,RANGED,808,819,824,424,806,806,806,806,0,6,6,6,6
5652,91,12,RANGED,808,819,824,424,806,806,806,806,0,6,6,6,6
5653,91,12,RANGED,808,819,824,424,806,806,806,806,0,6,6,6,6
5654,91,12,RANGED,808,819,824,424,806,806,806,806,0,3,2,3,3
5655,91,12,RANGED,808,819,824,424,806,806,806,806,0,3,2,3,3
5656,91,12,RANGED,808,819,824,424,806,806,806,806,0,3,2,3,3
5657,91,12,RANGED,808,819,824,424,806,806,806,806,0,3,2,3,3
5658,91,12,RANGED,808,819,824,424,806,806,806,806,0,3,2,3,3
5659,91,12,RANGED,808,819,824,424,806,806,806,806,0,3,2,3,3
5660,91,12,RANGED,808,819,824,424,806,806,806,806,0,3,2,3,3
5661,91,12,RANGED,808,819,824,424,806,806,806,806,0,3,2,3,3
5662,91,12,RANGED,808,819,824,424,806,806,806,806,0,3,2,3,3
5663,91,12,RANGED,808,819,824,424,806,806,806,806,0,3,2,3,3
5664,91,12,RANGED,808,819,824,424,806,806,806,806,0,3,2,3,3
5665,91,12,RANGED,808,819,824,424,806,806,806,806,0,3,2,3,3
5666,91,12,RANGED,808,819,824,424,806,806,806,806,0,3,2,3,3
5667,91,12,RANGED,808,819,824,424,806,806,806,806,0,3,2,3,3
5668,89,12,MELEE,808,819,824,424,400,400,400,400,0,4,4,4,4
5670,89,12,MELEE,808,819,824,424,400,400,400,400,0,4,4,4,4
5672,89,12,MELEE,808,819,824,424,400,400,400,400,0,4,4,4,4
5674,89,12,MELEE,808,819,824,424,400,400,400,400,0,4,4,4,4
5676,89,12,MELEE,808,819,824,424,400,400,400,400,0,4,4,4,4
5678,89,12,MELEE,808,819,824,424,400,400,400,400,0,4,4,4,4
5682,89,12,MELEE,808,819,824,424,400,400,400,400,0,4,4,4,4
5684,89,12,MELEE,808,819,824,424,400,400,400,400,0,4,4,4,4
5686,89,12,MELEE,808,819,824,424,400,400,400,400,0,4,4,4,4
5688,89,12,MELEE,808,819,824,424,400,400,400,400,0,4,4,4,4
5690,89,12,MELEE,808,819,824,424,400,400,400,400,0,4,4,4,4
5692,89,12,MELEE,808,819,824,424,400,400,400,400,0,4,4,4,4
5694,89,12,MELEE,808,819,824,424,400,400,400,400,0,4,4,4,4
5696,89,12,MELEE,808,819,824,424,400,400,400,400,0,4,4,4,4
5700,89,12,MELEE,808,819,824,424,400,400,400,400,0,4,4,4,4
5702,89,12,MELEE,808,819,824,424,400,400,400,400,0,4,4,4,4
5704,87,10,MELEE,809,1146,1210,424,422,423,422,422,0,5,5,5,5
5706,87,10,MELEE,809,1146,1210,424,422,423,422,422,0,5,5,5,5
5708,87,10,MELEE,809,1146,1210,424,422,423,422,422,0,5,5,5,5
5710,87,10,MELEE,809,1146,1210,424,422,423,422,422,0,5,5,5,5
5712,87,10,MELEE,809,1146,1210,424,422,423,422,422,0,5,5,5,5
5714,87,10,MELEE,809,1146,1210,424,422,423,422,422,0,5,5,5,5
5716,87,10,MELEE,809,1146,1210,424,422,423,422,422,0,5,5,5,5
5718,87,10,MELEE,809,1146,1210,424,422,423,422,422,0,5,5,5,5
5720,87,10,MELEE,809,1146,1210,424,422,423,422,422,0,5,5,5,5
5722,87,10,MELEE,809,1146,1210,424,422,423,422,422,0,5,5,5,5
5724,87,10,MELEE,809,1146,1210,424,422,423,422,422,0,5,5,5,5
5726,87,10,MELEE,809,1146,1210,424,422,423,422,422,0,5,5,5,5
5728,87,10,MELEE,809,1146,1210,424,422,423,422,422,0,5,5,5,5
5730,87,10,MELEE,809,1146,1210,424,2080,2081,2080,2080,0,5,5,5,5
5733,4679,4682,MELEE,0,1146,1210,-1,4603,4603,4603,4603,0,7,7,7,7
5734,87,10,MELEE,809,1146,1210,424,422,423,422,422,0,5,5,5,5
5736,87,10,MELEE,809,1146,1210,424,422,423,422,422,0,5,5,5,5
6082,88,12,MELEE,808,819,824,424,422,423,422,422,0,5,5,5,5
6215,88,12,MELEE,808,819,824,424,422,423,422,422,0,5,5,5,5
6217,88,12,MELEE,808,819,824,424,422,423,422,422,0,5,5,5,5
6219,88,12,MELEE,808,819,824,424,422,423,422,422,0,5,5,5,5
6221,88,12,MELEE,808,819,824,424,422,423,422,422,0,5,5,5,5
6223,88,12,MELEE,808,819,824,424,422,423,422,422,0,5,5,5,5
6225,88,12,MELEE,808,819,824,424,422,423,422,422,0,5,5,5,5
6227,88,12,MELEE,808,819,824,424,422,423,422,422,0,5,5,5,5
6229,88,12,MELEE,808,819,824,424,422,423,422,422,0,5,5,5,5
6231,88,12,MELEE,808,819,824,424,422,423,422,422,0,5,5,5,5
6233,88,12,MELEE,808,819,824,424,422,423,422,422,0,5,5,5,5
6235,88,12,MELEE,808,819,824,424,422,423,422,422,0,5,5,5,5
6237,88,12,MELEE,808,819,824,424,422,423,422,422,0,5,5,5,5
6239,88,12,MELEE,808,819,824,424,422,423,422,422,0,5,5,5,5
6241,88,12,MELEE,808,819,824,424,422,423,422,422,0,5,5,5,5
6243,88,12,MELEE,808,819,824,424,422,423,422,422,0,5,5,5,5
6245,88,12,MELEE,808,819,824,424,422,423,422,422,0,5,5,5,5
6247,88,12,MELEE,808,819,824,424,422,423,422,422,0,5,5,5,5
6249,88,12,MELEE,808,819,824,424,422,423,422,422,0,5,5,5,5
6251,88,12,MELEE,808,819,824,424,422,423,422,422,0,5,5,5,5
6253,88,12,MELEE,808,819,824,424,422,423,422,422,0,5,5,5,5
6255,88,12,MELEE,808,819,824,424,422,423,422,422,0,5,5,5,5
6257,88,12,MELEE,808,819,824,424,422,423,422,422,0,5,5,5,5
6259,88,12,MELEE,808,819,824,424,422,423,422,422,0,5,5,5,5
6261,88,12,MELEE,808,819,824,424,422,423,422,422,0,5,5,5,5
6263,88,12,MELEE,808,819,824,424,422,423,422,422,0,5,5,5,5
6265,88,12,MELEE,808,819,824,424,422,423,422,422,0,5,5,5,5
6267,88,12,MELEE,808,819,824,424,422,423,422,422,0,5,5,5,5
6269,88,12,MELEE,808,819,824,424,422,423,422,422,0,5,5,5,5
6271,88,12,MELEE,808,819,824,424,422,423,422,422,0,5,5,5,5
6273,88,12,MELEE,808,819,824,424,422,423,422,422,0,5,5,5,5
6275,88,12,MELEE,808,819,824,424,422,423,422,422,0,5,5,5,5
6277,88,12,MELEE,808,819,824,424,422,423,422,422,0,5,5,5,5
6279,88,12,MELEE,808,819,824,424,422,423,422,422,0,5,5,5,5
6313,88,12,MELEE,808,819,824,424,422,423,422,422,0,5,5,5,5
6315,88,12,MELEE,808,819,824,424,422,423,422,422,0,5,5,5,5
6317,88,12,MELEE,808,819,824,424,422,423,422,422,0,5,5,5,5
6408,88,12,MELEE,808,819,824,424,422,423,422,422,0,5,5,5,5
6410,88,12,MELEE,808,819,824,424,422,423,422,422,0,5,5,5,5
6412,88,12,MELEE,808,819,824,424,422,423,422,422,0,5,5,5,5
6414,88,12,MELEE,808,819,824,424,422,423,422,422,0,5,5,5,5
6416,88,12,MELEE,808,819,824,424,422,423,422,422,0,5,5,5,5
6418,88,12,MELEE,808,819,824,424,422,423,422,422,0,5,5,5,5
6420,88,12,MELEE,808,819,824,424,422,423,422,422,0,5,5,5,5
6522,91,12,RANGED,808,819,824,424,3353,3353,3353,3353,0,4,3,4,4
6523,88,12,MELEE,808,819,824,424,422,423,422,422,0,4,4,4,4
6524,-1,-1,MELEE,808,819,824,1156,422,423,422,422,0,5,5,5,5
6525,88,12,MELEE,808,819,824,424,422,423,422,422,0,4,4,4,4
6526,85,10,MELEE,808,819,824,424,422,423,422,422,0,6,6,6,6
6527,88,12,MELEE,808,819,824,424,422,423,422,422,0,5,5,5,5
6528,88,12,MELEE,2065,2064,1664,1666,2661,2661,2661,2661,0,7,7,7,7
6541,88,12,MELEE,808,819,824,424,422,423,422,422,0,5,5,5,5
6562,90,10,MELEE,813,1146,1210,420,393,393,393,393,0,4,4,4,4
6563,90,10,MELEE,813,1146,1210,420,393,393,393,393,0,4,4,4,4
6589,75,10,MELEE,808,819,824,424,422,423,422,422,0,6,6,6,6
6591,89,12,MELEE,808,819,824,424,400,400,400,400,0,4,4,4,4
6593,89,12,MELEE,808,819,824,424,400,400,400,400,0,4,4,4,4
6595,89,12,MELEE,808,819,824,424,400,400,400,400,0,4,4,4,4
6597,89,12,MELEE,808,819,824,424,400,400,400,400,0,4,4,4,4
6599,84,8463,MELEE,809,1146,1210,424,440,440,440,440,0,5,5,5,5
6601,3796,3799,MELEE,808,819,824,424,422,423,422,422,0,5,5,5,5
6603,90,10,MELEE,809,1146,1210,424,422,423,422,422,0,4,4,4,4
6605,89,12,MELEE,808,819,824,424,422,423,422,422,0,4,4,4,4
6607,89,12,MELEE,808,819,824,424,451,451,451,451,0,5,5,5,5
6609,89,12,MELEE,7047,7046,7039,424,7041,7048,7041,7041,0,7,7,7,7
6611,89,12,MELEE,808,819,824,12030,12029,12029,12029,12028,0,4,4,4,4
6613,76,10,MELEE,808,819,824,424,422,423,422,422,0,6,6,6,6
6631,88,12,MELEE,808,819,824,424,422,423,422,422,0,5,5,5,5
6724,88,10,RANGED,808,819,824,424,422,423,422,422,0,5,4,5,5
6739,75,12,MELEE,808,819,824,403,1833,1833,1833,1833,0,5,5,5,5
6741,88,12,MELEE,808,819,824,424,422,423,422,422,0,5,5,5,5
6745,88,12,MELEE,808,819,824,424,422,423,422,422,0,5,5,5,5
6746,88,12,MELEE,808,819,824,424,422,423,422,422,0,5,5,5,5
6760,88,12,MELEE,808,819,824,424,422,423,422,422,0,5,5,5,5
6762,88,12,MELEE,808,819,824,424,422,423,422,422,0,5,5,5,5
6764,88,12,MELEE,808,819,824,424,422,423,422,422,0,5,5,5,5
6773,88,12,MELEE,808,819,824,424,422,423,422,422,0,5,5,5,5
6774,88,12,MELEE,808,819,824,424,422,423,422,422,0,5,5,5,5
6775,88,12,MELEE,808,819,824,424,422,423,422,422,0,5,5,5,5
6776,88,12,MELEE,808,819,824,424,422,423,422,422,0,5,5,5,5
6777,88,12,MELEE,808,819,824,424,422,423,422,422,0,5,5,5,5
6778,88,12,MELEE,808,819,824,424,422,423,422,422,0,5,5,5,5
6779,88,12,MELEE,808,819,824,424,422,423,422,422,0,5,5,5,5
6818,89,12,RANGED,808,819,824,424,422,423,422,422,0,4,4,4,4
6889,88,12,MELEE,808,819,824,404,422,423,422,422,0,5,5,5,5
6897,89,12,MELEE,808,819,824,424,451,451,451,451,0,5,5,5,5
6908,90,10,MELEE,813,1146,1210,420,422,423,422,422,0,5,5,5,5
6910,90,10,MELEE,813,1146,1210,420,422,423,422,422,0,5,5,5,5
6912,90,10,MELEE,813,1146,1210,420,422,423,422,422,0,5,5,5,5
6914,85,10,MELEE,813,1146,1210,420,393,393,393,393,0,5,5,5,5
7051,88,12,MELEE,808,819,824,424,422,423,422,422,0,5,5,5,5
7053,88,12,MELEE,808,819,824,424,422,423,422,422,0,5,5,5,5
7140,88,12,MELEE,808,819,824,424,422,423,422,422,0,5,5,5,5
7141,88,12,MELEE,808,819,824,424,422,423,422,422,0,5,5,5,5
7142,88,12,MELEE,808,819,824,424,422,423,422,422,0,4,4,4,4
7170,88,12,MELEE,808,819,824,424,422,423,422,422,0,5,5,5,5
7409,88,12,MELEE,808,819,824,424,422,423,422,422,0,5,5,5,5
7414,88,12,MELEE,808,819,824,424,422,423,422,422,0,5,5,5,5
7433,88,12,MELEE,808,819,824,424,422,423,422,422,0,5,5,5,5
7435,88,12,MELEE,808,819,824,424,422,423,422,422,0,5,5,5,5
7437,88,12,MELEE,808,819,824,424,422,423,422,422,0,5,5,5,5
7439,88,12,MELEE,808,819,824,424,422,423,422,422,0,5,5,5,5
7441,88,12,MELEE,808,819,824,424,422,423,422,422,0,5,5,5,5
7443,88,12,MELEE,808,819,824,424,422,423,422,422,0,5,5,5,5
7445,88,12,MELEE,808,819,824,424,422,423,422,422,0,5,5,5,5
7447,91,12,RANGED,808,819,824,424,806,806,806,806,0,3,2,3,3
7449,88,12,MELEE,808,819,824,424,422,423,422,422,0,5,5,5,5
7451,88,12,MELEE,808,819,824,424,422,423,422,422,0,5,5,5,5
7639,88,12,MELEE,808,819,824,424,422,423,422,422,0,5,5,5,5
7640,88,12,MELEE,808,819,824,424,422,423,422,422,0,5,5,5,5
7641,88,12,MELEE,808,819,824,424,422,423,422,422,0,5,5,5,5
7642,88,12,MELEE,808,819,824,424,422,423,422,422,0,5,5,5,5
7643,88,12,MELEE,808,819,824,424,422,423,422,422,0,5,5,5,5
7644,88,12,MELEE,808,819,824,424,422,423,422,422,0,5,5,5,5
7645,88,12,MELEE,808,819,824,424,422,423,422,422,0,5,5,5,5
7646,88,12,MELEE,808,819,824,424,422,423,422,422,0,5,5,5,5
7647,88,12,MELEE,808,819,824,424,422,423,422,422,0,5,5,5,5
7648,88,12,MELEE,808,819,824,424,422,423,422,422,0,5,5,5,5
7668,88,12,MELEE,808,819,824,424,422,423,422,422,0,5,5,5,5
7675,89,12,MELEE,808,819,824,424,422,423,422,422,0,4,4,4,4
7676,88,12,MELEE,808,819,824,424,422,423,422,422,0,5,5,5,5
7804,88,12,MELEE,808,819,824,424,422,423,422,422,0,5,5,5,5
7806,89,12,MELEE,808,819,824,424,422,423,422,422,0,4,4,4,4
7807,75,10,MELEE,808,819,824,424,422,423,422,422,0,6,6,6,6
7808,3796,3799,MELEE,808,819,824,424,422,423,422,422,0,5,5,5,5
7809,87,10,MELEE,809,1146,1210,424,422,423,422,422,0,5,5,5,5
7952,88,12,MELEE,808,819,824,424,422,423,422,422,0,5,5,5,5
8650,88,12,MELEE,808,819,824,424,422,423,422,422,0,5,5,5,5
8652,88,12,MELEE,808,819,824,424,422,423,422,422,0,5,5,5,5
8654,88,12,MELEE,808,819,824,424,422,423,422,422,0,5,5,5,5
8656,88,12,MELEE,808,819,824,424,422,423,422,422,0,5,5,5,5
8658,88,12,MELEE,808,819,824,424,422,423,422,422,0,5,5,5,5
8660,88,12,MELEE,808,819,824,424,422,423,422,422,0,5,5,5,5
8662,88,12,MELEE,808,819,824,424,422,423,422,422,0,5,5,5,5
8664,88,12,MELEE,808,819,824,424,422,423,422,422,0,5,5,5,5
8666,88,12,MELEE,808,819,824,424,422,423,422,422,0,5,5,5,5
8668,88,12,MELEE,808,819,824,424,422,423,422,422,0,5,5,5,5
8670,88,12,MELEE,808,819,824,424,422,423,422,422,0,5,5,5,5
8672,88,12,MELEE,808,819,824,424,422,423,422,422,0,5,5,5,5
8674,88,12,MELEE,808,819,824,424,422,423,422,422,0,5,5,5,5
8676,88,12,MELEE,808,819,824,424,422,423,422,422,0,5,5,5,5
8678,88,12,MELEE,808,819,824,424,422,423,422,422,0,5,5,5,5
8680,88,12,MELEE,808,819,824,424,422,423,422,422,0,5,5,5,5
8841,3796,3799,MELEE,808,819,824,424,422,423,422,422,0,5,5,5,5
8844,0,0,MELEE,0,0,0,4177,-1,-1,-1,-1,0,0,0,0,0
8845,0,0,MELEE,0,0,0,4177,-1,-1,-1,-1,0,0,0,0,0
8846,0,0,MELEE,0,0,0,4177,-1,-1,-1,-1,0,0,0,0,0
8847,0,0,MELEE,0,0,0,4177,-1,-1,-1,-1,0,0,0,0,0
8848,0,0,MELEE,0,0,0,4177,-1,-1,-1,-1,0,0,0,0,0
8849,0,0,MELEE,0,0,0,4177,-1,-1,-1,-1,0,0,0,0,0
8850,0,0,MELEE,0,0,0,4177,-1,-1,-1,-1,0,0,0,0,0
8856,88,12,MELEE,808,819,824,424,422,423,422,422,0,5,5,5,5
8871,88,12,MELEE,808,819,824,424,422,423,422,422,0,5,5,5,5
8872,89,12,MELEE,808,819,824,424,400,400,400,400,0,4,4,4,4
8874,89,12,MELEE,808,819,824,424,400,400,400,400,0,4,4,4,4
8876,89,12,MELEE,808,819,824,424,400,400,400,400,0,4,4,4,4
8878,89,12,MELEE,808,819,824,424,400,400,400,400,0,4,4,4,4
8880,77,10,RANGED,808,819,824,424,4230,4230,4230,4230,0,4,3,4,4
8966,88,12,MELEE,808,819,824,424,422,423,422,422,0,5,5,5,5
8967,88,12,MELEE,808,819,824,424,422,423,422,422,0,5,5,5,5
8968,88,12,MELEE,808,819,824,424,422,423,422,422,0,5,5,5,5
8969,88,12,MELEE,808,819,824,424,422,423,422,422,0,5,5,5,5
8970,88,12,MELEE,808,819,824,424,422,423,422,422,0,5,5,5,5
8971,88,12,MELEE,808,819,824,424,422,423,422,422,0,5,5,5,5
9013,88,12,MELEE,808,819,824,424,422,423,422,422,0,5,5,5,5
9044,88,12,MELEE,808,819,824,424,422,423,422,422,0,5,5,5,5
9046,88,12,MELEE,808,819,824,424,422,423,422,422,0,5,5,5,5
9048,88,12,MELEE,808,819,824,424,422,423,422,422,0,5,5,5,5
9050,88,12,MELEE,808,819,824,424,422,423,422,422,0,5,5,5,5
9084,90,10,MELEE,813,1146,1210,420,422,423,422,422,0,4,4,4,4
9091,90,10,MELEE,809,1146,1210,424,422,423,422,422,0,4,4,4,4
9092,90,10,MELEE,809,1146,1210,424,422,423,422,422,0,4,4,4,4
9093,90,10,MELEE,809,1146,1210,424,422,423,422,422,0,4,4,4,4
9140,0,0,MELEE,0,0,0,0,-1,-1,-1,-1,0,0,0,0,0
9141,0,0,MELEE,0,0,0,0,-1,-1,-1,-1,0,0,0,0,0
9142,0,0,MELEE,0,0,0,0,-1,-1,-1,-1,0,0,0,0,0
9143,0,0,MELEE,0,0,0,0,-1,-1,-1,-1,0,0,0,0,0
9144,0,0,MELEE,0,0,0,0,-1,-1,-1,-1,0,0,0,0,0
9145,0,0,MELEE,0,0,0,0,-1,-1,-1,-1,0,0,0,0,0
9174,77,10,RANGED,808,819,824,424,4230,4230,4230,4230,0,4,3,4,4
9176,77,10,RANGED,808,819,824,424,4230,4230,4230,4230,0,4,3,4,4
9177,77,10,RANGED,808,819,824,424,4230,4230,4230,4230,0,4,3,4,4
9179,77,10,RANGED,808,819,824,424,4230,4230,4230,4230,0,4,3,4,4
9181,77,10,RANGED,808,819,824,424,4230,4230,4230,4230,0,4,3,4,4
9183,77,10,RANGED,808,819,824,424,4230,4230,4230,4230,0,4,3,4,4
9185,79,10,RANGED,4591,4226,4228,424,4230,4230,4230,4230,0,6,5,6,6
9236,0,0,MELEE,0,0,0,0,-1,-1,-1,-1,0,0,0,0,0
9237,0,0,MELEE,0,0,0,0,-1,-1,-1,-1,0,0,0,0,0
9238,0,0,MELEE,0,0,0,0,-1,-1,-1,-1,0,0,0,0,0
9239,0,0,MELEE,0,0,0,0,-1,-1,-1,-1,0,0,0,0,0
9240,0,0,MELEE,0,0,0,0,-1,-1,-1,-1,0,0,0,0,0
9241,0,0,MELEE,0,0,0,0,-1,-1,-1,-1,0,0,0,0,0
9242,0,0,MELEE,0,0,0,0,-1,-1,-1,-1,0,0,0,0,0
9243,0,0,MELEE,0,0,0,0,-1,-1,-1,-1,0,0,0,0,0
9244,0,0,MELEE,0,0,0,0,-1,-1,-1,-1,0,0,0,0,0
9245,0,0,MELEE,0,0,0,0,-1,-1,-1,-1,0,0,0,0,0
9419,88,12,MELEE,808,819,824,424,422,423,422,422,0,5,5,5,5
9665,88,12,MELEE,808,819,824,424,422,423,422,422,0,5,5,5,5
9702,88,12,MELEE,808,819,824,424,422,423,422,422,0,5,5,5,5
9703,89,12,MELEE,808,819,824,424,422,423,422,422,0,4,4,4,4
9705,77,10,RANGED,808,819,824,424,422,423,422,422,0,5,5,5,5
9731,88,12,MELEE,808,819,824,424,422,423,422,422,0,5,5,5,5
9906,88,12,MELEE,808,819,824,424,422,423,422,422,0,5,5,5,5
9907,88,12,MELEE,808,819,824,424,422,423,422,422,0,5,5,5,5
9908,88,12,MELEE,808,819,824,424,422,423,422,422,0,5,5,5,5
9909,88,12,MELEE,808,819,824,424,422,423,422,422,0,5,5,5,5
9910,88,12,MELEE,808,819,824,424,422,423,422,422,0,5,5,5,5
9911,88,12,MELEE,808,819,824,424,422,423,422,422,0,5,5,5,5
10010,88,12,MELEE,808,819,824,424,422,423,422,422,0,5,5,5,5
10033,88,12,MELEE,808,819,824,424,422,423,422,422,0,5,5,5,5
10129,88,12,MELEE,808,819,824,424,422,423,422,422,0,5,5,5,5
10142,88,12,MELEE,808,819,824,424,422,423,422,422,0,5,5,5,5
10143,88,12,MELEE,808,819,824,424,422,423,422,422,0,5,5,5,5
10144,88,12,MELEE,808,819,824,424,422,423,422,422,0,5,5,5,5
10145,88,12,MELEE,808,819,824,424,422,423,422,422,0,5,5,5,5
10146,88,12,RANGED,808,819,824,424,422,423,422,422,0,5,5,5,5
10147,88,12,RANGED,808,819,824,424,422,423,422,422,0,5,5,5,5
10148,88,12,RANGED,808,819,824,424,422,423,422,422,0,5,5,5,5
10149,88,12,MELEE,808,819,824,424,422,423,422,422,0,5,5,5,5
10150,90,10,MELEE,809,1146,1210,424,422,423,422,422,0,5,5,5,5
10156,77,10,RANGED,808,819,824,424,4230,4230,4230,4230,0,4,3,4,4
10280,77,10,RANGED,808,819,824,424,422,423,422,422,0,5,5,5,5
10282,77,10,RANGED,808,819,824,424,422,423,422,422,0,5,5,5,5
10284,77,10,RANGED,808,819,824,424,422,423,422,422,0,5,5,5,5
10352,88,12,MELEE,808,819,824,424,422,423,422,422,0,5,5,5,5
10440,88,12,MELEE,808,819,824,424,422,423,422,422,0,5,5,5,5
10442,88,12,MELEE,808,819,824,424,422,423,422,422,0,5,5,5,5
10444,88,12,MELEE,808,819,824,424,422,423,422,422,0,5,5,5,5
10487,88,12,MELEE,808,819,824,424,422,423,422,422,0,5,5,5,5
10491,88,12,MELEE,808,819,824,424,422,423,422,422,0,5,5,5,5
10501,88,12,MELEE,808,819,824,424,422,423,422,422,0,5,5,5,5
10581,88,12,MELEE,808,819,824,424,422,423,422,422,0,5,5,5,5
10582,88,12,MELEE,808,819,824,424,422,423,422,422,0,5,5,5,5
10583,88,12,MELEE,808,819,824,424,422,423,422,422,0,5,5,5,5
10584,88,12,MELEE,808,819,824,424,422,423,422,422,0,5,5,5,5
10732,88,12,MELEE,808,819,824,424,422,423,422,422,0,5,5,5,5
10735,88,12,MELEE,808,819,824,424,422,423,422,422,0,5,5,5,5
10826,88,12,MELEE,808,819,824,424,422,423,422,422,0,5,5,5,5
10840,88,12,MELEE,808,819,824,424,422,423,422,422,0,5,5,5,5
10858,89,12,MELEE,808,819,824,424,422,423,422,422,0,4,4,4,4
11037,88,12,MELEE,808,819,824,424,422,423,422,422,0,5,5,5,5
11061,3796,3799,MELEE,808,819,824,424,422,423,422,422,0,5,5,5,5
11165,77,10,RANGED,808,819,824,424,4230,4230,4230,4230,0,4,3,4,4
11167,77,10,RANGED,808,819,824,424,4230,4230,4230,4230,0,4,3,4,4
11212,0,0,MELEE,0,0,0,0,-1,-1,-1,-1,0,0,0,0,0
11231,91,12,RANGED,808,819,824,424,806,806,806,806,0,3,2,3,3
11233,91,12,RANGED,808,819,824,424,806,806,806,806,0,3,2,3,3
11234,91,12,RANGED,808,819,824,424,806,806,806,806,0,3,2,3,3
11259,88,12,MELEE,808,819,824,424,422,423,422,422,0,5,5,5,5
11283,0,0,MELEE,0,0,0,1156,-1,-1,-1,-1,0,0,0,0,0
11367,88,12,MELEE,808,819,824,424,422,423,422,422,0,5,5,5,5
11369,88,12,MELEE,808,819,824,424,422,423,422,422,0,5,5,5,5
11371,88,12,MELEE,808,819,824,424,422,423,422,422,0,5,5,5,5
11373,88,12,MELEE,808,819,824,424,422,423,422,422,0,5,5,5,5
11375,88,12,MELEE,808,819,824,424,422,423,422,422,0,5,5,5,5
11377,88,12,MELEE,808,819,824,424,422,423,422,422,0,5,5,5,5
11379,88,12,MELEE,808,819,824,424,422,423,422,422,0,5,5,5,5
11381,88,12,MELEE,808,819,824,424,422,423,422,422,0,5,5,5,5
11382,88,12,MELEE,808,819,824,424,422,423,422,422,0,5,5,5,5
11384,88,12,MELEE,808,819,824,424,422,423,422,422,0,5,5,5,5
11386,88,12,MELEE,808,819,824,424,422,423,422,422,0,5,5,5,5
11388,88,12,MELEE,808,819,824,424,422,423,422,422,0,5,5,5,5
11389,88,12,MELEE,808,819,824,424,422,423,422,422,0,5,5,5,5
11391,88,12,MELEE,808,819,824,424,422,423,422,422,0,5,5,5,5
11393,88,12,MELEE,808,819,824,424,422,423,422,422,0,5,5,5,5
11395,88,12,MELEE,808,819,824,424,422,423,422,422,0,5,5,5,5
11396,88,12,MELEE,808,819,824,424,422,423,422,422,0,5,5,5,5
11398,88,12,MELEE,808,819,824,424,422,423,422,422,0,5,5,5,5
11400,88,12,MELEE,808,819,824,424,422,423,422,422,0,5,5,5,5
11402,88,12,MELEE,808,819,824,424,422,423,422,422,0,5,5,5,5
11403,88,12,MELEE,808,819,824,424,422,423,422,422,0,5,5,5,5
11405,88,12,MELEE,808,819,824,424,422,423,422,422,0,5,5,5,5
11407,88,12,MELEE,808,819,824,424,422,423,422,422,0,5,5,5,5
11409,88,12,MELEE,808,819,824,424,422,423,422,422,0,5,5,5,5
11410,88,12,MELEE,808,819,824,424,422,423,422,422,0,5,5,5,5
11412,88,12,MELEE,808,819,824,424,422,423,422,422,0,5,5,5,5
11414,88,12,MELEE,808,819,824,424,422,423,422,422,0,5,5,5,5
11416,88,12,MELEE,808,819,824,424,422,423,422,422,0,5,5,5,5
11417,88,12,MELEE,808,819,824,424,422,423,422,422,0,5,5,5,5
11419,88,12,MELEE,808,819,824,424,422,423,422,422,0,5,5,5,5
11736,90,10,MELEE,809,1146,1210,424,422,423,422,422,0,4,4,4,4
11738,90,10,MELEE,809,1146,1210,424,422,423,422,422,0,4,4,4,4
11951,88,12,MELEE,808,819,824,424,422,423,422,422,0,5,5,5,5
12570,88,12,MELEE,808,819,824,424,422,423,422,422,0,5,5,5,5
12578,88,12,MELEE,808,819,824,424,422,423,422,422,0,5,5,5,5
12579,88,12,MELEE,808,819,824,424,422,423,422,422,0,5,5,5,5
12580,88,12,MELEE,808,819,824,424,422,423,422,422,0,5,5,5,5
12607,88,12,MELEE,808,819,824,424,422,423,422,422,0,5,5,5,5
12844,88,12,MELEE,808,819,824,424,422,423,422,422,0,5,5,5,5
12845,88,12,MELEE,808,819,824,424,422,423,422,422,0,5,5,5,5
12846,88,12,MELEE,808,819,824,424,422,423,422,422,0,5,5,5,5
12847,88,12,MELEE,808,819,824,424,422,423,422,422,0,5,5,5,5
12848,88,12,MELEE,808,819,824,424,422,423,422,422,0,5,5,5,5
12849,88,12,MELEE,808,819,824,424,422,423,422,422,0,5,5,5,5
12908,88,12,MELEE,808,819,824,424,422,423,422,422,0,5,5,5,5
12909,88,12,MELEE,808,819,824,424,422,423,422,422,0,5,5,5,5
12910,88,12,MELEE,808,819,824,424,422,423,422,422,0,5,5,5,5
12911,88,12,MELEE,808,819,824,424,422,423,422,422,0,5,5,5,5
12912,88,12,MELEE,808,819,824,424,422,423,422,422,0,5,5,5,5
12913,88,12,MELEE,808,819,824,424,422,423,422,422,0,5,5,5,5
12922,88,12,MELEE,808,819,824,424,422,423,422,422,0,5,5,5,5
12923,88,12,MELEE,808,819,824,424,422,423,422,422,0,5,5,5,5
12924,88,12,MELEE,808,819,824,424,422,423,422,422,0,5,5,5,5
12925,88,12,MELEE,808,819,824,424,422,423,422,422,0,5,5,5,5
12926,88,12,MELEE,808,819,824,424,422,423,422,422,0,5,5,5,5
11716,84,10,MELEE,809,1146,1210,420,2080,2080,2080,2080,25,5,5,5,5
12927,88,12,MELEE,808,819,824,424,422,423,422,422,0,5,5,5,5
13081,77,10,RANGED,808,819,824,424,4230,4230,4230,4230,0,4,3,4,4
13095,88,12,MELEE,808,819,824,424,422,423,422,422,0,5,5,5,5
13097,88,12,MELEE,808,819,824,424,422,423,422,422,0,5,5,5,5
13099,88,12,MELEE,808,819,824,424,422,423,422,422,0,5,5,5,5
13117,88,12,MELEE,808,819,824,424,422,423,422,422,0,5,5,5,5
13118,88,12,MELEE,808,819,824,424,422,423,422,422,0,5,5,5,5
13119,88,12,MELEE,808,819,824,424,422,423,422,422,0,5,5,5,5
13120,88,12,MELEE,808,819,824,424,422,423,422,422,0,5,5,5,5
13121,88,12,MELEE,808,819,824,424,422,423,422,422,0,5,5,5,5
13122,88,12,MELEE,808,819,824,424,422,423,422,422,0,5,5,5,5
13123,88,12,MELEE,808,819,824,424,422,423,422,422,0,5,5,5,5
13124,88,12,MELEE,808,819,824,424,422,423,422,422,0,5,5,5,5
13125,88,12,MELEE,808,819,824,424,422,423,422,422,0,5,5,5,5
13126,88,12,MELEE,808,819,824,424,422,423,422,422,0,5,5,5,5
13127,88,12,MELEE,808,819,824,424,422,423,422,422,0,5,5,5,5
13128,88,12,MELEE,808,819,824,424,422,423,422,422,0,5,5,5,5
13129,88,12,MELEE,808,819,824,424,422,423,422,422,0,5,5,5,5
13130,88,12,MELEE,808,819,824,424,422,423,422,422,0,5,5,5,5
13131,88,12,MELEE,808,819,824,424,422,423,422,422,0,5,5,5,5
13132,88,12,MELEE,808,819,824,424,422,423,422,422,0,5,5,5,5
13133,88,12,MELEE,808,819,824,424,422,423,422,422,0,5,5,5,5
13134,88,12,MELEE,808,819,824,424,422,423,422,422,0,5,5,5,5
13135,88,12,MELEE,808,819,824,424,422,423,422,422,0,5,5,5,5
13136,88,12,MELEE,808,819,824,424,422,423,422,422,0,5,5,5,5
13137,88,12,MELEE,808,819,824,424,422,423,422,422,0,5,5,5,5
13138,88,12,MELEE,808,819,824,424,422,423,422,422,0,5,5,5,5
13139,88,12,MELEE,808,819,824,424,422,423,422,422,0,5,5,5,5
13140,88,12,MELEE,808,819,824,424,422,423,422,422,0,5,5,5,5
13141,88,12,MELEE,808,819,824,424,422,423,422,422,0,5,5,5,5
13142,88,12,MELEE,808,819,824,424,422,423,422,422,0,5,5,5,5
13143,88,12,MELEE,808,819,824,424,422,423,422,422,0,5,5,5,5
13144,88,12,MELEE,808,819,824,424,422,423,422,422,0,5,5,5,5
13145,88,12,MELEE,808,819,824,424,422,423,422,422,0,5,5,5,5
13146,88,12,MELEE,808,819,824,424,422,423,422,422,0,5,5,5,5
13155,88,12,MELEE,808,819,824,424,422,423,422,422,0,5,5,5,5
13156,88,12,MELEE,808,819,824,424,422,423,422,422,0,5,5,5,5
13163,88,12,MELEE,808,819,824,424,422,423,422,422,0,5,5,5,5
13164,88,12,MELEE,808,819,824,424,422,423,422,422,0,5,5,5,5
13165,88,12,MELEE,808,819,824,424,422,423,422,422,0,5,5,5,5
13230,88,12,MELEE,808,819,824,424,422,423,422,422,0,5,5,5,5
13290,89,12,MELEE,808,819,824,424,422,423,422,422,0,4,4,4,4
13405,77,10,RANGED,808,819,824,424,422,423,422,422,0,9,8,9,9
13406,90,10,MELEE,809,1146,1210,424,422,423,422,422,0,4,4,4,4
13430,89,12,MELEE,7047,7046,7039,424,7041,7048,7041,7041,0,7,7,7,7
13451,89,12,MELEE,7047,7046,7039,424,7041,7048,7041,7041,0,4,4,4,4
13454,87,10,MELEE,809,1146,1210,424,422,423,422,422,0,5,5,5,5
13461,89,12,MELEE,7047,7046,7039,424,422,423,422,422,0,4,4,4,4
13469,88,12,MELEE,808,819,824,424,422,423,422,422,0,5,5,5,5
13470,88,12,MELEE,808,819,824,424,422,423,422,422,0,5,5,5,5
13471,75,10,MELEE,808,819,824,424,422,423,422,422,0,6,6,6,6
13472,75,10,MELEE,808,819,824,424,422,423,422,422,0,6,6,6,6
13473,76,10,MELEE,808,819,824,424,422,423,422,422,0,6,6,6,6
13474,89,12,MELEE,808,819,824,424,451,451,451,451,0,5,5,5,5
13476,89,12,MELEE,808,819,824,12030,12029,12029,12029,12028,0,4,4,4,4
13478,84,8463,MELEE,809,1146,1210,424,440,440,440,440,0,5,5,5,5
13480,75,10,MELEE,808,819,824,424,422,423,422,422,0,5,5,5,5
13506,88,12,MELEE,808,819,824,424,422,423,422,422,0,5,5,5,5
13523,77,10,RANGED,808,819,824,424,422,423,422,422,0,6,6,6,6
13524,77,10,RANGED,808,819,824,424,422,423,422,422,0,4,3,4,4
13525,77,10,RANGED,808,819,824,424,422,423,422,422,0,6,6,6,6
13526,77,10,RANGED,808,819,824,424,422,423,422,422,0,4,3,4,4
13529,88,10,RANGED,808,819,824,424,422,423,422,422,0,5,4,5,5
13530,77,10,RANGED,808,819,824,424,4230,4230,4230,4230,0,4,3,4,4
13541,77,10,RANGED,808,819,824,424,422,423,422,422,0,5,5,5,5
13542,77,10,RANGED,808,819,824,424,422,423,422,422,0,5,5,5,5
13543,77,10,RANGED,808,819,824,424,422,423,422,422,0,5,5,5,5
13555,88,12,MELEE,808,819,824,424,422,423,422,422,0,5,5,5,5
13630,90,10,MELEE,8980,1146,1210,424,422,423,422,422,0,4,4,4,4
13631,90,10,MELEE,8980,1146,1210,424,422,423,422,422,0,4,4,4,4
13632,90,10,MELEE,8980,1146,1210,424,422,423,422,422,0,4,4,4,4
13633,90,10,MELEE,8980,1146,1210,424,422,423,422,422,0,4,4,4,4
13634,90,10,MELEE,8980,1146,1210,424,422,423,422,422,0,4,4,4,4
13635,90,10,MELEE,8980,1146,1210,424,422,423,422,422,0,4,4,4,4
13636,90,10,MELEE,8980,1146,1210,424,422,423,422,422,0,4,4,4,4
13637,90,10,MELEE,8980,1146,1210,424,422,423,422,422,0,4,4,4,4
13638,90,10,MELEE,8980,1146,1210,424,422,423,422,422,0,4,4,4,4
13639,90,10,MELEE,8980,1146,1210,424,422,423,422,422,0,4,4,4,4
13640,90,10,MELEE,8980,1146,1210,424,422,423,422,422,0,4,4,4,4
13641,90,10,MELEE,8980,1146,1210,424,422,423,422,422,0,4,4,4,4
13642,90,10,MELEE,8980,1146,1210,424,422,423,422,422,0,4,4,4,4
13643,88,12,MELEE,808,819,824,424,422,423,422,422,0,5,5,5,5
13644,88,12,MELEE,808,819,824,424,422,423,422,422,0,5,5,5,5
13645,88,12,MELEE,808,819,824,424,422,423,422,422,0,5,5,5,5
13646,88,12,MELEE,808,819,824,424,422,423,422,422,0,5,5,5,5
13661,88,12,MELEE,808,819,824,424,422,423,422,422,0,5,5,5,5
13666,88,12,MELEE,808,819,824,424,422,423,422,422,0,5,5,5,5
13671,88,12,MELEE,808,819,824,424,422,423,422,422,0,5,5,5,5
13676,88,12,MELEE,808,819,824,424,422,423,422,422,0,5,5,5,5
13719,77,10,RANGED,808,819,824,424,422,423,422,422,0,4,3,4,4
13720,91,12,RANGED,808,819,824,424,806,806,806,806,0,2,1,2,2
13721,75,10,MELEE,808,819,824,424,422,423,422,422,0,5,5,5,5
13765,89,12,MELEE,808,819,824,424,400,400,400,400,0,4,4,4,4
13766,89,12,MELEE,808,819,824,424,400,400,400,400,0,4,4,4,4
13767,89,12,MELEE,808,819,824,424,400,400,400,400,0,4,4,4,4
13768,89,12,MELEE,808,819,824,424,400,400,400,400,0,4,4,4,4
13769,87,10,MELEE,809,1146,1210,424,422,423,422,422,0,5,5,5,5
13770,87,10,MELEE,809,1146,1210,424,422,423,422,422,0,5,5,5,5
13771,87,10,MELEE,809,1146,1210,424,422,423,422,422,0,5,5,5,5
13772,87,10,MELEE,809,1146,1210,424,422,423,422,422,0,5,5,5,5
13773,87,10,MELEE,809,1146,1210,424,422,423,422,422,0,5,5,5,5
13774,87,10,MELEE,809,1146,1210,424,422,423,422,422,0,5,5,5,5
13775,87,10,MELEE,809,1146,1210,424,422,423,422,422,0,5,5,5,5
13776,87,10,MELEE,809,1146,1210,424,422,423,422,422,0,5,5,5,5
13777,89,12,MELEE,808,819,824,424,422,423,422,422,0,4,4,4,4
13778,89,12,MELEE,7047,7046,7039,424,7041,7048,7041,7041,0,7,7,7,7
13779,84,8463,MELEE,809,1146,1210,424,440,440,440,440,0,5,5,5,5
13780,3796,3799,MELEE,808,819,824,424,422,423,422,422,0,5,5,5,5
13787,88,12,MELEE,808,819,824,424,422,423,422,422,0,5,5,5,5
13793,88,12,MELEE,808,819,824,424,422,423,422,422,0,5,5,5,5
13867,90,10,MELEE,809,1146,1210,424,422,423,422,422,0,4,4,4,4
13869,90,10,MELEE,809,1146,1210,424,422,423,422,422,0,4,4,4,4
13879,91,12,RANGED,808,819,824,424,806,806,806,806,0,6,6,6,6
13880,91,12,RANGED,808,819,824,424,806,806,806,806,0,6,6,6,6
13881,91,12,RANGED,808,819,824,424,806,806,806,806,0,6,6,6,6
13882,91,12,RANGED,808,819,824,424,806,806,806,806,0,6,6,6,6
13883,75,10,MELEE,808,819,824,424,422,423,422,422,0,5,5,5,5
13904,76,10,MELEE,808,819,824,397,401,401,401,401,0,6,6,6,6
13905,87,10,MELEE,809,1146,1210,424,2080,2080,2080,2080,0,5,5,5,5
13907,87,10,MELEE,809,1146,1210,424,2080,2080,2080,2080,0,5,5,5,5
13929,87,10,MELEE,809,1146,1210,424,2080,2080,2080,2080,0,5,5,5,5
13931,87,10,MELEE,809,1146,1210,424,2080,2080,2080,2080,0,5,5,5,5
13941,90,10,MELEE,809,1146,1210,424,422,423,422,422,0,4,4,4,4
13943,90,10,MELEE,809,1146,1210,424,422,423,422,422,0,4,4,4,4
13953,91,12,RANGED,808,819,824,424,806,806,806,806,0,6,6,6,6
13954,91,12,RANGED,808,819,824,424,806,806,806,806,0,6,6,6,6
13955,91,12,RANGED,808,819,824,424,806,806,806,806,0,6,6,6,6
13956,91,12,RANGED,808,819,824,424,806,806,806,806,0,6,6,6,6
13957,75,10,MELEE,808,819,824,424,422,423,422,422,0,5,5,5,5
13964,88,12,MELEE,808,819,824,424,422,423,422,422,0,5,5,5,5
13966,88,12,MELEE,808,819,824,424,422,423,422,422,0,5,5,5,5
13973,75,10,MELEE,808,819,824,424,422,423,422,422,0,6,6,6,6
13975,75,10,MELEE,808,819,824,424,422,423,422,422,0,6,6,6,6
13988,87,10,MELEE,809,1146,1210,424,422,423,422,422,0,5,5,5,5
13990,87,10,MELEE,809,1146,1210,424,422,423,422,422,0,5,5,5,5
14057,88,12,MELEE,808,819,824,424,422,423,422,422,0,5,5,5,5
14097,89,12,MELEE,808,819,824,12030,12029,12029,12029,12028,0,4,4,4,4
14099,75,10,MELEE,808,819,824,424,422,423,422,422,0,5,5,5,5
14100,88,12,MELEE,808,819,824,424,422,423,422,422,0,5,5,5,5
14101,88,12,MELEE,808,819,824,424,422,423,422,422,0,5,5,5,5
14102,88,12,MELEE,808,819,824,424,422,423,422,422,0,5,5,5,5
14107,75,10,MELEE,808,819,824,424,422,423,422,422,0,5,5,5,5
14108,88,12,MELEE,808,819,824,424,422,423,422,422,0,5,5,5,5
14109,88,12,MELEE,808,819,824,424,422,423,422,422,0,5,5,5,5
14110,88,12,MELEE,808,819,824,424,422,423,422,422,0,5,5,5,5
14117,90,10,MELEE,809,1146,1210,424,422,423,422,422,0,4,4,4,4
14121,77,10,RANGED,808,819,824,424,422,423,422,422,0,5,5,5,5
14122,75,10,MELEE,808,819,824,424,422,423,422,422,0,5,5,5,5
14124,75,10,MELEE,808,819,824,424,422,423,422,422,0,5,5,5,5
14126,75,10,MELEE,808,819,824,424,422,423,422,422,0,5,5,5,5
14128,75,10,MELEE,808,819,824,424,422,423,422,422,0,5,5,5,5
14130,75,10,MELEE,808,819,824,424,422,423,422,422,0,5,5,5,5
14132,88,12,MELEE,808,819,824,424,422,423,422,422,0,5,5,5,5
14134,88,12,MELEE,808,819,824,424,422,423,422,422,0,5,5,5,5
14136,88,12,MELEE,808,819,824,424,422,423,422,422,0,5,5,5,5
14138,88,12,MELEE,808,819,824,424,422,423,422,422,0,5,5,5,5
14140,88,12,MELEE,808,819,824,424,422,423,422,422,0,5,5,5,5
14142,88,12,MELEE,808,819,824,424,422,423,422,422,0,5,5,5,5
14144,88,12,MELEE,808,819,824,424,422,423,422,422,0,5,5,5,5
14146,88,12,MELEE,808,819,824,424,422,423,422,422,0,5,5,5,5
14148,88,12,MELEE,808,819,824,424,422,423,422,422,0,5,5,5,5
14150,88,12,MELEE,808,819,824,424,422,423,422,422,0,5,5,5,5
14152,88,12,MELEE,808,819,824,424,422,423,422,422,0,5,5,5,5
14154,88,12,MELEE,808,819,824,424,422,423,422,422,0,5,5,5,5
14156,88,12,MELEE,808,819,824,424,422,423,422,422,0,5,5,5,5
14158,88,12,MELEE,808,819,824,424,422,423,422,422,0,5,5,5,5
14160,88,12,MELEE,808,819,824,424,422,423,422,422,0,5,5,5,5
14192,77,10,RANGED,808,819,824,424,422,423,422,422,0,5,5,5,5
14194,77,10,RANGED,808,819,824,424,422,423,422,422,0,5,5,5,5
14196,77,10,RANGED,808,819,824,424,422,423,422,422,0,5,5,5,5
14198,77,10,RANGED,808,819,824,424,422,423,422,422,0,5,5,5,5
14200,77,10,RANGED,808,819,824,424,422,423,422,422,0,5,5,5,5
14202,88,12,MELEE,808,819,824,424,422,423,422,422,0,5,5,5,5
14203,88,12,MELEE,808,819,824,424,422,423,422,422,0,5,5,5,5
14204,88,12,MELEE,808,819,824,424,422,423,422,422,0,5,5,5,5
14205,88,12,MELEE,808,819,824,424,422,423,422,422,0,5,5,5,5
14206,88,12,MELEE,808,819,824,424,422,423,422,422,0,5,5,5,5
14287,89,12,MELEE,808,819,824,12030,12029,12029,12029,12028,0,4,4,4,4
14289,89,12,MELEE,808,819,824,12030,12029,12029,12029,12028,0,4,4,4,4
14291,89,12,MELEE,808,819,824,12030,12029,12029,12029,12028,0,4,4,4,4
14293,89,12,MELEE,808,819,824,12030,12029,12029,12029,12028,0,4,4,4,4
14295,89,12,MELEE,808,819,824,12030,12029,12029,12029,12028,0,4,4,4,4
14297,89,12,MELEE,808,819,824,424,400,400,400,400,0,4,4,4,4
14299,89,12,MELEE,808,819,824,424,400,400,400,400,0,4,4,4,4
14301,89,12,MELEE,808,819,824,424,400,400,400,400,0,4,4,4,4
14303,89,12,MELEE,808,819,824,424,400,400,400,400,0,4,4,4,4
14305,89,12,MELEE,808,819,824,424,400,400,400,400,0,4,4,4,4
14307,76,10,MELEE,808,819,824,424,422,423,422,422,0,6,6,6,6
14309,76,10,MELEE,808,819,824,424,422,423,422,422,0,6,6,6,6
14311,76,10,MELEE,808,819,824,424,422,423,422,422,0,6,6,6,6
14313,76,10,MELEE,808,819,824,424,422,423,422,422,0,6,6,6,6
14315,76,10,MELEE,808,819,824,424,422,423,422,422,0,6,6,6,6
14377,90,10,MELEE,809,1146,1210,424,422,423,422,422,0,4,4,4,4
14379,90,10,MELEE,809,1146,1210,424,422,423,422,422,0,4,4,4,4
14381,90,10,MELEE,809,1146,1210,424,422,423,422,422,0,4,4,4,4
14383,90,10,MELEE,809,1146,1210,424,422,423,422,422,0,4,4,4,4
14385,90,10,MELEE,809,1146,1210,424,422,423,422,422,0,4,4,4,4
14433,88,12,MELEE,808,819,824,424,422,423,422,422,0,5,5,5,5
14434,88,12,MELEE,808,819,824,424,422,423,422,422,0,5,5,5,5
14435,88,12,MELEE,808,819,824,424,422,423,422,422,0,5,5,5,5
14436,88,12,MELEE,808,819,824,424,422,423,422,422,0,5,5,5,5
14437,88,12,MELEE,808,819,824,424,422,423,422,422,0,5,5,5,5
14438,88,12,MELEE,808,819,824,424,422,423,422,422,0,5,5,5,5
14439,88,12,MELEE,808,819,824,424,422,423,422,422,0,5,5,5,5
14440,88,12,MELEE,808,819,824,424,422,423,422,422,0,5,5,5,5
14441,88,12,MELEE,808,819,824,424,422,423,422,422,0,5,5,5,5
14442,88,12,MELEE,808,819,824,424,422,423,422,422,0,5,5,5,5
14443,88,12,MELEE,808,819,824,424,422,423,422,422,0,5,5,5,5
14444,88,12,MELEE,808,819,824,424,422,423,422,422,0,5,5,5,5
14445,88,12,MELEE,808,819,824,424,422,423,422,422,0,5,5,5,5
14446,88,12,MELEE,808,819,824,424,422,423,422,422,0,5,5,5,5
14447,88,12,MELEE,808,819,824,424,422,423,422,422,0,5,5,5,5
14448,88,12,MELEE,808,819,824,424,422,423,422,422,0,5,5,5,5
14449,88,12,MELEE,808,819,824,424,422,423,422,422,0,5,5,5,5
14450,88,12,MELEE,808,819,824,424,422,423,422,422,0,5,5,5,5
14451,88,12,MELEE,808,819,824,424,422,423,422,422,0,5,5,5,5
14452,88,12,MELEE,808,819,824,424,422,423,422,422,0,5,5,5,5
14453,88,12,MELEE,808,819,824,424,422,423,422,422,0,5,5,5,5
14454,88,12,MELEE,808,819,824,424,422,423,422,422,0,5,5,5,5
14455,88,12,MELEE,808,819,824,424,422,423,422,422,0,5,5,5,5
14456,88,12,MELEE,808,819,824,424,422,423,422,422,0,5,5,5,5
14457,88,12,MELEE,808,819,824,424,422,423,422,422,0,5,5,5,5
14545,88,12,MELEE,808,819,824,424,422,423,422,422,0,5,5,5,5
14546,88,12,MELEE,808,819,824,424,422,423,422,422,0,5,5,5,5
14547,88,12,MELEE,808,819,824,424,422,423,422,422,0,5,5,5,5
14548,88,12,MELEE,808,819,824,424,422,423,422,422,0,5,5,5,5
14549,88,12,MELEE,808,819,824,424,422,423,422,422,0,5,5,5,5
14550,88,12,MELEE,808,819,824,424,422,423,422,422,0,5,5,5,5
14551,88,12,MELEE,808,819,824,424,422,423,422,422,0,5,5,5,5
14552,88,12,MELEE,808,819,824,424,422,423,422,422,0,5,5,5,5
14553,88,12,MELEE,808,819,824,424,422,423,422,422,0,5,5,5,5
14554,88,12,MELEE,808,819,824,424,422,423,422,422,0,5,5,5,5
14555,88,12,MELEE,808,819,824,424,422,423,422,422,0,5,5,5,5
14556,88,12,MELEE,808,819,824,424,422,423,422,422,0,5,5,5,5
14557,88,12,MELEE,808,819,824,424,422,423,422,422,0,5,5,5,5
14558,88,12,MELEE,808,819,824,424,422,423,422,422,0,5,5,5,5
14559,88,12,MELEE,808,819,824,424,422,423,422,422,0,5,5,5,5
14560,88,12,MELEE,808,819,824,424,422,423,422,422,0,5,5,5,5
14561,88,12,MELEE,808,819,824,424,422,423,422,422,0,5,5,5,5
14562,88,12,MELEE,808,819,824,424,422,423,422,422,0,5,5,5,5
14563,88,12,MELEE,808,819,824,424,422,423,422,422,0,5,5,5,5
14564,88,12,MELEE,808,819,824,424,422,423,422,422,0,5,5,5,5
14565,88,12,MELEE,808,819,824,424,422,423,422,422,0,5,5,5,5
14566,88,12,MELEE,808,819,824,424,422,423,422,422,0,5,5,5,5
14567,88,12,MELEE,808,819,824,424,422,423,422,422,0,5,5,5,5
14568,88,12,MELEE,808,819,824,424,422,423,422,422,0,5,5,5,5
14569,88,12,MELEE,808,819,824,424,422,423,422,422,0,5,5,5,5
14577,88,12,MELEE,808,819,824,424,422,423,422,422,0,5,5,5,5
14578,88,12,MELEE,808,819,824,424,422,423,422,422,0,5,5,5,5
14579,88,12,MELEE,808,819,824,424,422,423,422,422,0,5,5,5,5
14632,88,12,MELEE,808,819,824,424,422,423,422,422,0,5,5,5,5
14679,3796,3799,MELEE,808,819,824,424,422,423,422,422,0,5,5,5,5
14681,3796,3799,MELEE,808,819,824,424,422,423,422,422,0,5,5,5,5
14684,77,10,RANGED,808,819,824,424,4230,4230,4230,4230,0,4,3,4,4
14713,88,12,MELEE,808,819,824,424,422,423,422,422,0,5,5,5,5
14725,88,12,MELEE,808,819,824,424,422,423,422,422,0,5,5,5,5
14728,88,12,MELEE,808,819,824,424,422,423,422,422,0,5,5,5,5
14742,88,12,MELEE,808,819,824,424,422,423,422,422,0,5,5,5,5
7158,82,12,MELEE,7047,7046,7039,424,7041,7048,7041,7041,60,7,7,7,7
1249,84,10,MELEE,813,1146,1210,420,2080,2080,2080,2080,25,5,5,5,5
11730,82,12,MELEE,7047,7046,7039,7050,7041,7041,7049,7048,100,4,4,4,4
10034,473,10,RANGED,808,819,824,3176,2799,2779,2779,2779,0,4,3,4,4
